"id","group","file","input_sha256","variant","coder","generator","selection","original_bytes","codec_body_bytes","requested_k","realized_k","candidate_count","emissions","decoder_table_bytes","count_bits","map_bits","table_bits","padding_bits","payload_bits","state_bytes","stream_fnv64","map_hex","status"
"case-01","synthetic","00-empty.bin","e3b0c44298fc1c149afbf4c8996fb92427ae41e4649b934ca495991b7852b855","huff_reassignment","huffman","reassignment","0","0","3","1","1","12","1","5384","8","0","14","2","0","0","d0ad0d18672e9b13","00000000000000000000000000000000000000000000000000000000000000000000000000000000000000000000000000000000000000000000000000000000000000000000000000000000000000000000000000000000000000000000000000000000000000000000000000000000000000000000000000000000000000000000000000000000000000000000000000000000000000000000000000000000000000000000000000000000000000000000000000000000000000000000000000000000000000000000000000000000000000000000000000000000000000000000000000000000000000000000000000000000000000000000000000000000","PASS"
"case-01","synthetic","00-empty.bin","e3b0c44298fc1c149afbf4c8996fb92427ae41e4649b934ca495991b7852b855","rans_reassignment","rans","reassignment","0","0","38","1","1","12","12","5124","8","0","257","7","0","4","e8e7470a7f1595a4","00000000000000000000000000000000000000000000000000000000000000000000000000000000000000000000000000000000000000000000000000000000000000000000000000000000000000000000000000000000000000000000000000000000000000000000000000000000000000000000000000000000000000000000000000000000000000000000000000000000000000000000000000000000000000000000000000000000000000000000000000000000000000000000000000000000000000000000000000000000000000000000000000000000000000000000000000000000000000000000000000000000000000000000000000000000","PASS"
"case-01","synthetic","00-empty.bin","e3b0c44298fc1c149afbf4c8996fb92427ae41e4649b934ca495991b7852b855","huff_native","huffman","brotli_native_policy","0","0","3","1","1","12","1","5384","8","0","14","2","0","0","d0ad0d18672e9b13","00000000000000000000000000000000000000000000000000000000000000000000000000000000000000000000000000000000000000000000000000000000000000000000000000000000000000000000000000000000000000000000000000000000000000000000000000000000000000000000000000000000000000000000000000000000000000000000000000000000000000000000000000000000000000000000000000000000000000000000000000000000000000000000000000000000000000000000000000000000000000000000000000000000000000000000000000000000000000000000000000000000000000000000000000000000","PASS"
"case-01","synthetic","00-empty.bin","e3b0c44298fc1c149afbf4c8996fb92427ae41e4649b934ca495991b7852b855","rans_native","rans","brotli_native_policy","0","0","38","1","1","12","12","5124","8","0","257","7","0","4","e8e7470a7f1595a4","00000000000000000000000000000000000000000000000000000000000000000000000000000000000000000000000000000000000000000000000000000000000000000000000000000000000000000000000000000000000000000000000000000000000000000000000000000000000000000000000000000000000000000000000000000000000000000000000000000000000000000000000000000000000000000000000000000000000000000000000000000000000000000000000000000000000000000000000000000000000000000000000000000000000000000000000000000000000000000000000000000000000000000000000000000000","PASS"
"case-01","synthetic","00-empty.bin","e3b0c44298fc1c149afbf4c8996fb92427ae41e4649b934ca495991b7852b855","huff_matched","huffman","matched_merge","0","0","3","1","1","12","1","5384","8","0","14","2","0","0","d0ad0d18672e9b13","00000000000000000000000000000000000000000000000000000000000000000000000000000000000000000000000000000000000000000000000000000000000000000000000000000000000000000000000000000000000000000000000000000000000000000000000000000000000000000000000000000000000000000000000000000000000000000000000000000000000000000000000000000000000000000000000000000000000000000000000000000000000000000000000000000000000000000000000000000000000000000000000000000000000000000000000000000000000000000000000000000000000000000000000000000000","PASS"
"case-01","synthetic","00-empty.bin","e3b0c44298fc1c149afbf4c8996fb92427ae41e4649b934ca495991b7852b855","rans_matched","rans","matched_merge","0","0","38","1","1","12","12","5124","8","0","257","7","0","4","e8e7470a7f1595a4","00000000000000000000000000000000000000000000000000000000000000000000000000000000000000000000000000000000000000000000000000000000000000000000000000000000000000000000000000000000000000000000000000000000000000000000000000000000000000000000000000000000000000000000000000000000000000000000000000000000000000000000000000000000000000000000000000000000000000000000000000000000000000000000000000000000000000000000000000000000000000000000000000000000000000000000000000000000000000000000000000000000000000000000000000000000","PASS"
"case-01","synthetic","00-empty.bin","e3b0c44298fc1c149afbf4c8996fb92427ae41e4649b934ca495991b7852b855","huff_init_only","huffman","initialization_only","0","0","3","1","1","12","1","5384","8","0","14","2","0","0","d0ad0d18672e9b13","00000000000000000000000000000000000000000000000000000000000000000000000000000000000000000000000000000000000000000000000000000000000000000000000000000000000000000000000000000000000000000000000000000000000000000000000000000000000000000000000000000000000000000000000000000000000000000000000000000000000000000000000000000000000000000000000000000000000000000000000000000000000000000000000000000000000000000000000000000000000000000000000000000000000000000000000000000000000000000000000000000000000000000000000000000000","PASS"
"case-01","synthetic","00-empty.bin","e3b0c44298fc1c149afbf4c8996fb92427ae41e4649b934ca495991b7852b855","rans_init_only","rans","initialization_only","0","0","38","1","1","12","12","5124","8","0","257","7","0","4","e8e7470a7f1595a4","00000000000000000000000000000000000000000000000000000000000000000000000000000000000000000000000000000000000000000000000000000000000000000000000000000000000000000000000000000000000000000000000000000000000000000000000000000000000000000000000000000000000000000000000000000000000000000000000000000000000000000000000000000000000000000000000000000000000000000000000000000000000000000000000000000000000000000000000000000000000000000000000000000000000000000000000000000000000000000000000000000000000000000000000000000000","PASS"
"case-01","synthetic","00-empty.bin","e3b0c44298fc1c149afbf4c8996fb92427ae41e4649b934ca495991b7852b855","huff_payload_only","huffman","reassignment","1","0","3","1","1","12","1","5384","8","0","14","2","0","0","d0ad0d18672e9b13","00000000000000000000000000000000000000000000000000000000000000000000000000000000000000000000000000000000000000000000000000000000000000000000000000000000000000000000000000000000000000000000000000000000000000000000000000000000000000000000000000000000000000000000000000000000000000000000000000000000000000000000000000000000000000000000000000000000000000000000000000000000000000000000000000000000000000000000000000000000000000000000000000000000000000000000000000000000000000000000000000000000000000000000000000000000","PASS"
"case-01","synthetic","00-empty.bin","e3b0c44298fc1c149afbf4c8996fb92427ae41e4649b934ca495991b7852b855","rans_payload_only","rans","reassignment","1","0","38","1","1","12","12","5124","8","0","257","7","0","4","e8e7470a7f1595a4","00000000000000000000000000000000000000000000000000000000000000000000000000000000000000000000000000000000000000000000000000000000000000000000000000000000000000000000000000000000000000000000000000000000000000000000000000000000000000000000000000000000000000000000000000000000000000000000000000000000000000000000000000000000000000000000000000000000000000000000000000000000000000000000000000000000000000000000000000000000000000000000000000000000000000000000000000000000000000000000000000000000000000000000000000000000","PASS"
"case-01","synthetic","00-empty.bin","e3b0c44298fc1c149afbf4c8996fb92427ae41e4649b934ca495991b7852b855","rans_estimated_total","rans","reassignment","2","0","38","1","1","12","1","5124","8","0","257","7","0","4","e8e7470a7f1595a4","00000000000000000000000000000000000000000000000000000000000000000000000000000000000000000000000000000000000000000000000000000000000000000000000000000000000000000000000000000000000000000000000000000000000000000000000000000000000000000000000000000000000000000000000000000000000000000000000000000000000000000000000000000000000000000000000000000000000000000000000000000000000000000000000000000000000000000000000000000000000000000000000000000000000000000000000000000000000000000000000000000000000000000000000000000000","PASS"
"case-01","synthetic","00-empty.bin","e3b0c44298fc1c149afbf4c8996fb92427ae41e4649b934ca495991b7852b855","huff_single","huffman","reassignment","0","0","3","1","1","1","1","5384","8","0","14","2","0","0","d0ad0d18672e9b13","00000000000000000000000000000000000000000000000000000000000000000000000000000000000000000000000000000000000000000000000000000000000000000000000000000000000000000000000000000000000000000000000000000000000000000000000000000000000000000000000000000000000000000000000000000000000000000000000000000000000000000000000000000000000000000000000000000000000000000000000000000000000000000000000000000000000000000000000000000000000000000000000000000000000000000000000000000000000000000000000000000000000000000000000000000000","PASS"
"case-01","synthetic","00-empty.bin","e3b0c44298fc1c149afbf4c8996fb92427ae41e4649b934ca495991b7852b855","rans_single","rans_highbits","fixed_reference","0","0","38","1","1","1","1","5124","8","0","257","7","0","4","8e55884687d7f85d","00000000000000000000000000000000000000000000000000000000000000000000000000000000000000000000000000000000000000000000000000000000000000000000000000000000000000000000000000000000000000000000000000000000000000000000000000000000000000000000000000000000000000000000000000000000000000000000000000000000000000000000000000000000000000000000000000000000000000000000000000000000000000000000000000000000000000000000000000000000000000000000000000000000000000000000000000000000000000000000000000000000000000000000000000000000","PASS"
"case-01","synthetic","00-empty.bin","e3b0c44298fc1c149afbf4c8996fb92427ae41e4649b934ca495991b7852b855","rans_highbits","rans_highbits","fixed_reference","0","0","38","1","1","9","9","5124","8","0","257","7","0","4","8e55884687d7f85d","00000000000000000000000000000000000000000000000000000000000000000000000000000000000000000000000000000000000000000000000000000000000000000000000000000000000000000000000000000000000000000000000000000000000000000000000000000000000000000000000000000000000000000000000000000000000000000000000000000000000000000000000000000000000000000000000000000000000000000000000000000000000000000000000000000000000000000000000000000000000000000000000000000000000000000000000000000000000000000000000000000000000000000000000000000000","PASS"
"case-01","synthetic","00-empty.bin","e3b0c44298fc1c149afbf4c8996fb92427ae41e4649b934ca495991b7852b855","adaptive_order1","adaptive_order1","fixed_reference","0","0","5","256","256","1","1","132096","0","0","0","0","0","0","d80d6caea7dc7eec","00000000000000000000000000000000000000000000000000000000000000000000000000000000000000000000000000000000000000000000000000000000000000000000000000000000000000000000000000000000000000000000000000000000000000000000000000000000000000000000000000000000000000000000000000000000000000000000000000000000000000000000000000000000000000000000000000000000000000000000000000000000000000000000000000000000000000000000000000000000000000000000000000000000000000000000000000000000000000000000000000000000000000000000000000000000","PASS"
"case-02","synthetic","01-zero.bin","6e340b9cffb37a989ca544e6bb780a2c78901d3fb33738768511a30617afa01d","huff_reassignment","huffman","reassignment","0","1","4","1","1","12","1","5384","8","0","20","3","1","0","8a81187733f4d66f","00000000000000000000000000000000000000000000000000000000000000000000000000000000000000000000000000000000000000000000000000000000000000000000000000000000000000000000000000000000000000000000000000000000000000000000000000000000000000000000000000000000000000000000000000000000000000000000000000000000000000000000000000000000000000000000000000000000000000000000000000000000000000000000000000000000000000000000000000000000000000000000000000000000000000000000000000000000000000000000000000000000000000000000000000000000","PASS"
"case-02","synthetic","01-zero.bin","6e340b9cffb37a989ca544e6bb780a2c78901d3fb33738768511a30617afa01d","rans_reassignment","rans","reassignment","0","1","41","1","1","12","12","5124","8","0","281","7","0","4","da6d55d9d40786e0","00000000000000000000000000000000000000000000000000000000000000000000000000000000000000000000000000000000000000000000000000000000000000000000000000000000000000000000000000000000000000000000000000000000000000000000000000000000000000000000000000000000000000000000000000000000000000000000000000000000000000000000000000000000000000000000000000000000000000000000000000000000000000000000000000000000000000000000000000000000000000000000000000000000000000000000000000000000000000000000000000000000000000000000000000000000","PASS"
"case-02","synthetic","01-zero.bin","6e340b9cffb37a989ca544e6bb780a2c78901d3fb33738768511a30617afa01d","huff_native","huffman","brotli_native_policy","0","1","4","1","1","12","1","5384","8","0","20","3","1","0","8a81187733f4d66f","00000000000000000000000000000000000000000000000000000000000000000000000000000000000000000000000000000000000000000000000000000000000000000000000000000000000000000000000000000000000000000000000000000000000000000000000000000000000000000000000000000000000000000000000000000000000000000000000000000000000000000000000000000000000000000000000000000000000000000000000000000000000000000000000000000000000000000000000000000000000000000000000000000000000000000000000000000000000000000000000000000000000000000000000000000000","PASS"
"case-02","synthetic","01-zero.bin","6e340b9cffb37a989ca544e6bb780a2c78901d3fb33738768511a30617afa01d","rans_native","rans","brotli_native_policy","0","1","41","1","1","12","12","5124","8","0","281","7","0","4","da6d55d9d40786e0","00000000000000000000000000000000000000000000000000000000000000000000000000000000000000000000000000000000000000000000000000000000000000000000000000000000000000000000000000000000000000000000000000000000000000000000000000000000000000000000000000000000000000000000000000000000000000000000000000000000000000000000000000000000000000000000000000000000000000000000000000000000000000000000000000000000000000000000000000000000000000000000000000000000000000000000000000000000000000000000000000000000000000000000000000000000","PASS"
"case-02","synthetic","01-zero.bin","6e340b9cffb37a989ca544e6bb780a2c78901d3fb33738768511a30617afa01d","huff_matched","huffman","matched_merge","0","1","4","1","1","12","1","5384","8","0","20","3","1","0","8a81187733f4d66f","00000000000000000000000000000000000000000000000000000000000000000000000000000000000000000000000000000000000000000000000000000000000000000000000000000000000000000000000000000000000000000000000000000000000000000000000000000000000000000000000000000000000000000000000000000000000000000000000000000000000000000000000000000000000000000000000000000000000000000000000000000000000000000000000000000000000000000000000000000000000000000000000000000000000000000000000000000000000000000000000000000000000000000000000000000000","PASS"
"case-02","synthetic","01-zero.bin","6e340b9cffb37a989ca544e6bb780a2c78901d3fb33738768511a30617afa01d","rans_matched","rans","matched_merge","0","1","41","1","1","12","12","5124","8","0","281","7","0","4","da6d55d9d40786e0","00000000000000000000000000000000000000000000000000000000000000000000000000000000000000000000000000000000000000000000000000000000000000000000000000000000000000000000000000000000000000000000000000000000000000000000000000000000000000000000000000000000000000000000000000000000000000000000000000000000000000000000000000000000000000000000000000000000000000000000000000000000000000000000000000000000000000000000000000000000000000000000000000000000000000000000000000000000000000000000000000000000000000000000000000000000","PASS"
"case-02","synthetic","01-zero.bin","6e340b9cffb37a989ca544e6bb780a2c78901d3fb33738768511a30617afa01d","huff_init_only","huffman","initialization_only","0","1","4","1","1","12","1","5384","8","0","20","3","1","0","8a81187733f4d66f","00000000000000000000000000000000000000000000000000000000000000000000000000000000000000000000000000000000000000000000000000000000000000000000000000000000000000000000000000000000000000000000000000000000000000000000000000000000000000000000000000000000000000000000000000000000000000000000000000000000000000000000000000000000000000000000000000000000000000000000000000000000000000000000000000000000000000000000000000000000000000000000000000000000000000000000000000000000000000000000000000000000000000000000000000000000","PASS"
"case-02","synthetic","01-zero.bin","6e340b9cffb37a989ca544e6bb780a2c78901d3fb33738768511a30617afa01d","rans_init_only","rans","initialization_only","0","1","41","1","1","12","12","5124","8","0","281","7","0","4","da6d55d9d40786e0","00000000000000000000000000000000000000000000000000000000000000000000000000000000000000000000000000000000000000000000000000000000000000000000000000000000000000000000000000000000000000000000000000000000000000000000000000000000000000000000000000000000000000000000000000000000000000000000000000000000000000000000000000000000000000000000000000000000000000000000000000000000000000000000000000000000000000000000000000000000000000000000000000000000000000000000000000000000000000000000000000000000000000000000000000000000","PASS"
"case-02","synthetic","01-zero.bin","6e340b9cffb37a989ca544e6bb780a2c78901d3fb33738768511a30617afa01d","huff_payload_only","huffman","reassignment","1","1","4","1","1","12","1","5384","8","0","20","3","1","0","8a81187733f4d66f","00000000000000000000000000000000000000000000000000000000000000000000000000000000000000000000000000000000000000000000000000000000000000000000000000000000000000000000000000000000000000000000000000000000000000000000000000000000000000000000000000000000000000000000000000000000000000000000000000000000000000000000000000000000000000000000000000000000000000000000000000000000000000000000000000000000000000000000000000000000000000000000000000000000000000000000000000000000000000000000000000000000000000000000000000000000","PASS"
"case-02","synthetic","01-zero.bin","6e340b9cffb37a989ca544e6bb780a2c78901d3fb33738768511a30617afa01d","rans_payload_only","rans","reassignment","1","1","41","1","1","12","12","5124","8","0","281","7","0","4","da6d55d9d40786e0","00000000000000000000000000000000000000000000000000000000000000000000000000000000000000000000000000000000000000000000000000000000000000000000000000000000000000000000000000000000000000000000000000000000000000000000000000000000000000000000000000000000000000000000000000000000000000000000000000000000000000000000000000000000000000000000000000000000000000000000000000000000000000000000000000000000000000000000000000000000000000000000000000000000000000000000000000000000000000000000000000000000000000000000000000000000","PASS"
"case-02","synthetic","01-zero.bin","6e340b9cffb37a989ca544e6bb780a2c78901d3fb33738768511a30617afa01d","rans_estimated_total","rans","reassignment","2","1","41","1","1","12","1","5124","8","0","281","7","0","4","da6d55d9d40786e0","00000000000000000000000000000000000000000000000000000000000000000000000000000000000000000000000000000000000000000000000000000000000000000000000000000000000000000000000000000000000000000000000000000000000000000000000000000000000000000000000000000000000000000000000000000000000000000000000000000000000000000000000000000000000000000000000000000000000000000000000000000000000000000000000000000000000000000000000000000000000000000000000000000000000000000000000000000000000000000000000000000000000000000000000000000000","PASS"
"case-02","synthetic","01-zero.bin","6e340b9cffb37a989ca544e6bb780a2c78901d3fb33738768511a30617afa01d","huff_single","huffman","reassignment","0","1","4","1","1","1","1","5384","8","0","20","3","1","0","8a81187733f4d66f","00000000000000000000000000000000000000000000000000000000000000000000000000000000000000000000000000000000000000000000000000000000000000000000000000000000000000000000000000000000000000000000000000000000000000000000000000000000000000000000000000000000000000000000000000000000000000000000000000000000000000000000000000000000000000000000000000000000000000000000000000000000000000000000000000000000000000000000000000000000000000000000000000000000000000000000000000000000000000000000000000000000000000000000000000000000","PASS"
"case-02","synthetic","01-zero.bin","6e340b9cffb37a989ca544e6bb780a2c78901d3fb33738768511a30617afa01d","rans_single","rans_highbits","fixed_reference","0","1","41","1","1","1","1","5124","8","0","281","7","0","4","f72491d62a9c2373","00000000000000000000000000000000000000000000000000000000000000000000000000000000000000000000000000000000000000000000000000000000000000000000000000000000000000000000000000000000000000000000000000000000000000000000000000000000000000000000000000000000000000000000000000000000000000000000000000000000000000000000000000000000000000000000000000000000000000000000000000000000000000000000000000000000000000000000000000000000000000000000000000000000000000000000000000000000000000000000000000000000000000000000000000000000","PASS"
"case-02","synthetic","01-zero.bin","6e340b9cffb37a989ca544e6bb780a2c78901d3fb33738768511a30617afa01d","rans_highbits","rans_highbits","fixed_reference","0","1","41","1","1","9","9","5124","8","0","281","7","0","4","f72491d62a9c2373","00000000000000000000000000000000000000000000000000000000000000000000000000000000000000000000000000000000000000000000000000000000000000000000000000000000000000000000000000000000000000000000000000000000000000000000000000000000000000000000000000000000000000000000000000000000000000000000000000000000000000000000000000000000000000000000000000000000000000000000000000000000000000000000000000000000000000000000000000000000000000000000000000000000000000000000000000000000000000000000000000000000000000000000000000000000","PASS"
"case-02","synthetic","01-zero.bin","6e340b9cffb37a989ca544e6bb780a2c78901d3fb33738768511a30617afa01d","adaptive_order1","adaptive_order1","fixed_reference","0","1","6","256","256","1","1","132096","0","0","0","0","0","0","fb4e98c73babab04","00000000000000000000000000000000000000000000000000000000000000000000000000000000000000000000000000000000000000000000000000000000000000000000000000000000000000000000000000000000000000000000000000000000000000000000000000000000000000000000000000000000000000000000000000000000000000000000000000000000000000000000000000000000000000000000000000000000000000000000000000000000000000000000000000000000000000000000000000000000000000000000000000000000000000000000000000000000000000000000000000000000000000000000000000000000","PASS"
"case-03","synthetic","02-ff.bin","a8100ae6aa1940d0b663bb31cd466142ebbdbd5187131b92d93818987832eb89","huff_reassignment","huffman","reassignment","0","1","4","1","1","12","1","5384","8","0","20","3","1","0","c4b5db77543cf2bd","00000000000000000000000000000000000000000000000000000000000000000000000000000000000000000000000000000000000000000000000000000000000000000000000000000000000000000000000000000000000000000000000000000000000000000000000000000000000000000000000000000000000000000000000000000000000000000000000000000000000000000000000000000000000000000000000000000000000000000000000000000000000000000000000000000000000000000000000000000000000000000000000000000000000000000000000000000000000000000000000000000000000000000000000000000000","PASS"
"case-03","synthetic","02-ff.bin","a8100ae6aa1940d0b663bb31cd466142ebbdbd5187131b92d93818987832eb89","rans_reassignment","rans","reassignment","0","1","41","1","1","12","12","5124","8","0","281","7","0","4","f55e2f354cb52a64","00000000000000000000000000000000000000000000000000000000000000000000000000000000000000000000000000000000000000000000000000000000000000000000000000000000000000000000000000000000000000000000000000000000000000000000000000000000000000000000000000000000000000000000000000000000000000000000000000000000000000000000000000000000000000000000000000000000000000000000000000000000000000000000000000000000000000000000000000000000000000000000000000000000000000000000000000000000000000000000000000000000000000000000000000000000","PASS"
"case-03","synthetic","02-ff.bin","a8100ae6aa1940d0b663bb31cd466142ebbdbd5187131b92d93818987832eb89","huff_native","huffman","brotli_native_policy","0","1","4","1","1","12","1","5384","8","0","20","3","1","0","c4b5db77543cf2bd","00000000000000000000000000000000000000000000000000000000000000000000000000000000000000000000000000000000000000000000000000000000000000000000000000000000000000000000000000000000000000000000000000000000000000000000000000000000000000000000000000000000000000000000000000000000000000000000000000000000000000000000000000000000000000000000000000000000000000000000000000000000000000000000000000000000000000000000000000000000000000000000000000000000000000000000000000000000000000000000000000000000000000000000000000000000","PASS"
"case-03","synthetic","02-ff.bin","a8100ae6aa1940d0b663bb31cd466142ebbdbd5187131b92d93818987832eb89","rans_native","rans","brotli_native_policy","0","1","41","1","1","12","12","5124","8","0","281","7","0","4","f55e2f354cb52a64","00000000000000000000000000000000000000000000000000000000000000000000000000000000000000000000000000000000000000000000000000000000000000000000000000000000000000000000000000000000000000000000000000000000000000000000000000000000000000000000000000000000000000000000000000000000000000000000000000000000000000000000000000000000000000000000000000000000000000000000000000000000000000000000000000000000000000000000000000000000000000000000000000000000000000000000000000000000000000000000000000000000000000000000000000000000","PASS"
"case-03","synthetic","02-ff.bin","a8100ae6aa1940d0b663bb31cd466142ebbdbd5187131b92d93818987832eb89","huff_matched","huffman","matched_merge","0","1","4","1","1","12","1","5384","8","0","20","3","1","0","c4b5db77543cf2bd","00000000000000000000000000000000000000000000000000000000000000000000000000000000000000000000000000000000000000000000000000000000000000000000000000000000000000000000000000000000000000000000000000000000000000000000000000000000000000000000000000000000000000000000000000000000000000000000000000000000000000000000000000000000000000000000000000000000000000000000000000000000000000000000000000000000000000000000000000000000000000000000000000000000000000000000000000000000000000000000000000000000000000000000000000000000","PASS"
"case-03","synthetic","02-ff.bin","a8100ae6aa1940d0b663bb31cd466142ebbdbd5187131b92d93818987832eb89","rans_matched","rans","matched_merge","0","1","41","1","1","12","12","5124","8","0","281","7","0","4","f55e2f354cb52a64","00000000000000000000000000000000000000000000000000000000000000000000000000000000000000000000000000000000000000000000000000000000000000000000000000000000000000000000000000000000000000000000000000000000000000000000000000000000000000000000000000000000000000000000000000000000000000000000000000000000000000000000000000000000000000000000000000000000000000000000000000000000000000000000000000000000000000000000000000000000000000000000000000000000000000000000000000000000000000000000000000000000000000000000000000000000","PASS"
"case-03","synthetic","02-ff.bin","a8100ae6aa1940d0b663bb31cd466142ebbdbd5187131b92d93818987832eb89","huff_init_only","huffman","initialization_only","0","1","4","1","1","12","1","5384","8","0","20","3","1","0","c4b5db77543cf2bd","00000000000000000000000000000000000000000000000000000000000000000000000000000000000000000000000000000000000000000000000000000000000000000000000000000000000000000000000000000000000000000000000000000000000000000000000000000000000000000000000000000000000000000000000000000000000000000000000000000000000000000000000000000000000000000000000000000000000000000000000000000000000000000000000000000000000000000000000000000000000000000000000000000000000000000000000000000000000000000000000000000000000000000000000000000000","PASS"
"case-03","synthetic","02-ff.bin","a8100ae6aa1940d0b663bb31cd466142ebbdbd5187131b92d93818987832eb89","rans_init_only","rans","initialization_only","0","1","41","1","1","12","12","5124","8","0","281","7","0","4","f55e2f354cb52a64","00000000000000000000000000000000000000000000000000000000000000000000000000000000000000000000000000000000000000000000000000000000000000000000000000000000000000000000000000000000000000000000000000000000000000000000000000000000000000000000000000000000000000000000000000000000000000000000000000000000000000000000000000000000000000000000000000000000000000000000000000000000000000000000000000000000000000000000000000000000000000000000000000000000000000000000000000000000000000000000000000000000000000000000000000000000","PASS"
"case-03","synthetic","02-ff.bin","a8100ae6aa1940d0b663bb31cd466142ebbdbd5187131b92d93818987832eb89","huff_payload_only","huffman","reassignment","1","1","4","1","1","12","1","5384","8","0","20","3","1","0","c4b5db77543cf2bd","00000000000000000000000000000000000000000000000000000000000000000000000000000000000000000000000000000000000000000000000000000000000000000000000000000000000000000000000000000000000000000000000000000000000000000000000000000000000000000000000000000000000000000000000000000000000000000000000000000000000000000000000000000000000000000000000000000000000000000000000000000000000000000000000000000000000000000000000000000000000000000000000000000000000000000000000000000000000000000000000000000000000000000000000000000000","PASS"
"case-03","synthetic","02-ff.bin","a8100ae6aa1940d0b663bb31cd466142ebbdbd5187131b92d93818987832eb89","rans_payload_only","rans","reassignment","1","1","41","1","1","12","12","5124","8","0","281","7","0","4","f55e2f354cb52a64","00000000000000000000000000000000000000000000000000000000000000000000000000000000000000000000000000000000000000000000000000000000000000000000000000000000000000000000000000000000000000000000000000000000000000000000000000000000000000000000000000000000000000000000000000000000000000000000000000000000000000000000000000000000000000000000000000000000000000000000000000000000000000000000000000000000000000000000000000000000000000000000000000000000000000000000000000000000000000000000000000000000000000000000000000000000","PASS"
"case-03","synthetic","02-ff.bin","a8100ae6aa1940d0b663bb31cd466142ebbdbd5187131b92d93818987832eb89","rans_estimated_total","rans","reassignment","2","1","41","1","1","12","1","5124","8","0","281","7","0","4","f55e2f354cb52a64","00000000000000000000000000000000000000000000000000000000000000000000000000000000000000000000000000000000000000000000000000000000000000000000000000000000000000000000000000000000000000000000000000000000000000000000000000000000000000000000000000000000000000000000000000000000000000000000000000000000000000000000000000000000000000000000000000000000000000000000000000000000000000000000000000000000000000000000000000000000000000000000000000000000000000000000000000000000000000000000000000000000000000000000000000000000","PASS"
"case-03","synthetic","02-ff.bin","a8100ae6aa1940d0b663bb31cd466142ebbdbd5187131b92d93818987832eb89","huff_single","huffman","reassignment","0","1","4","1","1","1","1","5384","8","0","20","3","1","0","c4b5db77543cf2bd","00000000000000000000000000000000000000000000000000000000000000000000000000000000000000000000000000000000000000000000000000000000000000000000000000000000000000000000000000000000000000000000000000000000000000000000000000000000000000000000000000000000000000000000000000000000000000000000000000000000000000000000000000000000000000000000000000000000000000000000000000000000000000000000000000000000000000000000000000000000000000000000000000000000000000000000000000000000000000000000000000000000000000000000000000000000","PASS"
"case-03","synthetic","02-ff.bin","a8100ae6aa1940d0b663bb31cd466142ebbdbd5187131b92d93818987832eb89","rans_single","rans_highbits","fixed_reference","0","1","41","1","1","1","1","5124","8","0","281","7","0","4","fd9143cf90c81947","00000000000000000000000000000000000000000000000000000000000000000000000000000000000000000000000000000000000000000000000000000000000000000000000000000000000000000000000000000000000000000000000000000000000000000000000000000000000000000000000000000000000000000000000000000000000000000000000000000000000000000000000000000000000000000000000000000000000000000000000000000000000000000000000000000000000000000000000000000000000000000000000000000000000000000000000000000000000000000000000000000000000000000000000000000000","PASS"
"case-03","synthetic","02-ff.bin","a8100ae6aa1940d0b663bb31cd466142ebbdbd5187131b92d93818987832eb89","rans_highbits","rans_highbits","fixed_reference","0","1","41","1","1","9","9","5124","8","0","281","7","0","4","fd9143cf90c81947","00000000000000000000000000000000000000000000000000000000000000000000000000000000000000000000000000000000000000000000000000000000000000000000000000000000000000000000000000000000000000000000000000000000000000000000000000000000000000000000000000000000000000000000000000000000000000000000000000000000000000000000000000000000000000000000000000000000000000000000000000000000000000000000000000000000000000000000000000000000000000000000000000000000000000000000000000000000000000000000000000000000000000000000000000000000","PASS"
"case-03","synthetic","02-ff.bin","a8100ae6aa1940d0b663bb31cd466142ebbdbd5187131b92d93818987832eb89","adaptive_order1","adaptive_order1","fixed_reference","0","1","5","256","256","1","1","132096","0","0","0","0","0","0","b8e932133cf27a27","00000000000000000000000000000000000000000000000000000000000000000000000000000000000000000000000000000000000000000000000000000000000000000000000000000000000000000000000000000000000000000000000000000000000000000000000000000000000000000000000000000000000000000000000000000000000000000000000000000000000000000000000000000000000000000000000000000000000000000000000000000000000000000000000000000000000000000000000000000000000000000000000000000000000000000000000000000000000000000000000000000000000000000000000000000000","PASS"
"case-04","synthetic","03-repeated.bin","f8ca02c69621dd84cd1212ebfd7d6cdc9ba6ad658854f29567723531912d1a35","huff_reassignment","huffman","reassignment","0","8192","1030","1","1","12","1","5384","8","0","34","6","8192","0","e67a4bac32a6d3b0","00000000000000000000000000000000000000000000000000000000000000000000000000000000000000000000000000000000000000000000000000000000000000000000000000000000000000000000000000000000000000000000000000000000000000000000000000000000000000000000000000000000000000000000000000000000000000000000000000000000000000000000000000000000000000000000000000000000000000000000000000000000000000000000000000000000000000000000000000000000000000000000000000000000000000000000000000000000000000000000000000000000000000000000000000000000","PASS"
"case-04","synthetic","03-repeated.bin","f8ca02c69621dd84cd1212ebfd7d6cdc9ba6ad658854f29567723531912d1a35","rans_reassignment","rans","reassignment","0","8192","41","1","1","12","12","5124","8","0","281","7","0","4","9e5634f45f496552","00000000000000000000000000000000000000000000000000000000000000000000000000000000000000000000000000000000000000000000000000000000000000000000000000000000000000000000000000000000000000000000000000000000000000000000000000000000000000000000000000000000000000000000000000000000000000000000000000000000000000000000000000000000000000000000000000000000000000000000000000000000000000000000000000000000000000000000000000000000000000000000000000000000000000000000000000000000000000000000000000000000000000000000000000000000","PASS"
"case-04","synthetic","03-repeated.bin","f8ca02c69621dd84cd1212ebfd7d6cdc9ba6ad658854f29567723531912d1a35","huff_native","huffman","brotli_native_policy","0","8192","1030","1","1","12","1","5384","8","0","34","6","8192","0","e67a4bac32a6d3b0","00000000000000000000000000000000000000000000000000000000000000000000000000000000000000000000000000000000000000000000000000000000000000000000000000000000000000000000000000000000000000000000000000000000000000000000000000000000000000000000000000000000000000000000000000000000000000000000000000000000000000000000000000000000000000000000000000000000000000000000000000000000000000000000000000000000000000000000000000000000000000000000000000000000000000000000000000000000000000000000000000000000000000000000000000000000","PASS"
"case-04","synthetic","03-repeated.bin","f8ca02c69621dd84cd1212ebfd7d6cdc9ba6ad658854f29567723531912d1a35","rans_native","rans","brotli_native_policy","0","8192","41","1","1","12","12","5124","8","0","281","7","0","4","9e5634f45f496552","00000000000000000000000000000000000000000000000000000000000000000000000000000000000000000000000000000000000000000000000000000000000000000000000000000000000000000000000000000000000000000000000000000000000000000000000000000000000000000000000000000000000000000000000000000000000000000000000000000000000000000000000000000000000000000000000000000000000000000000000000000000000000000000000000000000000000000000000000000000000000000000000000000000000000000000000000000000000000000000000000000000000000000000000000000000","PASS"
"case-04","synthetic","03-repeated.bin","f8ca02c69621dd84cd1212ebfd7d6cdc9ba6ad658854f29567723531912d1a35","huff_matched","huffman","matched_merge","0","8192","1030","1","1","12","1","5384","8","0","34","6","8192","0","e67a4bac32a6d3b0","00000000000000000000000000000000000000000000000000000000000000000000000000000000000000000000000000000000000000000000000000000000000000000000000000000000000000000000000000000000000000000000000000000000000000000000000000000000000000000000000000000000000000000000000000000000000000000000000000000000000000000000000000000000000000000000000000000000000000000000000000000000000000000000000000000000000000000000000000000000000000000000000000000000000000000000000000000000000000000000000000000000000000000000000000000000","PASS"
"case-04","synthetic","03-repeated.bin","f8ca02c69621dd84cd1212ebfd7d6cdc9ba6ad658854f29567723531912d1a35","rans_matched","rans","matched_merge","0","8192","41","1","1","12","12","5124","8","0","281","7","0","4","9e5634f45f496552","00000000000000000000000000000000000000000000000000000000000000000000000000000000000000000000000000000000000000000000000000000000000000000000000000000000000000000000000000000000000000000000000000000000000000000000000000000000000000000000000000000000000000000000000000000000000000000000000000000000000000000000000000000000000000000000000000000000000000000000000000000000000000000000000000000000000000000000000000000000000000000000000000000000000000000000000000000000000000000000000000000000000000000000000000000000","PASS"
"case-04","synthetic","03-repeated.bin","f8ca02c69621dd84cd1212ebfd7d6cdc9ba6ad658854f29567723531912d1a35","huff_init_only","huffman","initialization_only","0","8192","1030","1","1","12","1","5384","8","0","34","6","8192","0","e67a4bac32a6d3b0","00000000000000000000000000000000000000000000000000000000000000000000000000000000000000000000000000000000000000000000000000000000000000000000000000000000000000000000000000000000000000000000000000000000000000000000000000000000000000000000000000000000000000000000000000000000000000000000000000000000000000000000000000000000000000000000000000000000000000000000000000000000000000000000000000000000000000000000000000000000000000000000000000000000000000000000000000000000000000000000000000000000000000000000000000000000","PASS"
"case-04","synthetic","03-repeated.bin","f8ca02c69621dd84cd1212ebfd7d6cdc9ba6ad658854f29567723531912d1a35","rans_init_only","rans","initialization_only","0","8192","41","1","1","12","12","5124","8","0","281","7","0","4","9e5634f45f496552","00000000000000000000000000000000000000000000000000000000000000000000000000000000000000000000000000000000000000000000000000000000000000000000000000000000000000000000000000000000000000000000000000000000000000000000000000000000000000000000000000000000000000000000000000000000000000000000000000000000000000000000000000000000000000000000000000000000000000000000000000000000000000000000000000000000000000000000000000000000000000000000000000000000000000000000000000000000000000000000000000000000000000000000000000000000","PASS"
"case-04","synthetic","03-repeated.bin","f8ca02c69621dd84cd1212ebfd7d6cdc9ba6ad658854f29567723531912d1a35","huff_payload_only","huffman","reassignment","1","8192","1030","1","1","12","1","5384","8","0","34","6","8192","0","e67a4bac32a6d3b0","00000000000000000000000000000000000000000000000000000000000000000000000000000000000000000000000000000000000000000000000000000000000000000000000000000000000000000000000000000000000000000000000000000000000000000000000000000000000000000000000000000000000000000000000000000000000000000000000000000000000000000000000000000000000000000000000000000000000000000000000000000000000000000000000000000000000000000000000000000000000000000000000000000000000000000000000000000000000000000000000000000000000000000000000000000000","PASS"
"case-04","synthetic","03-repeated.bin","f8ca02c69621dd84cd1212ebfd7d6cdc9ba6ad658854f29567723531912d1a35","rans_payload_only","rans","reassignment","1","8192","41","1","1","12","12","5124","8","0","281","7","0","4","9e5634f45f496552","00000000000000000000000000000000000000000000000000000000000000000000000000000000000000000000000000000000000000000000000000000000000000000000000000000000000000000000000000000000000000000000000000000000000000000000000000000000000000000000000000000000000000000000000000000000000000000000000000000000000000000000000000000000000000000000000000000000000000000000000000000000000000000000000000000000000000000000000000000000000000000000000000000000000000000000000000000000000000000000000000000000000000000000000000000000","PASS"
"case-04","synthetic","03-repeated.bin","f8ca02c69621dd84cd1212ebfd7d6cdc9ba6ad658854f29567723531912d1a35","rans_estimated_total","rans","reassignment","2","8192","41","1","1","12","1","5124","8","0","281","7","0","4","9e5634f45f496552","00000000000000000000000000000000000000000000000000000000000000000000000000000000000000000000000000000000000000000000000000000000000000000000000000000000000000000000000000000000000000000000000000000000000000000000000000000000000000000000000000000000000000000000000000000000000000000000000000000000000000000000000000000000000000000000000000000000000000000000000000000000000000000000000000000000000000000000000000000000000000000000000000000000000000000000000000000000000000000000000000000000000000000000000000000000","PASS"
"case-04","synthetic","03-repeated.bin","f8ca02c69621dd84cd1212ebfd7d6cdc9ba6ad658854f29567723531912d1a35","huff_single","huffman","reassignment","0","8192","1030","1","1","1","1","5384","8","0","34","6","8192","0","e67a4bac32a6d3b0","00000000000000000000000000000000000000000000000000000000000000000000000000000000000000000000000000000000000000000000000000000000000000000000000000000000000000000000000000000000000000000000000000000000000000000000000000000000000000000000000000000000000000000000000000000000000000000000000000000000000000000000000000000000000000000000000000000000000000000000000000000000000000000000000000000000000000000000000000000000000000000000000000000000000000000000000000000000000000000000000000000000000000000000000000000000","PASS"
"case-04","synthetic","03-repeated.bin","f8ca02c69621dd84cd1212ebfd7d6cdc9ba6ad658854f29567723531912d1a35","rans_single","rans_highbits","fixed_reference","0","8192","41","1","1","1","1","5124","8","0","281","7","0","4","cab169a857a8f865","00000000000000000000000000000000000000000000000000000000000000000000000000000000000000000000000000000000000000000000000000000000000000000000000000000000000000000000000000000000000000000000000000000000000000000000000000000000000000000000000000000000000000000000000000000000000000000000000000000000000000000000000000000000000000000000000000000000000000000000000000000000000000000000000000000000000000000000000000000000000000000000000000000000000000000000000000000000000000000000000000000000000000000000000000000000","PASS"
"case-04","synthetic","03-repeated.bin","f8ca02c69621dd84cd1212ebfd7d6cdc9ba6ad658854f29567723531912d1a35","rans_highbits","rans_highbits","fixed_reference","0","8192","41","1","1","9","9","5124","8","0","281","7","0","4","cab169a857a8f865","00000000000000000000000000000000000000000000000000000000000000000000000000000000000000000000000000000000000000000000000000000000000000000000000000000000000000000000000000000000000000000000000000000000000000000000000000000000000000000000000000000000000000000000000000000000000000000000000000000000000000000000000000000000000000000000000000000000000000000000000000000000000000000000000000000000000000000000000000000000000000000000000000000000000000000000000000000000000000000000000000000000000000000000000000000000","PASS"
"case-04","synthetic","03-repeated.bin","f8ca02c69621dd84cd1212ebfd7d6cdc9ba6ad658854f29567723531912d1a35","adaptive_order1","adaptive_order1","fixed_reference","0","8192","25","256","256","1","1","132096","0","0","0","0","0","0","b9e1e773d73d105b","00000000000000000000000000000000000000000000000000000000000000000000000000000000000000000000000000000000000000000000000000000000000000000000000000000000000000000000000000000000000000000000000000000000000000000000000000000000000000000000000000000000000000000000000000000000000000000000000000000000000000000000000000000000000000000000000000000000000000000000000000000000000000000000000000000000000000000000000000000000000000000000000000000000000000000000000000000000000000000000000000000000000000000000000000000000","PASS"
"case-05","synthetic","04-alphabet.bin","40aff2e9d2d8922e47afd4648e6967497158785fbd1da870e7110266bf944880","huff_reassignment","huffman","reassignment","0","256","449","1","1","12","1","5384","8","0","1536","0","2048","0","1f5da8938f753cac","00000000000000000000000000000000000000000000000000000000000000000000000000000000000000000000000000000000000000000000000000000000000000000000000000000000000000000000000000000000000000000000000000000000000000000000000000000000000000000000000000000000000000000000000000000000000000000000000000000000000000000000000000000000000000000000000000000000000000000000000000000000000000000000000000000000000000000000000000000000000000000000000000000000000000000000000000000000000000000000000000000000000000000000000000000000","PASS"
"case-05","synthetic","04-alphabet.bin","40aff2e9d2d8922e47afd4648e6967497158785fbd1da870e7110266bf944880","rans_reassignment","rans","reassignment","0","256","550","1","1","12","12","5124","8","0","2305","7","2048","4","67c5233eb847f504","00000000000000000000000000000000000000000000000000000000000000000000000000000000000000000000000000000000000000000000000000000000000000000000000000000000000000000000000000000000000000000000000000000000000000000000000000000000000000000000000000000000000000000000000000000000000000000000000000000000000000000000000000000000000000000000000000000000000000000000000000000000000000000000000000000000000000000000000000000000000000000000000000000000000000000000000000000000000000000000000000000000000000000000000000000000","PASS"
"case-05","synthetic","04-alphabet.bin","40aff2e9d2d8922e47afd4648e6967497158785fbd1da870e7110266bf944880","huff_native","huffman","brotli_native_policy","0","256","449","1","1","12","1","5384","8","0","1536","0","2048","0","1f5da8938f753cac","00000000000000000000000000000000000000000000000000000000000000000000000000000000000000000000000000000000000000000000000000000000000000000000000000000000000000000000000000000000000000000000000000000000000000000000000000000000000000000000000000000000000000000000000000000000000000000000000000000000000000000000000000000000000000000000000000000000000000000000000000000000000000000000000000000000000000000000000000000000000000000000000000000000000000000000000000000000000000000000000000000000000000000000000000000000","PASS"
"case-05","synthetic","04-alphabet.bin","40aff2e9d2d8922e47afd4648e6967497158785fbd1da870e7110266bf944880","rans_native","rans","brotli_native_policy","0","256","550","1","1","12","12","5124","8","0","2305","7","2048","4","67c5233eb847f504","00000000000000000000000000000000000000000000000000000000000000000000000000000000000000000000000000000000000000000000000000000000000000000000000000000000000000000000000000000000000000000000000000000000000000000000000000000000000000000000000000000000000000000000000000000000000000000000000000000000000000000000000000000000000000000000000000000000000000000000000000000000000000000000000000000000000000000000000000000000000000000000000000000000000000000000000000000000000000000000000000000000000000000000000000000000","PASS"
"case-05","synthetic","04-alphabet.bin","40aff2e9d2d8922e47afd4648e6967497158785fbd1da870e7110266bf944880","huff_matched","huffman","matched_merge","0","256","449","1","1","12","1","5384","8","0","1536","0","2048","0","1f5da8938f753cac","00000000000000000000000000000000000000000000000000000000000000000000000000000000000000000000000000000000000000000000000000000000000000000000000000000000000000000000000000000000000000000000000000000000000000000000000000000000000000000000000000000000000000000000000000000000000000000000000000000000000000000000000000000000000000000000000000000000000000000000000000000000000000000000000000000000000000000000000000000000000000000000000000000000000000000000000000000000000000000000000000000000000000000000000000000000","PASS"
"case-05","synthetic","04-alphabet.bin","40aff2e9d2d8922e47afd4648e6967497158785fbd1da870e7110266bf944880","rans_matched","rans","matched_merge","0","256","550","1","1","12","12","5124","8","0","2305","7","2048","4","67c5233eb847f504","00000000000000000000000000000000000000000000000000000000000000000000000000000000000000000000000000000000000000000000000000000000000000000000000000000000000000000000000000000000000000000000000000000000000000000000000000000000000000000000000000000000000000000000000000000000000000000000000000000000000000000000000000000000000000000000000000000000000000000000000000000000000000000000000000000000000000000000000000000000000000000000000000000000000000000000000000000000000000000000000000000000000000000000000000000000","PASS"
"case-05","synthetic","04-alphabet.bin","40aff2e9d2d8922e47afd4648e6967497158785fbd1da870e7110266bf944880","huff_init_only","huffman","initialization_only","0","256","449","1","1","12","1","5384","8","0","1536","0","2048","0","1f5da8938f753cac","00000000000000000000000000000000000000000000000000000000000000000000000000000000000000000000000000000000000000000000000000000000000000000000000000000000000000000000000000000000000000000000000000000000000000000000000000000000000000000000000000000000000000000000000000000000000000000000000000000000000000000000000000000000000000000000000000000000000000000000000000000000000000000000000000000000000000000000000000000000000000000000000000000000000000000000000000000000000000000000000000000000000000000000000000000000","PASS"
"case-05","synthetic","04-alphabet.bin","40aff2e9d2d8922e47afd4648e6967497158785fbd1da870e7110266bf944880","rans_init_only","rans","initialization_only","0","256","550","1","1","12","12","5124","8","0","2305","7","2048","4","67c5233eb847f504","00000000000000000000000000000000000000000000000000000000000000000000000000000000000000000000000000000000000000000000000000000000000000000000000000000000000000000000000000000000000000000000000000000000000000000000000000000000000000000000000000000000000000000000000000000000000000000000000000000000000000000000000000000000000000000000000000000000000000000000000000000000000000000000000000000000000000000000000000000000000000000000000000000000000000000000000000000000000000000000000000000000000000000000000000000000","PASS"
"case-05","synthetic","04-alphabet.bin","40aff2e9d2d8922e47afd4648e6967497158785fbd1da870e7110266bf944880","huff_payload_only","huffman","reassignment","1","256","1004","64","64","12","1","344576","8","1536","5974","1","513","0","2960993858ce24e9","000102030405060708090a0b0c0d0e0f101112131415161718191a1b1c1d1e1f202122232425262728292a2b2c2d2e2f303132333435363738393a3b3c3d3e3f000102030405060708090a0b0c0d0e0f101112131415161718191a1b1c1d1e1f202122232425262728292a2b2c2d2e2f303132333435363738393a3b3c3d3e3f000102030405060708090a0b0c0d0e0f101112131415161718191a1b1c1d1e1f202122232425262728292a2b2c2d2e2f303132333435363738393a3b3c3d3e3f000102030405060708090a0b0c0d0e0f101112131415161718191a1b1c1d1e1f202122232425262728292a2b2c2d2e2f303132333435363738393a3b3c3d3e00","PASS"
"case-05","synthetic","04-alphabet.bin","40aff2e9d2d8922e47afd4648e6967497158785fbd1da870e7110266bf944880","rans_payload_only","rans","reassignment","1","256","2956","64","64","12","12","327936","8","1536","21558","2","512","4","91b934aae71954fb","000102030405060708090a0b0c0d0e0f101112131415161718191a1b1c1d1e1f202122232425262728292a2b2c2d2e2f303132333435363738393a3b3c3d3e3f000102030405060708090a0b0c0d0e0f101112131415161718191a1b1c1d1e1f202122232425262728292a2b2c2d2e2f303132333435363738393a3b3c3d3e3f000102030405060708090a0b0c0d0e0f101112131415161718191a1b1c1d1e1f202122232425262728292a2b2c2d2e2f303132333435363738393a3b3c3d3e3f000102030405060708090a0b0c0d0e0f101112131415161718191a1b1c1d1e1f202122232425262728292a2b2c2d2e2f303132333435363738393a3b3c3d3e00","PASS"
"case-05","synthetic","04-alphabet.bin","40aff2e9d2d8922e47afd4648e6967497158785fbd1da870e7110266bf944880","rans_estimated_total","rans","reassignment","2","256","550","1","1","12","1","5124","8","0","2305","7","2048","4","67c5233eb847f504","00000000000000000000000000000000000000000000000000000000000000000000000000000000000000000000000000000000000000000000000000000000000000000000000000000000000000000000000000000000000000000000000000000000000000000000000000000000000000000000000000000000000000000000000000000000000000000000000000000000000000000000000000000000000000000000000000000000000000000000000000000000000000000000000000000000000000000000000000000000000000000000000000000000000000000000000000000000000000000000000000000000000000000000000000000000","PASS"
"case-05","synthetic","04-alphabet.bin","40aff2e9d2d8922e47afd4648e6967497158785fbd1da870e7110266bf944880","huff_single","huffman","reassignment","0","256","449","1","1","1","1","5384","8","0","1536","0","2048","0","1f5da8938f753cac","00000000000000000000000000000000000000000000000000000000000000000000000000000000000000000000000000000000000000000000000000000000000000000000000000000000000000000000000000000000000000000000000000000000000000000000000000000000000000000000000000000000000000000000000000000000000000000000000000000000000000000000000000000000000000000000000000000000000000000000000000000000000000000000000000000000000000000000000000000000000000000000000000000000000000000000000000000000000000000000000000000000000000000000000000000000","PASS"
"case-05","synthetic","04-alphabet.bin","40aff2e9d2d8922e47afd4648e6967497158785fbd1da870e7110266bf944880","rans_single","rans_highbits","fixed_reference","0","256","550","1","1","1","1","5124","8","0","2305","7","2048","4","288657fd7821933d","00000000000000000000000000000000000000000000000000000000000000000000000000000000000000000000000000000000000000000000000000000000000000000000000000000000000000000000000000000000000000000000000000000000000000000000000000000000000000000000000000000000000000000000000000000000000000000000000000000000000000000000000000000000000000000000000000000000000000000000000000000000000000000000000000000000000000000000000000000000000000000000000000000000000000000000000000000000000000000000000000000000000000000000000000000000","PASS"
"case-05","synthetic","04-alphabet.bin","40aff2e9d2d8922e47afd4648e6967497158785fbd1da870e7110266bf944880","rans_highbits","rans_highbits","fixed_reference","0","256","550","1","1","9","9","5124","8","0","2305","7","2048","4","288657fd7821933d","00000000000000000000000000000000000000000000000000000000000000000000000000000000000000000000000000000000000000000000000000000000000000000000000000000000000000000000000000000000000000000000000000000000000000000000000000000000000000000000000000000000000000000000000000000000000000000000000000000000000000000000000000000000000000000000000000000000000000000000000000000000000000000000000000000000000000000000000000000000000000000000000000000000000000000000000000000000000000000000000000000000000000000000000000000000","PASS"
"case-05","synthetic","04-alphabet.bin","40aff2e9d2d8922e47afd4648e6967497158785fbd1da870e7110266bf944880","adaptive_order1","adaptive_order1","fixed_reference","0","256","261","256","256","1","1","132096","0","0","0","0","0","0","317acc105c027b4a","00000000000000000000000000000000000000000000000000000000000000000000000000000000000000000000000000000000000000000000000000000000000000000000000000000000000000000000000000000000000000000000000000000000000000000000000000000000000000000000000000000000000000000000000000000000000000000000000000000000000000000000000000000000000000000000000000000000000000000000000000000000000000000000000000000000000000000000000000000000000000000000000000000000000000000000000000000000000000000000000000000000000000000000000000000000","PASS"
"case-06","synthetic","05-cycle.bin","dc404a613fedaeb54034514bc6505f56b933caa5250299ba7d094377a51caa46","huff_reassignment","huffman","reassignment","0","8192","2993","64","64","12","1","344576","8","1536","5980","3","16417","0","4bf532a1da7ae563","000102030405060708090a0b0c0d0e0f101112131415161718191a1b1c1d1e1f202122232425262728292a2b2c2d2e2f303132333435363738393a3b3c3d3e3f000102030405060708090a0b0c0d0e0f101112131415161718191a1b1c1d1e1f202122232425262728292a2b2c2d2e2f303132333435363738393a3b3c3d3e3f000102030405060708090a0b0c0d0e0f101112131415161718191a1b1c1d1e1f202122232425262728292a2b2c2d2e2f303132333435363738393a3b3c3d3e3f000102030405060708090a0b0c0d0e0f101112131415161718191a1b1c1d1e1f202122232425262728292a2b2c2d2e2f303132333435363738393a3b3c3d3e3f","PASS"
"case-06","synthetic","05-cycle.bin","dc404a613fedaeb54034514bc6505f56b933caa5250299ba7d094377a51caa46","rans_reassignment","rans","reassignment","0","8192","4795","48","48","12","12","245952","8","1536","16952","0","19832","4","da121c7340d885ce","000102030405060708090a0b0c0d0e0f101112131415161718191a1b1c1d1e1f202122232425262728292a2b2c2d2e2f000102030405060708090a0b0c0d0e0f101112131415161718191a1b1c1d1e1f202122232425262728292a2b2c2d2e2f000102030405060708090a0b0c0d0e0f101112131415161718191a1b1c1d1e1f202122232425262728292a2b2c2d2e2f000102030405060708090a0b0c0d0e0f101112131415161718191a1b1c1d1e1f202122232425262728292a2b2c2d2e2f000102030405060708090a0b0c0d0e0f101112131415161718191a1b1c1d1e1f202122232425262728292a2b2c2d2e2f000102030405060708090a0b0c0d0e0f","PASS"
"case-06","synthetic","05-cycle.bin","dc404a613fedaeb54034514bc6505f56b933caa5250299ba7d094377a51caa46","huff_native","huffman","brotli_native_policy","0","8192","6456","4","4","12","1","21536","8","512","1654","3","49471","0","d7e13e609fbed24c","00000000000000000000000000000000000000000000000000000000000000000000000000000000000000000000000000000000000000000000000000010101020202020202020202020202020202020202020202020202020202020202020202020202020202020202020202020202020202020202020202020202020101010303030303030303030303030303030303030303030303030303030303030303030303030303030303030303030303030303030303030303030303030301010101010101010101010101010101010101010101010101010101010101010101010101010101010101010101010101010101010101010101010101010101010101","PASS"
"case-06","synthetic","05-cycle.bin","dc404a613fedaeb54034514bc6505f56b933caa5250299ba7d094377a51caa46","rans_native","rans","brotli_native_policy","0","8192","6713","4","4","12","12","20496","8","512","3958","2","49192","4","6588891d93a991ea","00000000000000000000000000000000000000000000000000000000000000000000000000000000000000000000000000000000000000000000000000010101020202020202020202020202020202020202020202020202020202020202020202020202020202020202020202020202020202020202020202020202020101010303030303030303030303030303030303030303030303030303030303030303030303030303030303030303030303030303030303030303030303030301010101010101010101010101010101010101010101010101010101010101010101010101010101010101010101010101010101010101010101010101010101010101","PASS"
"case-06","synthetic","05-cycle.bin","dc404a613fedaeb54034514bc6505f56b933caa5250299ba7d094377a51caa46","huff_matched","huffman","matched_merge","0","8192","4784","64","63","12","1","339192","8","1536","3278","4","33446","0","d3217c8b77729c06","000000000000000000000000000000000000000000000000000000000000000000000000000000000000000000000000000000000000000000000000000000000000000000000000000000000000000000000000000000000000000000000000000000000000000000000000000000000000000000000000000000000000000000000101020203030404050506060707080809090a0a0b0b0c0c0d0d0e0e0f0f10101111121213131414151516161717181819191a1a1b1b1c1c1d1d1e1e1f1f20202121222223232424252526262727282829292a2a2b2b2c2c2d2d2e2e2f2f30303131323233333434353536363737383839393a3a3b3b3c3c3d3d3e3e3e3e","PASS"
"case-06","synthetic","05-cycle.bin","dc404a613fedaeb54034514bc6505f56b933caa5250299ba7d094377a51caa46","rans_matched","rans","matched_merge","0","8192","4840","32","32","12","12","163968","8","1280","12824","0","24576","4","ba90d7e997c00cf1","00000000000000000101010101010101020202020202020203030303030303030404040404040404050505050505050506060606060606060707070707070707080808080808080809090909090909090a0a0a0a0a0a0a0a0b0b0b0b0b0b0b0b0c0c0c0c0c0c0c0c0d0d0d0d0d0d0d0d0e0e0e0e0e0e0e0e0f0f0f0f0f0f0f0f10101010101010101111111111111111121212121212121213131313131313131414141414141414151515151515151516161616161616161717171717171717181818181818181819191919191919191a1a1a1a1a1a1a1a1b1b1b1b1b1b1b1b1c1c1c1c1c1c1c1c1d1d1d1d1d1d1d1d1e1e1e1e1e1e1e1e1f1f1f1f1f1f1f1f","PASS"
"case-06","synthetic","05-cycle.bin","dc404a613fedaeb54034514bc6505f56b933caa5250299ba7d094377a51caa46","huff_init_only","huffman","initialization_only","0","8192","2993","64","64","12","1","344576","8","1536","5980","3","16417","0","4bf532a1da7ae563","000102030405060708090a0b0c0d0e0f101112131415161718191a1b1c1d1e1f202122232425262728292a2b2c2d2e2f303132333435363738393a3b3c3d3e3f000102030405060708090a0b0c0d0e0f101112131415161718191a1b1c1d1e1f202122232425262728292a2b2c2d2e2f303132333435363738393a3b3c3d3e3f000102030405060708090a0b0c0d0e0f101112131415161718191a1b1c1d1e1f202122232425262728292a2b2c2d2e2f303132333435363738393a3b3c3d3e3f000102030405060708090a0b0c0d0e0f101112131415161718191a1b1c1d1e1f202122232425262728292a2b2c2d2e2f303132333435363738393a3b3c3d3e3f","PASS"
"case-06","synthetic","05-cycle.bin","dc404a613fedaeb54034514bc6505f56b933caa5250299ba7d094377a51caa46","rans_init_only","rans","initialization_only","0","8192","4795","48","48","12","12","245952","8","1536","16952","0","19832","4","da121c7340d885ce","000102030405060708090a0b0c0d0e0f101112131415161718191a1b1c1d1e1f202122232425262728292a2b2c2d2e2f000102030405060708090a0b0c0d0e0f101112131415161718191a1b1c1d1e1f202122232425262728292a2b2c2d2e2f000102030405060708090a0b0c0d0e0f101112131415161718191a1b1c1d1e1f202122232425262728292a2b2c2d2e2f000102030405060708090a0b0c0d0e0f101112131415161718191a1b1c1d1e1f202122232425262728292a2b2c2d2e2f000102030405060708090a0b0c0d0e0f101112131415161718191a1b1c1d1e1f202122232425262728292a2b2c2d2e2f000102030405060708090a0b0c0d0e0f","PASS"
"case-06","synthetic","05-cycle.bin","dc404a613fedaeb54034514bc6505f56b933caa5250299ba7d094377a51caa46","huff_payload_only","huffman","reassignment","1","8192","2993","64","64","12","1","344576","8","1536","5980","3","16417","0","4bf532a1da7ae563","000102030405060708090a0b0c0d0e0f101112131415161718191a1b1c1d1e1f202122232425262728292a2b2c2d2e2f303132333435363738393a3b3c3d3e3f000102030405060708090a0b0c0d0e0f101112131415161718191a1b1c1d1e1f202122232425262728292a2b2c2d2e2f303132333435363738393a3b3c3d3e3f000102030405060708090a0b0c0d0e0f101112131415161718191a1b1c1d1e1f202122232425262728292a2b2c2d2e2f303132333435363738393a3b3c3d3e3f000102030405060708090a0b0c0d0e0f101112131415161718191a1b1c1d1e1f202122232425262728292a2b2c2d2e2f303132333435363738393a3b3c3d3e3f","PASS"
"case-06","synthetic","05-cycle.bin","dc404a613fedaeb54034514bc6505f56b933caa5250299ba7d094377a51caa46","rans_payload_only","rans","reassignment","1","8192","4941","64","64","12","12","327936","8","1536","21568","0","16384","4","15acf3b166273bf0","000102030405060708090a0b0c0d0e0f101112131415161718191a1b1c1d1e1f202122232425262728292a2b2c2d2e2f303132333435363738393a3b3c3d3e3f000102030405060708090a0b0c0d0e0f101112131415161718191a1b1c1d1e1f202122232425262728292a2b2c2d2e2f303132333435363738393a3b3c3d3e3f000102030405060708090a0b0c0d0e0f101112131415161718191a1b1c1d1e1f202122232425262728292a2b2c2d2e2f303132333435363738393a3b3c3d3e3f000102030405060708090a0b0c0d0e0f101112131415161718191a1b1c1d1e1f202122232425262728292a2b2c2d2e2f303132333435363738393a3b3c3d3e3f","PASS"
"case-06","synthetic","05-cycle.bin","dc404a613fedaeb54034514bc6505f56b933caa5250299ba7d094377a51caa46","rans_estimated_total","rans","reassignment","2","8192","4795","48","48","12","1","245952","8","1536","16952","0","19832","4","da121c7340d885ce","000102030405060708090a0b0c0d0e0f101112131415161718191a1b1c1d1e1f202122232425262728292a2b2c2d2e2f000102030405060708090a0b0c0d0e0f101112131415161718191a1b1c1d1e1f202122232425262728292a2b2c2d2e2f000102030405060708090a0b0c0d0e0f101112131415161718191a1b1c1d1e1f202122232425262728292a2b2c2d2e2f000102030405060708090a0b0c0d0e0f101112131415161718191a1b1c1d1e1f202122232425262728292a2b2c2d2e2f000102030405060708090a0b0c0d0e0f101112131415161718191a1b1c1d1e1f202122232425262728292a2b2c2d2e2f000102030405060708090a0b0c0d0e0f","PASS"
"case-06","synthetic","05-cycle.bin","dc404a613fedaeb54034514bc6505f56b933caa5250299ba7d094377a51caa46","huff_single","huffman","reassignment","0","8192","8385","1","1","1","1","5384","8","0","1536","0","65536","0","7c0229ea547256ac","00000000000000000000000000000000000000000000000000000000000000000000000000000000000000000000000000000000000000000000000000000000000000000000000000000000000000000000000000000000000000000000000000000000000000000000000000000000000000000000000000000000000000000000000000000000000000000000000000000000000000000000000000000000000000000000000000000000000000000000000000000000000000000000000000000000000000000000000000000000000000000000000000000000000000000000000000000000000000000000000000000000000000000000000000000000","PASS"
"case-06","synthetic","05-cycle.bin","dc404a613fedaeb54034514bc6505f56b933caa5250299ba7d094377a51caa46","rans_single","rans_highbits","fixed_reference","0","8192","8486","1","1","1","1","5124","8","0","2305","7","65536","4","28e367a08e2dd73d","00000000000000000000000000000000000000000000000000000000000000000000000000000000000000000000000000000000000000000000000000000000000000000000000000000000000000000000000000000000000000000000000000000000000000000000000000000000000000000000000000000000000000000000000000000000000000000000000000000000000000000000000000000000000000000000000000000000000000000000000000000000000000000000000000000000000000000000000000000000000000000000000000000000000000000000000000000000000000000000000000000000000000000000000000000000","PASS"
"case-06","synthetic","05-cycle.bin","dc404a613fedaeb54034514bc6505f56b933caa5250299ba7d094377a51caa46","rans_highbits","rans_highbits","fixed_reference","0","8192","4680","32","32","9","9","163968","8","0","12824","0","24576","4","9868f128e95879dc","00000000000000000101010101010101020202020202020203030303030303030404040404040404050505050505050506060606060606060707070707070707080808080808080809090909090909090a0a0a0a0a0a0a0a0b0b0b0b0b0b0b0b0c0c0c0c0c0c0c0c0d0d0d0d0d0d0d0d0e0e0e0e0e0e0e0e0f0f0f0f0f0f0f0f10101010101010101111111111111111121212121212121213131313131313131414141414141414151515151515151516161616161616161717171717171717181818181818181819191919191919191a1a1a1a1a1a1a1a1b1b1b1b1b1b1b1b1c1c1c1c1c1c1c1c1d1d1d1d1d1d1d1d1e1e1e1e1e1e1e1e1f1f1f1f1f1f1f1f","PASS"
"case-06","synthetic","05-cycle.bin","dc404a613fedaeb54034514bc6505f56b933caa5250299ba7d094377a51caa46","adaptive_order1","adaptive_order1","fixed_reference","0","8192","1258","256","256","1","1","132096","0","0","0","0","0","0","0ccc4f84454697e1","00000000000000000000000000000000000000000000000000000000000000000000000000000000000000000000000000000000000000000000000000000000000000000000000000000000000000000000000000000000000000000000000000000000000000000000000000000000000000000000000000000000000000000000000000000000000000000000000000000000000000000000000000000000000000000000000000000000000000000000000000000000000000000000000000000000000000000000000000000000000000000000000000000000000000000000000000000000000000000000000000000000000000000000000000000000","PASS"
"case-07","synthetic","06-random.bin","fec7b76db5e42fbce97a96154a1679607d4fc31f6dc0fe40c0df6232d032bf49","huff_reassignment","huffman","reassignment","0","8192","8382","1","1","12","1","5384","8","0","1536","1","65511","0","9e8fcc7ef0494675","00000000000000000000000000000000000000000000000000000000000000000000000000000000000000000000000000000000000000000000000000000000000000000000000000000000000000000000000000000000000000000000000000000000000000000000000000000000000000000000000000000000000000000000000000000000000000000000000000000000000000000000000000000000000000000000000000000000000000000000000000000000000000000000000000000000000000000000000000000000000000000000000000000000000000000000000000000000000000000000000000000000000000000000000000000000","PASS"
"case-07","synthetic","06-random.bin","fec7b76db5e42fbce97a96154a1679607d4fc31f6dc0fe40c0df6232d032bf49","rans_reassignment","rans","reassignment","0","8192","8453","1","1","12","12","5124","8","0","2133","3","65448","4","eda679e500eb1db8","00000000000000000000000000000000000000000000000000000000000000000000000000000000000000000000000000000000000000000000000000000000000000000000000000000000000000000000000000000000000000000000000000000000000000000000000000000000000000000000000000000000000000000000000000000000000000000000000000000000000000000000000000000000000000000000000000000000000000000000000000000000000000000000000000000000000000000000000000000000000000000000000000000000000000000000000000000000000000000000000000000000000000000000000000000000","PASS"
"case-07","synthetic","06-random.bin","fec7b76db5e42fbce97a96154a1679607d4fc31f6dc0fe40c0df6232d032bf49","huff_native","huffman","brotli_native_policy","0","8192","8382","1","1","12","1","5384","8","0","1536","1","65511","0","9e8fcc7ef0494675","00000000000000000000000000000000000000000000000000000000000000000000000000000000000000000000000000000000000000000000000000000000000000000000000000000000000000000000000000000000000000000000000000000000000000000000000000000000000000000000000000000000000000000000000000000000000000000000000000000000000000000000000000000000000000000000000000000000000000000000000000000000000000000000000000000000000000000000000000000000000000000000000000000000000000000000000000000000000000000000000000000000000000000000000000000000","PASS"
"case-07","synthetic","06-random.bin","fec7b76db5e42fbce97a96154a1679607d4fc31f6dc0fe40c0df6232d032bf49","rans_native","rans","brotli_native_policy","0","8192","8453","1","1","12","12","5124","8","0","2133","3","65448","4","eda679e500eb1db8","00000000000000000000000000000000000000000000000000000000000000000000000000000000000000000000000000000000000000000000000000000000000000000000000000000000000000000000000000000000000000000000000000000000000000000000000000000000000000000000000000000000000000000000000000000000000000000000000000000000000000000000000000000000000000000000000000000000000000000000000000000000000000000000000000000000000000000000000000000000000000000000000000000000000000000000000000000000000000000000000000000000000000000000000000000000","PASS"
"case-07","synthetic","06-random.bin","fec7b76db5e42fbce97a96154a1679607d4fc31f6dc0fe40c0df6232d032bf49","huff_matched","huffman","matched_merge","0","8192","8382","1","1","12","1","5384","8","0","1536","1","65511","0","9e8fcc7ef0494675","00000000000000000000000000000000000000000000000000000000000000000000000000000000000000000000000000000000000000000000000000000000000000000000000000000000000000000000000000000000000000000000000000000000000000000000000000000000000000000000000000000000000000000000000000000000000000000000000000000000000000000000000000000000000000000000000000000000000000000000000000000000000000000000000000000000000000000000000000000000000000000000000000000000000000000000000000000000000000000000000000000000000000000000000000000000","PASS"
"case-07","synthetic","06-random.bin","fec7b76db5e42fbce97a96154a1679607d4fc31f6dc0fe40c0df6232d032bf49","rans_matched","rans","matched_merge","0","8192","8453","1","1","12","12","5124","8","0","2133","3","65448","4","eda679e500eb1db8","00000000000000000000000000000000000000000000000000000000000000000000000000000000000000000000000000000000000000000000000000000000000000000000000000000000000000000000000000000000000000000000000000000000000000000000000000000000000000000000000000000000000000000000000000000000000000000000000000000000000000000000000000000000000000000000000000000000000000000000000000000000000000000000000000000000000000000000000000000000000000000000000000000000000000000000000000000000000000000000000000000000000000000000000000000000","PASS"
"case-07","synthetic","06-random.bin","fec7b76db5e42fbce97a96154a1679607d4fc31f6dc0fe40c0df6232d032bf49","huff_init_only","huffman","initialization_only","0","8192","8382","1","1","12","1","5384","8","0","1536","1","65511","0","9e8fcc7ef0494675","00000000000000000000000000000000000000000000000000000000000000000000000000000000000000000000000000000000000000000000000000000000000000000000000000000000000000000000000000000000000000000000000000000000000000000000000000000000000000000000000000000000000000000000000000000000000000000000000000000000000000000000000000000000000000000000000000000000000000000000000000000000000000000000000000000000000000000000000000000000000000000000000000000000000000000000000000000000000000000000000000000000000000000000000000000000","PASS"
"case-07","synthetic","06-random.bin","fec7b76db5e42fbce97a96154a1679607d4fc31f6dc0fe40c0df6232d032bf49","rans_init_only","rans","initialization_only","0","8192","8453","1","1","12","12","5124","8","0","2133","3","65448","4","eda679e500eb1db8","00000000000000000000000000000000000000000000000000000000000000000000000000000000000000000000000000000000000000000000000000000000000000000000000000000000000000000000000000000000000000000000000000000000000000000000000000000000000000000000000000000000000000000000000000000000000000000000000000000000000000000000000000000000000000000000000000000000000000000000000000000000000000000000000000000000000000000000000000000000000000000000000000000000000000000000000000000000000000000000000000000000000000000000000000000000","PASS"
"case-07","synthetic","06-random.bin","fec7b76db5e42fbce97a96154a1679607d4fc31f6dc0fe40c0df6232d032bf49","huff_payload_only","huffman","reassignment","1","8192","18643","64","64","12","1","344576","8","1536","93766","0","53834","0","e79d3d55f674bda9","28132d1e100939242528381f391704262718193a342905283b06291101381a291b3c2a23021416152417060a3a003c2a0b121d2e1316073d2b3b3c14071820211c19172c2808083d1506072d2b2c220918090835362e0a04392a2f302f0b090c0a0b193e3f2b3a0a2c002d2e3d0b0c0c0c3e2f37301d313b291a251b320d3c3d013e2a0d381a0e231e0f311b0d1c3f3f0e0f1e0533342d1f0d261d322425101f0e1e022620113300122e390116213400130e01172f27200202301c0831353031062b10363732273222071f33180f100311120334383a193f3535141523041a2111132036240412253705212226140f1d2c05032703153e3b3633371b16221c23","PASS"
"case-07","synthetic","06-random.bin","fec7b76db5e42fbce97a96154a1679607d4fc31f6dc0fe40c0df6232d032bf49","rans_payload_only","rans","reassignment","1","8192","16918","64","64","12","12","327936","8","1536","80050","6","53712","4","2de76b97e521e6d9","28132d1e100939242528381f391704262718193a342905283b06291101381a291b3c2a23021416152417060a3a003c2a0b121d2e1316073d2b3b3c14071820211c19172c2808083d1506072d2b2c220918090835362e0a04392a2f302f0b090c0a0b193e3f2b3a0a2c002d2e3d0b0c0c0c3e2f37301d313b291a251b320d3c3d013e2a0d381a0e231e0f311b0d1c3f3f0e0f1e0533342d1f0d261d322425101f0e1e022620113300122e390116213400130e01172f27200202301c0831353031062b10363732273222071f33180f100311120334383a193f3535141523041a2111132036240412253705212226140f1d2c05032703153e3b3633371b16221c23","PASS"
"case-07","synthetic","06-random.bin","fec7b76db5e42fbce97a96154a1679607d4fc31f6dc0fe40c0df6232d032bf49","rans_estimated_total","rans","reassignment","2","8192","8453","1","1","12","1","5124","8","0","2133","3","65448","4","eda679e500eb1db8","00000000000000000000000000000000000000000000000000000000000000000000000000000000000000000000000000000000000000000000000000000000000000000000000000000000000000000000000000000000000000000000000000000000000000000000000000000000000000000000000000000000000000000000000000000000000000000000000000000000000000000000000000000000000000000000000000000000000000000000000000000000000000000000000000000000000000000000000000000000000000000000000000000000000000000000000000000000000000000000000000000000000000000000000000000000","PASS"
"case-07","synthetic","06-random.bin","fec7b76db5e42fbce97a96154a1679607d4fc31f6dc0fe40c0df6232d032bf49","huff_single","huffman","reassignment","0","8192","8382","1","1","1","1","5384","8","0","1536","1","65511","0","9e8fcc7ef0494675","00000000000000000000000000000000000000000000000000000000000000000000000000000000000000000000000000000000000000000000000000000000000000000000000000000000000000000000000000000000000000000000000000000000000000000000000000000000000000000000000000000000000000000000000000000000000000000000000000000000000000000000000000000000000000000000000000000000000000000000000000000000000000000000000000000000000000000000000000000000000000000000000000000000000000000000000000000000000000000000000000000000000000000000000000000000","PASS"
"case-07","synthetic","06-random.bin","fec7b76db5e42fbce97a96154a1679607d4fc31f6dc0fe40c0df6232d032bf49","rans_single","rans_highbits","fixed_reference","0","8192","8453","1","1","1","1","5124","8","0","2133","3","65448","4","c2ef6ec74213a6d3","00000000000000000000000000000000000000000000000000000000000000000000000000000000000000000000000000000000000000000000000000000000000000000000000000000000000000000000000000000000000000000000000000000000000000000000000000000000000000000000000000000000000000000000000000000000000000000000000000000000000000000000000000000000000000000000000000000000000000000000000000000000000000000000000000000000000000000000000000000000000000000000000000000000000000000000000000000000000000000000000000000000000000000000000000000000","PASS"
"case-07","synthetic","06-random.bin","fec7b76db5e42fbce97a96154a1679607d4fc31f6dc0fe40c0df6232d032bf49","rans_highbits","rans_highbits","fixed_reference","0","8192","8453","1","1","9","9","5124","8","0","2133","3","65448","4","c2ef6ec74213a6d3","00000000000000000000000000000000000000000000000000000000000000000000000000000000000000000000000000000000000000000000000000000000000000000000000000000000000000000000000000000000000000000000000000000000000000000000000000000000000000000000000000000000000000000000000000000000000000000000000000000000000000000000000000000000000000000000000000000000000000000000000000000000000000000000000000000000000000000000000000000000000000000000000000000000000000000000000000000000000000000000000000000000000000000000000000000000","PASS"
"case-07","synthetic","06-random.bin","fec7b76db5e42fbce97a96154a1679607d4fc31f6dc0fe40c0df6232d032bf49","adaptive_order1","adaptive_order1","fixed_reference","0","8192","9161","256","256","1","1","132096","0","0","0","0","0","0","fc9a190f0292171d","00000000000000000000000000000000000000000000000000000000000000000000000000000000000000000000000000000000000000000000000000000000000000000000000000000000000000000000000000000000000000000000000000000000000000000000000000000000000000000000000000000000000000000000000000000000000000000000000000000000000000000000000000000000000000000000000000000000000000000000000000000000000000000000000000000000000000000000000000000000000000000000000000000000000000000000000000000000000000000000000000000000000000000000000000000000","PASS"
"case-08","synthetic","07-sparse.bin","2b7b7ab0574ef9cc89355e630045a0a1abe461460ce535b6b8ceda7efa9d0ffe","huff_reassignment","huffman","reassignment","0","8192","1029","1","1","12","1","5384","8","0","26","6","8192","0","de1686bd97d23750","00000000000000000000000000000000000000000000000000000000000000000000000000000000000000000000000000000000000000000000000000000000000000000000000000000000000000000000000000000000000000000000000000000000000000000000000000000000000000000000000000000000000000000000000000000000000000000000000000000000000000000000000000000000000000000000000000000000000000000000000000000000000000000000000000000000000000000000000000000000000000000000000000000000000000000000000000000000000000000000000000000000000000000000000000000000","PASS"
"case-08","synthetic","07-sparse.bin","2b7b7ab0574ef9cc89355e630045a0a1abe461460ce535b6b8ceda7efa9d0ffe","rans_reassignment","rans","reassignment","0","8192","53","1","1","12","12","5124","8","0","283","5","96","4","c3cef691b80834a9","00000000000000000000000000000000000000000000000000000000000000000000000000000000000000000000000000000000000000000000000000000000000000000000000000000000000000000000000000000000000000000000000000000000000000000000000000000000000000000000000000000000000000000000000000000000000000000000000000000000000000000000000000000000000000000000000000000000000000000000000000000000000000000000000000000000000000000000000000000000000000000000000000000000000000000000000000000000000000000000000000000000000000000000000000000000","PASS"
"case-08","synthetic","07-sparse.bin","2b7b7ab0574ef9cc89355e630045a0a1abe461460ce535b6b8ceda7efa9d0ffe","huff_native","huffman","brotli_native_policy","0","8192","1029","1","1","12","1","5384","8","0","26","6","8192","0","de1686bd97d23750","00000000000000000000000000000000000000000000000000000000000000000000000000000000000000000000000000000000000000000000000000000000000000000000000000000000000000000000000000000000000000000000000000000000000000000000000000000000000000000000000000000000000000000000000000000000000000000000000000000000000000000000000000000000000000000000000000000000000000000000000000000000000000000000000000000000000000000000000000000000000000000000000000000000000000000000000000000000000000000000000000000000000000000000000000000000","PASS"
"case-08","synthetic","07-sparse.bin","2b7b7ab0574ef9cc89355e630045a0a1abe461460ce535b6b8ceda7efa9d0ffe","rans_native","rans","brotli_native_policy","0","8192","53","1","1","12","12","5124","8","0","283","5","96","4","c3cef691b80834a9","00000000000000000000000000000000000000000000000000000000000000000000000000000000000000000000000000000000000000000000000000000000000000000000000000000000000000000000000000000000000000000000000000000000000000000000000000000000000000000000000000000000000000000000000000000000000000000000000000000000000000000000000000000000000000000000000000000000000000000000000000000000000000000000000000000000000000000000000000000000000000000000000000000000000000000000000000000000000000000000000000000000000000000000000000000000","PASS"
"case-08","synthetic","07-sparse.bin","2b7b7ab0574ef9cc89355e630045a0a1abe461460ce535b6b8ceda7efa9d0ffe","huff_matched","huffman","matched_merge","0","8192","1029","1","1","12","1","5384","8","0","26","6","8192","0","de1686bd97d23750","00000000000000000000000000000000000000000000000000000000000000000000000000000000000000000000000000000000000000000000000000000000000000000000000000000000000000000000000000000000000000000000000000000000000000000000000000000000000000000000000000000000000000000000000000000000000000000000000000000000000000000000000000000000000000000000000000000000000000000000000000000000000000000000000000000000000000000000000000000000000000000000000000000000000000000000000000000000000000000000000000000000000000000000000000000000","PASS"
"case-08","synthetic","07-sparse.bin","2b7b7ab0574ef9cc89355e630045a0a1abe461460ce535b6b8ceda7efa9d0ffe","rans_matched","rans","matched_merge","0","8192","53","1","1","12","12","5124","8","0","283","5","96","4","c3cef691b80834a9","00000000000000000000000000000000000000000000000000000000000000000000000000000000000000000000000000000000000000000000000000000000000000000000000000000000000000000000000000000000000000000000000000000000000000000000000000000000000000000000000000000000000000000000000000000000000000000000000000000000000000000000000000000000000000000000000000000000000000000000000000000000000000000000000000000000000000000000000000000000000000000000000000000000000000000000000000000000000000000000000000000000000000000000000000000000","PASS"
"case-08","synthetic","07-sparse.bin","2b7b7ab0574ef9cc89355e630045a0a1abe461460ce535b6b8ceda7efa9d0ffe","huff_init_only","huffman","initialization_only","0","8192","1029","1","1","12","1","5384","8","0","26","6","8192","0","de1686bd97d23750","00000000000000000000000000000000000000000000000000000000000000000000000000000000000000000000000000000000000000000000000000000000000000000000000000000000000000000000000000000000000000000000000000000000000000000000000000000000000000000000000000000000000000000000000000000000000000000000000000000000000000000000000000000000000000000000000000000000000000000000000000000000000000000000000000000000000000000000000000000000000000000000000000000000000000000000000000000000000000000000000000000000000000000000000000000000","PASS"
"case-08","synthetic","07-sparse.bin","2b7b7ab0574ef9cc89355e630045a0a1abe461460ce535b6b8ceda7efa9d0ffe","rans_init_only","rans","initialization_only","0","8192","53","1","1","12","12","5124","8","0","283","5","96","4","c3cef691b80834a9","00000000000000000000000000000000000000000000000000000000000000000000000000000000000000000000000000000000000000000000000000000000000000000000000000000000000000000000000000000000000000000000000000000000000000000000000000000000000000000000000000000000000000000000000000000000000000000000000000000000000000000000000000000000000000000000000000000000000000000000000000000000000000000000000000000000000000000000000000000000000000000000000000000000000000000000000000000000000000000000000000000000000000000000000000000000","PASS"
"case-08","synthetic","07-sparse.bin","2b7b7ab0574ef9cc89355e630045a0a1abe461460ce535b6b8ceda7efa9d0ffe","huff_payload_only","huffman","reassignment","1","8192","1029","1","1","12","1","5384","8","0","26","6","8192","0","de1686bd97d23750","00000000000000000000000000000000000000000000000000000000000000000000000000000000000000000000000000000000000000000000000000000000000000000000000000000000000000000000000000000000000000000000000000000000000000000000000000000000000000000000000000000000000000000000000000000000000000000000000000000000000000000000000000000000000000000000000000000000000000000000000000000000000000000000000000000000000000000000000000000000000000000000000000000000000000000000000000000000000000000000000000000000000000000000000000000000","PASS"
"case-08","synthetic","07-sparse.bin","2b7b7ab0574ef9cc89355e630045a0a1abe461460ce535b6b8ceda7efa9d0ffe","rans_payload_only","rans","reassignment","1","8192","53","1","1","12","12","5124","8","0","283","5","96","4","c3cef691b80834a9","00000000000000000000000000000000000000000000000000000000000000000000000000000000000000000000000000000000000000000000000000000000000000000000000000000000000000000000000000000000000000000000000000000000000000000000000000000000000000000000000000000000000000000000000000000000000000000000000000000000000000000000000000000000000000000000000000000000000000000000000000000000000000000000000000000000000000000000000000000000000000000000000000000000000000000000000000000000000000000000000000000000000000000000000000000000","PASS"
"case-08","synthetic","07-sparse.bin","2b7b7ab0574ef9cc89355e630045a0a1abe461460ce535b6b8ceda7efa9d0ffe","rans_estimated_total","rans","reassignment","2","8192","53","1","1","12","1","5124","8","0","283","5","96","4","c3cef691b80834a9","00000000000000000000000000000000000000000000000000000000000000000000000000000000000000000000000000000000000000000000000000000000000000000000000000000000000000000000000000000000000000000000000000000000000000000000000000000000000000000000000000000000000000000000000000000000000000000000000000000000000000000000000000000000000000000000000000000000000000000000000000000000000000000000000000000000000000000000000000000000000000000000000000000000000000000000000000000000000000000000000000000000000000000000000000000000","PASS"
"case-08","synthetic","07-sparse.bin","2b7b7ab0574ef9cc89355e630045a0a1abe461460ce535b6b8ceda7efa9d0ffe","huff_single","huffman","reassignment","0","8192","1029","1","1","1","1","5384","8","0","26","6","8192","0","de1686bd97d23750","00000000000000000000000000000000000000000000000000000000000000000000000000000000000000000000000000000000000000000000000000000000000000000000000000000000000000000000000000000000000000000000000000000000000000000000000000000000000000000000000000000000000000000000000000000000000000000000000000000000000000000000000000000000000000000000000000000000000000000000000000000000000000000000000000000000000000000000000000000000000000000000000000000000000000000000000000000000000000000000000000000000000000000000000000000000","PASS"
"case-08","synthetic","07-sparse.bin","2b7b7ab0574ef9cc89355e630045a0a1abe461460ce535b6b8ceda7efa9d0ffe","rans_single","rans_highbits","fixed_reference","0","8192","53","1","1","1","1","5124","8","0","283","5","96","4","a243096502a151b6","00000000000000000000000000000000000000000000000000000000000000000000000000000000000000000000000000000000000000000000000000000000000000000000000000000000000000000000000000000000000000000000000000000000000000000000000000000000000000000000000000000000000000000000000000000000000000000000000000000000000000000000000000000000000000000000000000000000000000000000000000000000000000000000000000000000000000000000000000000000000000000000000000000000000000000000000000000000000000000000000000000000000000000000000000000000","PASS"
"case-08","synthetic","07-sparse.bin","2b7b7ab0574ef9cc89355e630045a0a1abe461460ce535b6b8ceda7efa9d0ffe","rans_highbits","rans_highbits","fixed_reference","0","8192","53","1","1","9","9","5124","8","0","283","5","96","4","a243096502a151b6","00000000000000000000000000000000000000000000000000000000000000000000000000000000000000000000000000000000000000000000000000000000000000000000000000000000000000000000000000000000000000000000000000000000000000000000000000000000000000000000000000000000000000000000000000000000000000000000000000000000000000000000000000000000000000000000000000000000000000000000000000000000000000000000000000000000000000000000000000000000000000000000000000000000000000000000000000000000000000000000000000000000000000000000000000000000","PASS"
"case-08","synthetic","07-sparse.bin","2b7b7ab0574ef9cc89355e630045a0a1abe461460ce535b6b8ceda7efa9d0ffe","adaptive_order1","adaptive_order1","fixed_reference","0","8192","41","256","256","1","1","132096","0","0","0","0","0","0","63726040cf50ded7","00000000000000000000000000000000000000000000000000000000000000000000000000000000000000000000000000000000000000000000000000000000000000000000000000000000000000000000000000000000000000000000000000000000000000000000000000000000000000000000000000000000000000000000000000000000000000000000000000000000000000000000000000000000000000000000000000000000000000000000000000000000000000000000000000000000000000000000000000000000000000000000000000000000000000000000000000000000000000000000000000000000000000000000000000000000","PASS"
"case-09","synthetic","08-changing.bin","3386930a84a13af7112ae6bc9411abdc047270c416dde1916d86bb899f832c7b","huff_reassignment","huffman","reassignment","0","16384","7094","4","4","12","1","21536","8","512","5728","6","50498","0","da1925f7eb533d90","03000102030303030303030303030303000303030303030303030301030203030303000203030300030303010103030303030303030303030303030303030303030002010303020303030303030303030303030303030303030303030303030303030303030302030303030303010303030303030303030303030303030303030303030303030303030303030303030303000303030303030303030303030303030303030303030303030303030303030303030303030303030303030303030303030303030303030203030303030303030303010303030303030303030300030303030303030303030303030303030303030302030303030303030303030300","PASS"
"case-09","synthetic","08-changing.bin","3386930a84a13af7112ae6bc9411abdc047270c416dde1916d86bb899f832c7b","rans_reassignment","rans","reassignment","0","16384","4796","8","8","12","12","40992","8","768","4406","2","33152","4","63802680d8d370ab","03040506070707070707070707070707040707070707070707070707070707070707070707070707070707070707070707070707070707070707070707070707070002010707070707070707070707070707070707070707070707070707070707070707070707070707070707070707070707070707070707070707070707070707070707070707070707070707070707070707070707070707070707070707070707070707070707070707070707070707070707070707070707070707070707070707070707070707070707070707070707070707070707070707070707070707070707070707070707070707070707070707070707070707070707070707","PASS"
"case-09","synthetic","08-changing.bin","3386930a84a13af7112ae6bc9411abdc047270c416dde1916d86bb899f832c7b","huff_native","huffman","brotli_native_policy","0","16384","6153","8","8","12","1","43072","8","768","3776","4","44668","0","96bd457911de3643","00010203040404040404040404040404040404040404040404040404040404040404040404040404040404040404040404040404040404040404040404040404040506070404040404040404040404040404040404040404040404040404040404040404040404040404040404040404040404040404040404040404040404040404040404040404040404040404040404040404040404040404040404040404040404040404040404040404040404040404040404040404040404040404040404040404040404040404040404040404040404040404040404040404040404040404040404040404040404040404040404040404040404040404040404040404","PASS"
"case-09","synthetic","08-changing.bin","3386930a84a13af7112ae6bc9411abdc047270c416dde1916d86bb899f832c7b","rans_native","rans","brotli_native_policy","0","16384","4787","8","8","12","12","40992","8","768","4364","4","33120","4","92548dd63d69e81d","00010203040404040404040404040404040404040404040404040404040404040404040404040404040404040404040404040404040404040404040404040404040506070404040404040404040404040404040404040404040404040404040404040404040404040404040404040404040404040404040404040404040404040404040404040404040404040404040404040404040404040404040404040404040404040404040404040404040404040404040404040404040404040404040404040404040404040404040404040404040404040404040404040404040404040404040404040404040404040404040404040404040404040404040404040404","PASS"
"case-09","synthetic","08-changing.bin","3386930a84a13af7112ae6bc9411abdc047270c416dde1916d86bb899f832c7b","huff_matched","huffman","matched_merge","0","16384","6153","8","8","12","1","43072","8","768","3776","4","44668","0","96bd457911de3643","00010203040404040404040404040404040404040404040404040404040404040404040404040404040404040404040404040404040404040404040404040404040506070404040404040404040404040404040404040404040404040404040404040404040404040404040404040404040404040404040404040404040404040404040404040404040404040404040404040404040404040404040404040404040404040404040404040404040404040404040404040404040404040404040404040404040404040404040404040404040404040404040404040404040404040404040404040404040404040404040404040404040404040404040404040404","PASS"
"case-09","synthetic","08-changing.bin","3386930a84a13af7112ae6bc9411abdc047270c416dde1916d86bb899f832c7b","rans_matched","rans","matched_merge","0","16384","4787","8","8","12","12","40992","8","768","4364","4","33120","4","92548dd63d69e81d","00010203040404040404040404040404040404040404040404040404040404040404040404040404040404040404040404040404040404040404040404040404040506070404040404040404040404040404040404040404040404040404040404040404040404040404040404040404040404040404040404040404040404040404040404040404040404040404040404040404040404040404040404040404040404040404040404040404040404040404040404040404040404040404040404040404040404040404040404040404040404040404040404040404040404040404040404040404040404040404040404040404040404040404040404040404","PASS"
"case-09","synthetic","08-changing.bin","3386930a84a13af7112ae6bc9411abdc047270c416dde1916d86bb899f832c7b","huff_init_only","huffman","initialization_only","0","16384","7540","6","6","12","1","32304","8","768","9946","7","49591","0","4e97deb5587e9ac4","03040500050203030401030404040405050500030000020205000101020501020401050202050500030304000301000200030300030105020400010304040300010002010500020203020101040403020504030005030200050401040303050404000001050500020104010504010004010202010503050102040005030302040501000103010204030502000004030305020300040001020105040001030500050102000104010102050302010402000503040202030303040302050000040405020103040405050001050200030402040304050501020504000500000100050103040101020002050203010200000103020300040104010205020103020003","PASS"
"case-09","synthetic","08-changing.bin","3386930a84a13af7112ae6bc9411abdc047270c416dde1916d86bb899f832c7b","rans_init_only","rans","initialization_only","0","16384","6648","8","8","12","12","40992","8","768","9646","2","42728","4","fa15f7e218328c8e","03040506010405050607070206000603010702070400040007020303040701020005010400070700050106000507000000010304050107060600010702000702010002010700020201020301020403040300030401030202050601040503070204060203030304020104070506050604070004070505070306060607010302040505000107070602070300060000010301000104020405020503020405070304010506000102050706030700010002040107000402030503040306050206040205000701000405010205010602070200000104010503060502020306040302050507060703000606030405030404060501060506000306070603000701040601","PASS"
"case-09","synthetic","08-changing.bin","3386930a84a13af7112ae6bc9411abdc047270c416dde1916d86bb899f832c7b","huff_payload_only","huffman","reassignment","1","16384","12508","64","64","12","1","344576","8","1536","62050","4","36466","0","9ee42260e78b29cd","030405062904051d0637070a36081e0b091f0a370c202420072a0b2b2c372122380d390c082f17300d210e18250708383809233c2d090f0e2610310f22100f3a1100020127281232390a3b293a24333c23100b2411132a12252e39343d2b2f220c261213233b3c3a191427153e25162c171814370d153f1326160e17193b1a3c2d3d00013f0f3e1a3f1b282e3000291b0110110c2a1c0d021d2b122c3d271314112d1e18193a152f160b173031281a24291f181432331503341b3e3d2a3e1c0a1d383f31201c1d191a25212e022f320030010431052b26350222031e042332350527161f33200606332c2d0334341e3539363536281b2e070e3b081f091c3621","PASS"
"case-09","synthetic","08-changing.bin","3386930a84a13af7112ae6bc9411abdc047270c416dde1916d86bb899f832c7b","rans_payload_only","rans","reassignment","1","16384","10297","64","64","12","12","327936","8","1536","54454","2","26344","4","a482f202c2058e7f","030405062904051d0637070a36081e0b091f0a370c202420072a0b2b2c372122380d390c082f17300d210e18250708383809233c2d090f0e2610310f22100f3a1100020127281232390a3b293a24333c23100b2411132a12252e39343d2b2f220c261213233b3c3a191427153e25162c171814370d153f1326160e17193b1a3c2d3d00013f0f3e1a3f1b282e3000291b0110110c2a1c0d021d2b122c3d271314112d1e18193a152f160b173031281a24291f181432331503341b3e3d2a3e1c0a1d383f31201c1d191a25212e022f320030010431052b26350222031e042332350527161f33200606332c2d0334341e3539363536281b2e070e3b081f091c3621","PASS"
"case-09","synthetic","08-changing.bin","3386930a84a13af7112ae6bc9411abdc047270c416dde1916d86bb899f832c7b","rans_estimated_total","rans","reassignment","2","16384","4796","8","8","12","1","40992","8","768","4406","2","33152","4","63802680d8d370ab","03040506070707070707070707070707040707070707070707070707070707070707070707070707070707070707070707070707070707070707070707070707070002010707070707070707070707070707070707070707070707070707070707070707070707070707070707070707070707070707070707070707070707070707070707070707070707070707070707070707070707070707070707070707070707070707070707070707070707070707070707070707070707070707070707070707070707070707070707070707070707070707070707070707070707070707070707070707070707070707070707070707070707070707070707070707","PASS"
"case-09","synthetic","08-changing.bin","3386930a84a13af7112ae6bc9411abdc047270c416dde1916d86bb899f832c7b","huff_single","huffman","reassignment","0","16384","9804","1","1","1","1","5384","8","0","1536","1","76887","0","aa82c95138e8321a","00000000000000000000000000000000000000000000000000000000000000000000000000000000000000000000000000000000000000000000000000000000000000000000000000000000000000000000000000000000000000000000000000000000000000000000000000000000000000000000000000000000000000000000000000000000000000000000000000000000000000000000000000000000000000000000000000000000000000000000000000000000000000000000000000000000000000000000000000000000000000000000000000000000000000000000000000000000000000000000000000000000000000000000000000000000","PASS"
"case-09","synthetic","08-changing.bin","3386930a84a13af7112ae6bc9411abdc047270c416dde1916d86bb899f832c7b","rans_single","rans_highbits","fixed_reference","0","16384","9776","1","1","1","1","5124","8","0","1317","3","76848","4","3485a87243788c96","00000000000000000000000000000000000000000000000000000000000000000000000000000000000000000000000000000000000000000000000000000000000000000000000000000000000000000000000000000000000000000000000000000000000000000000000000000000000000000000000000000000000000000000000000000000000000000000000000000000000000000000000000000000000000000000000000000000000000000000000000000000000000000000000000000000000000000000000000000000000000000000000000000000000000000000000000000000000000000000000000000000000000000000000000000000","PASS"
"case-09","synthetic","08-changing.bin","3386930a84a13af7112ae6bc9411abdc047270c416dde1916d86bb899f832c7b","rans_highbits","rans_highbits","fixed_reference","0","16384","8338","4","4","9","9","20496","8","0","6064","0","60600","4","8d1163d9c73e16d0","00000000000000000000000000000000000000000000000000000000000000000000000000000000000000000000000000000000000000000000000000000000010101010101010101010101010101010101010101010101010101010101010101010101010101010101010101010101010101010101010101010101010101010202020202020202020202020202020202020202020202020202020202020202020202020202020202020202020202020202020202020202020202020202020203030303030303030303030303030303030303030303030303030303030303030303030303030303030303030303030303030303030303030303030303030303","PASS"
"case-09","synthetic","08-changing.bin","3386930a84a13af7112ae6bc9411abdc047270c416dde1916d86bb899f832c7b","adaptive_order1","adaptive_order1","fixed_reference","0","16384","4590","256","256","1","1","132096","0","0","0","0","0","0","5a0552f1995dd3d7","00000000000000000000000000000000000000000000000000000000000000000000000000000000000000000000000000000000000000000000000000000000000000000000000000000000000000000000000000000000000000000000000000000000000000000000000000000000000000000000000000000000000000000000000000000000000000000000000000000000000000000000000000000000000000000000000000000000000000000000000000000000000000000000000000000000000000000000000000000000000000000000000000000000000000000000000000000000000000000000000000000000000000000000000000000000","PASS"
"case-10","synthetic","09-ties.bin","1e463d79b914f7f0e73fc43364ec143ab6a337733b90a707c58ca99dfa275b96","huff_reassignment","huffman","reassignment","0","4096","693","8","8","12","1","43072","8","768","410","5","4353","0","39c529e1192f3da6","00010203040506070001020304050607000000000000000000000000000000000000000000000000000000000000000000000000000000000000000000000000000000000000000000000000000000000000000000000000000000000000000000000000000000000000000000000000000000000000000000000000000000000000000000000000000000000000000000000000000000000000000000000000000000000000000000000000000000000000000000000000000000000000000000000000000000000000000000000000000000000000000000000000000000000000000000000000000000000000000000000000000000000000000000000000","PASS"
"case-10","synthetic","09-ties.bin","1e463d79b914f7f0e73fc43364ec143ab6a337733b90a707c58ca99dfa275b96","rans_reassignment","rans","reassignment","0","4096","697","16","16","12","12","81984","8","1024","4502","2","8","4","650af100b40c78bb","000102030405060708090a0b0c0d0e0f000000000000000000000000000000000000000000000000000000000000000000000000000000000000000000000000000000000000000000000000000000000000000000000000000000000000000000000000000000000000000000000000000000000000000000000000000000000000000000000000000000000000000000000000000000000000000000000000000000000000000000000000000000000000000000000000000000000000000000000000000000000000000000000000000000000000000000000000000000000000000000000000000000000000000000000000000000000000000000000000","PASS"
"case-10","synthetic","09-ties.bin","1e463d79b914f7f0e73fc43364ec143ab6a337733b90a707c58ca99dfa275b96","huff_native","huffman","brotli_native_policy","0","4096","707","16","16","12","1","86144","8","1024","522","6","4096","0","15f162180db83516","000102030405060708090a0b0c0d0e0f000000000000000000000000000000000000000000000000000000000000000000000000000000000000000000000000000000000000000000000000000000000000000000000000000000000000000000000000000000000000000000000000000000000000000000000000000000000000000000000000000000000000000000000000000000000000000000000000000000000000000000000000000000000000000000000000000000000000000000000000000000000000000000000000000000000000000000000000000000000000000000000000000000000000000000000000000000000000000000000000","PASS"
"case-10","synthetic","09-ties.bin","1e463d79b914f7f0e73fc43364ec143ab6a337733b90a707c58ca99dfa275b96","rans_native","rans","brotli_native_policy","0","4096","697","16","16","12","12","81984","8","1024","4502","2","8","4","650af100b40c78bb","000102030405060708090a0b0c0d0e0f000000000000000000000000000000000000000000000000000000000000000000000000000000000000000000000000000000000000000000000000000000000000000000000000000000000000000000000000000000000000000000000000000000000000000000000000000000000000000000000000000000000000000000000000000000000000000000000000000000000000000000000000000000000000000000000000000000000000000000000000000000000000000000000000000000000000000000000000000000000000000000000000000000000000000000000000000000000000000000000000","PASS"
"case-10","synthetic","09-ties.bin","1e463d79b914f7f0e73fc43364ec143ab6a337733b90a707c58ca99dfa275b96","huff_matched","huffman","matched_merge","0","4096","648","8","8","12","1","43072","8","768","306","6","4096","0","260f39fa55627feb","00010102020303040405050606070700000000000000000000000000000000000000000000000000000000000000000000000000000000000000000000000000000000000000000000000000000000000000000000000000000000000000000000000000000000000000000000000000000000000000000000000000000000000000000000000000000000000000000000000000000000000000000000000000000000000000000000000000000000000000000000000000000000000000000000000000000000000000000000000000000000000000000000000000000000000000000000000000000000000000000000000000000000000000000000000000","PASS"
"case-10","synthetic","09-ties.bin","1e463d79b914f7f0e73fc43364ec143ab6a337733b90a707c58ca99dfa275b96","rans_matched","rans","matched_merge","0","4096","697","16","16","12","12","81984","8","1024","4502","2","8","4","650af100b40c78bb","000102030405060708090a0b0c0d0e0f000000000000000000000000000000000000000000000000000000000000000000000000000000000000000000000000000000000000000000000000000000000000000000000000000000000000000000000000000000000000000000000000000000000000000000000000000000000000000000000000000000000000000000000000000000000000000000000000000000000000000000000000000000000000000000000000000000000000000000000000000000000000000000000000000000000000000000000000000000000000000000000000000000000000000000000000000000000000000000000000","PASS"
"case-10","synthetic","09-ties.bin","1e463d79b914f7f0e73fc43364ec143ab6a337733b90a707c58ca99dfa275b96","huff_init_only","huffman","initialization_only","0","4096","693","8","8","12","1","43072","8","768","410","5","4353","0","39c529e1192f3da6","00010203040506070001020304050607000000000000000000000000000000000000000000000000000000000000000000000000000000000000000000000000000000000000000000000000000000000000000000000000000000000000000000000000000000000000000000000000000000000000000000000000000000000000000000000000000000000000000000000000000000000000000000000000000000000000000000000000000000000000000000000000000000000000000000000000000000000000000000000000000000000000000000000000000000000000000000000000000000000000000000000000000000000000000000000000","PASS"
"case-10","synthetic","09-ties.bin","1e463d79b914f7f0e73fc43364ec143ab6a337733b90a707c58ca99dfa275b96","rans_init_only","rans","initialization_only","0","4096","697","16","16","12","12","81984","8","1024","4502","2","8","4","650af100b40c78bb","000102030405060708090a0b0c0d0e0f000000000000000000000000000000000000000000000000000000000000000000000000000000000000000000000000000000000000000000000000000000000000000000000000000000000000000000000000000000000000000000000000000000000000000000000000000000000000000000000000000000000000000000000000000000000000000000000000000000000000000000000000000000000000000000000000000000000000000000000000000000000000000000000000000000000000000000000000000000000000000000000000000000000000000000000000000000000000000000000000","PASS"
"case-10","synthetic","09-ties.bin","1e463d79b914f7f0e73fc43364ec143ab6a337733b90a707c58ca99dfa275b96","huff_payload_only","huffman","reassignment","1","4096","707","16","16","12","1","86144","8","1024","522","6","4096","0","15f162180db83516","000102030405060708090a0b0c0d0e0f000000000000000000000000000000000000000000000000000000000000000000000000000000000000000000000000000000000000000000000000000000000000000000000000000000000000000000000000000000000000000000000000000000000000000000000000000000000000000000000000000000000000000000000000000000000000000000000000000000000000000000000000000000000000000000000000000000000000000000000000000000000000000000000000000000000000000000000000000000000000000000000000000000000000000000000000000000000000000000000000","PASS"
"case-10","synthetic","09-ties.bin","1e463d79b914f7f0e73fc43364ec143ab6a337733b90a707c58ca99dfa275b96","rans_payload_only","rans","reassignment","1","4096","697","16","16","12","12","81984","8","1024","4502","2","8","4","650af100b40c78bb","000102030405060708090a0b0c0d0e0f000000000000000000000000000000000000000000000000000000000000000000000000000000000000000000000000000000000000000000000000000000000000000000000000000000000000000000000000000000000000000000000000000000000000000000000000000000000000000000000000000000000000000000000000000000000000000000000000000000000000000000000000000000000000000000000000000000000000000000000000000000000000000000000000000000000000000000000000000000000000000000000000000000000000000000000000000000000000000000000000","PASS"
"case-10","synthetic","09-ties.bin","1e463d79b914f7f0e73fc43364ec143ab6a337733b90a707c58ca99dfa275b96","rans_estimated_total","rans","reassignment","2","4096","697","16","16","12","1","81984","8","1024","4502","2","8","4","650af100b40c78bb","000102030405060708090a0b0c0d0e0f000000000000000000000000000000000000000000000000000000000000000000000000000000000000000000000000000000000000000000000000000000000000000000000000000000000000000000000000000000000000000000000000000000000000000000000000000000000000000000000000000000000000000000000000000000000000000000000000000000000000000000000000000000000000000000000000000000000000000000000000000000000000000000000000000000000000000000000000000000000000000000000000000000000000000000000000000000000000000000000000","PASS"
"case-10","synthetic","09-ties.bin","1e463d79b914f7f0e73fc43364ec143ab6a337733b90a707c58ca99dfa275b96","huff_single","huffman","reassignment","0","4096","2063","1","1","1","1","5384","8","0","110","2","16384","0","f9bee2944c057a07","00000000000000000000000000000000000000000000000000000000000000000000000000000000000000000000000000000000000000000000000000000000000000000000000000000000000000000000000000000000000000000000000000000000000000000000000000000000000000000000000000000000000000000000000000000000000000000000000000000000000000000000000000000000000000000000000000000000000000000000000000000000000000000000000000000000000000000000000000000000000000000000000000000000000000000000000000000000000000000000000000000000000000000000000000000000","PASS"
"case-10","synthetic","09-ties.bin","1e463d79b914f7f0e73fc43364ec143ab6a337733b90a707c58ca99dfa275b96","rans_single","rans_highbits","fixed_reference","0","4096","2118","1","1","1","1","5124","8","0","513","7","16384","4","eec3789a63290605","00000000000000000000000000000000000000000000000000000000000000000000000000000000000000000000000000000000000000000000000000000000000000000000000000000000000000000000000000000000000000000000000000000000000000000000000000000000000000000000000000000000000000000000000000000000000000000000000000000000000000000000000000000000000000000000000000000000000000000000000000000000000000000000000000000000000000000000000000000000000000000000000000000000000000000000000000000000000000000000000000000000000000000000000000000000","PASS"
"case-10","synthetic","09-ties.bin","1e463d79b914f7f0e73fc43364ec143ab6a337733b90a707c58ca99dfa275b96","rans_highbits","rans_highbits","fixed_reference","0","4096","2118","1","1","9","9","5124","8","0","513","7","16384","4","eec3789a63290605","00000000000000000000000000000000000000000000000000000000000000000000000000000000000000000000000000000000000000000000000000000000000000000000000000000000000000000000000000000000000000000000000000000000000000000000000000000000000000000000000000000000000000000000000000000000000000000000000000000000000000000000000000000000000000000000000000000000000000000000000000000000000000000000000000000000000000000000000000000000000000000000000000000000000000000000000000000000000000000000000000000000000000000000000000000000","PASS"
"case-10","synthetic","09-ties.bin","1e463d79b914f7f0e73fc43364ec143ab6a337733b90a707c58ca99dfa275b96","adaptive_order1","adaptive_order1","fixed_reference","0","4096","145","256","256","1","1","132096","0","0","0","0","0","0","d853675ff56b12fb","00000000000000000000000000000000000000000000000000000000000000000000000000000000000000000000000000000000000000000000000000000000000000000000000000000000000000000000000000000000000000000000000000000000000000000000000000000000000000000000000000000000000000000000000000000000000000000000000000000000000000000000000000000000000000000000000000000000000000000000000000000000000000000000000000000000000000000000000000000000000000000000000000000000000000000000000000000000000000000000000000000000000000000000000000000000","PASS"
"case-11","calgary18","bib","0f1a13936e358191533aca4a32ff42906d1b7f641f3afb0a90458b2410419fcf","huff_reassignment","huffman","reassignment","0","111261","50669","48","48","12","1","258432","8","1536","16132","5","387671","0","9c2b9bd6bc385e7c","0200000000000000000002000000000000000000000000000000000000000000000000000003001b002e0f1f11210f002d1526282d2e2d2d201d0d1e0000000f000d1a191a24091c231f1e2923232b2a1c0d2722181f1a0918190900120000000007250b1301171216050b0a0c0e04061411080a09102c2f0a1b0c000f0000000000000000000000000000000000000000000000000000000000000000000000000000000000000000000000000000000000000000000000000000000000000000000000000000000000000000000000000000000000000000000000000000000000000000000000000000000000000000000000000000000000000000000000","PASS"
"case-11","calgary18","bib","0f1a13936e358191533aca4a32ff42906d1b7f641f3afb0a90458b2410419fcf","rans_reassignment","rans","reassignment","0","111261","50576","48","48","12","12","245952","8","1536","24350","2","378680","4","30fe07d9c27c7a09","0200000000000000000002000000000000000000000000000000000000000000000000000003001b002e0f1f11210f002d1526282d2e2d26201d11110000000f000d19191a24091c231f1e2923232b2a1c0d2722181f290918190900120000000007250b1301171216050b160c0e04061414080a09102c2f0a1b0c00000000000000000000000000000000000000000000000000000000000000000000000000000000000000000000000000000000000000000000000000000000000000000000000000000000000000000000000000000000000000000000000000000000000000000000000000000000000000000000000000000000000000000000000000","PASS"
"case-11","calgary18","bib","0f1a13936e358191533aca4a32ff42906d1b7f641f3afb0a90458b2410419fcf","huff_native","huffman","brotli_native_policy","0","111261","50494","64","55","12","1","296120","8","1536","17364","7","385037","0","506ae0f4b0db042b","000000000000000000000000000000000000000000000000000000000000000001020000000300040105060708090a01050b0c0505050c0c0d0e080800000005000f100711121010131415111302161718191a1b1c1d1113161e1a001f00000001202122232425262728292a2b2c2d2e2f3031323334293536042a00010000000000000000000000000000000000000000000000000000000000000000000000000000000000000000000000000000000000000000000000000000000000000000000000000000000000000000000000000000000000000000000000000000000000000000000000000000000000000000000000000000000000000000000000","PASS"
"case-11","calgary18","bib","0f1a13936e358191533aca4a32ff42906d1b7f641f3afb0a90458b2410419fcf","rans_native","rans","brotli_native_policy","0","111261","50383","48","48","12","12","245952","8","1536","24240","0","377248","4","cb7e969c8ed47d47","000000000000000000000000000000000000000000000000000000000000000001020000000300040105060708090a01050b0c0505050c0c0d0e080800000005000f10071112101013141511130216171813191a1b1c1113160719001c000000011d1e1f20212223242526042728292a2b2b2c2d2e2f262704042400010000000000000000000000000000000000000000000000000000000000000000000000000000000000000000000000000000000000000000000000000000000000000000000000000000000000000000000000000000000000000000000000000000000000000000000000000000000000000000000000000000000000000000000000","PASS"
"case-11","calgary18","bib","0f1a13936e358191533aca4a32ff42906d1b7f641f3afb0a90458b2410419fcf","huff_matched","huffman","matched_merge","0","111261","50398","48","46","12","1","247664","8","1536","14962","6","386672","0","7b10b6ab3b648320","0000000000000000000000000000000000000000000000000000000000000000010100000002000301040405050306010407080404040408090a050500000006000b0c0d050e0c0c0c0e0f051010050b110b12131114050c0d15120016000000011718191a1b1c1d1e1f202122232425262728292a2b20212c2d2100010000000000000000000000000000000000000000000000000000000000000000000000000000000000000000000000000000000000000000000000000000000000000000000000000000000000000000000000000000000000000000000000000000000000000000000000000000000000000000000000000000000000000000000000","PASS"
"case-11","calgary18","bib","0f1a13936e358191533aca4a32ff42906d1b7f641f3afb0a90458b2410419fcf","rans_matched","rans","matched_merge","0","111261","50105","48","36","12","12","184464","8","1536","18624","0","380640","4","1d817b49dcd9e611","00000000000000000000000000000000000000000000000000000000000000000101000000020003010404050607040108090808080808080a0b060600000004000c0d050e0f0d0d0d0f100e0d0d110c120d1113120f0e0d11050d00140000000115161718191a18181b171c1c1d1e1f161420212223221c21031c00010000000000000000000000000000000000000000000000000000000000000000000000000000000000000000000000000000000000000000000000000000000000000000000000000000000000000000000000000000000000000000000000000000000000000000000000000000000000000000000000000000000000000000000000","PASS"
"case-11","calgary18","bib","0f1a13936e358191533aca4a32ff42906d1b7f641f3afb0a90458b2410419fcf","huff_init_only","huffman","initialization_only","0","111261","51059","64","64","12","1","344576","8","1536","20260","0","386668","0","d5755aa39bf36b85","100000000000000000000200000000000000000000000000000000000000000000110000000300060307300f11210f08381526282d2e3431201d3e0e0000000b000d33191a243c39371f1e2936232b2a1c0d2722183d323a04000500020000000c07250b13011712160509350c0e04061401080a09102c2f3b1b3f000a0000000000000000000000000000000000000000000000000000000000000000000000000000000000000000000000000000000000000000000000000000000000000000000000000000000000000000000000000000000000000000000000000000000000000000000000000000000000000000000000000000000000000000000000","PASS"
"case-11","calgary18","bib","0f1a13936e358191533aca4a32ff42906d1b7f641f3afb0a90458b2410419fcf","rans_init_only","rans","initialization_only","0","111261","51300","64","64","12","12","327936","8","1536","31112","0","377712","4","8b5056ffefdad6f4","100000000000000000000200000000000000000000000000000000000000000000110000000300060307300f11210f08381526282d2e3431201d3e0e0000000b000d33191a243c39371f1e2936232b2a1c0d2722183d323a04000500020000000c07250b13011712160509350c0e04061401080a09102c2f3b1b3f000a0000000000000000000000000000000000000000000000000000000000000000000000000000000000000000000000000000000000000000000000000000000000000000000000000000000000000000000000000000000000000000000000000000000000000000000000000000000000000000000000000000000000000000000000","PASS"
"case-11","calgary18","bib","0f1a13936e358191533aca4a32ff42906d1b7f641f3afb0a90458b2410419fcf","huff_payload_only","huffman","reassignment","1","111261","50769","64","64","12","1","344576","8","1536","19762","1","384845","0","84411d723e22b188","0200000000000000000002000000000000000000000000000000000000000000001100000003000a002e301911210f00381526282d2e3431201d3e0d0000000f000d33191a243c39371f1e2936232b2a1c0d2722183d323a04363600020000000007250b1301171216050b350c0e04061414080a09102c2f3b1b3f00000000000000000000000000000000000000000000000000000000000000000000000000000000000000000000000000000000000000000000000000000000000000000000000000000000000000000000000000000000000000000000000000000000000000000000000000000000000000000000000000000000000000000000000000","PASS"
"case-11","calgary18","bib","0f1a13936e358191533aca4a32ff42906d1b7f641f3afb0a90458b2410419fcf","rans_payload_only","rans","reassignment","1","111261","51024","64","63","12","12","322812","8","1536","30745","7","375864","4","58f42fd8137e0f7d","0200000000000000000002000000000000000000000000000000000000000000002200000003000a002f2f183d200f00371425272c2d33301f1c3d3d0000000f000d321819233b38361e1d2835222a291b0d2621173c313904353500020000000007240b1201161115050b340c0e04061313080a09102b2e3a1a3e00000000000000000000000000000000000000000000000000000000000000000000000000000000000000000000000000000000000000000000000000000000000000000000000000000000000000000000000000000000000000000000000000000000000000000000000000000000000000000000000000000000000000000000000000","PASS"
"case-11","calgary18","bib","0f1a13936e358191533aca4a32ff42906d1b7f641f3afb0a90458b2410419fcf","rans_estimated_total","rans","reassignment","2","111261","50576","48","48","12","1","245952","8","1536","24350","2","378680","4","30fe07d9c27c7a09","0200000000000000000002000000000000000000000000000000000000000000000000000003001b002e0f1f11210f002d1526282d2e2d26201d11110000000f000d19191a24091c231f1e2923232b2a1c0d2722181f290918190900120000000007250b1301171216050b160c0e04061414080a09102c2f0a1b0c00000000000000000000000000000000000000000000000000000000000000000000000000000000000000000000000000000000000000000000000000000000000000000000000000000000000000000000000000000000000000000000000000000000000000000000000000000000000000000000000000000000000000000000000000","PASS"
"case-11","calgary18","bib","0f1a13936e358191533aca4a32ff42906d1b7f641f3afb0a90458b2410419fcf","huff_single","huffman","reassignment","0","111261","72840","1","1","1","1","5384","8","0","626","1","582085","0","af02f8a05f4839be","00000000000000000000000000000000000000000000000000000000000000000000000000000000000000000000000000000000000000000000000000000000000000000000000000000000000000000000000000000000000000000000000000000000000000000000000000000000000000000000000000000000000000000000000000000000000000000000000000000000000000000000000000000000000000000000000000000000000000000000000000000000000000000000000000000000000000000000000000000000000000000000000000000000000000000000000000000000000000000000000000000000000000000000000000000000","PASS"
"case-11","calgary18","bib","0f1a13936e358191533aca4a32ff42906d1b7f641f3afb0a90458b2410419fcf","rans_single","rans_highbits","fixed_reference","0","111261","72472","1","1","1","1","5124","8","0","891","5","578840","4","33cac4936151ad3e","00000000000000000000000000000000000000000000000000000000000000000000000000000000000000000000000000000000000000000000000000000000000000000000000000000000000000000000000000000000000000000000000000000000000000000000000000000000000000000000000000000000000000000000000000000000000000000000000000000000000000000000000000000000000000000000000000000000000000000000000000000000000000000000000000000000000000000000000000000000000000000000000000000000000000000000000000000000000000000000000000000000000000000000000000000000","PASS"
"case-11","calgary18","bib","0f1a13936e358191533aca4a32ff42906d1b7f641f3afb0a90458b2410419fcf","rans_highbits","rans_highbits","fixed_reference","0","111261","55395","128","128","9","9","655872","8","0","43574","2","399544","4","37d3fbf994e45037","00000101020203030404050506060707080809090a0a0b0b0c0c0d0d0e0e0f0f10101111121213131414151516161717181819191a1a1b1b1c1c1d1d1e1e1f1f20202121222223232424252526262727282829292a2a2b2b2c2c2d2d2e2e2f2f30303131323233333434353536363737383839393a3a3b3b3c3c3d3d3e3e3f3f40404141424243434444454546464747484849494a4a4b4b4c4c4d4d4e4e4f4f50505151525253535454555556565757585859595a5a5b5b5c5c5d5d5e5e5f5f60606161626263636464656566666767686869696a6a6b6b6c6c6d6d6e6e6f6f70707171727273737474757576767777787879797a7a7b7b7c7c7d7d7e7e7f7f","PASS"
"case-11","calgary18","bib","0f1a13936e358191533aca4a32ff42906d1b7f641f3afb0a90458b2410419fcf","adaptive_order1","adaptive_order1","fixed_reference","0","111261","48464","256","256","1","1","132096","0","0","0","0","0","0","e0df3bfffae7de06","00000000000000000000000000000000000000000000000000000000000000000000000000000000000000000000000000000000000000000000000000000000000000000000000000000000000000000000000000000000000000000000000000000000000000000000000000000000000000000000000000000000000000000000000000000000000000000000000000000000000000000000000000000000000000000000000000000000000000000000000000000000000000000000000000000000000000000000000000000000000000000000000000000000000000000000000000000000000000000000000000000000000000000000000000000000","PASS"
"case-12","calgary18","book1","9ffa47cd93bccd732f20e0c304203cfbc1b8a91bedac536e2d8f6051003d9951","huff_reassignment","huffman","reassignment","0","768771","351239","64","64","12","1","344576","8","1536","21578","7","2786783","0","a74a1f4f0f4fd170","0c0000000000000000000c0000000000000000000000000000002a000000000000251d000000001800131b2a141b17003e3b3d3e3f3e3d3d3e3d3c263031312700211f2b3733352c201c3918362d2f23292e3a241e2120283334000000000000000316100a0112110607321a0b0f0504152e0908020d190e22133800000000000000000000000000000000000000000000000000000000000000000000000000000000000000000000000000000000000000000000000000000000000000000000000000000000000000000000000000000000000000000000000000000000000000000000000000000000000000000000000000000000000000000000000000","PASS"
"case-12","calgary18","book1","9ffa47cd93bccd732f20e0c304203cfbc1b8a91bedac536e2d8f6051003d9951","rans_reassignment","rans","reassignment","0","768771","348751","64","64","12","12","327936","8","1536","31324","4","2757104","4","d2793ce12eca7a47","0c0000000000000000000c0000000000000000000000000000002a000000000000251d000000221800131b2a141b17003e3b3d3d3f3e3e3e3e3e3c26303b312700211f2b3733352c201c3936362d2f23292e3a241e2120283334000000000000000316100a0112110607321a0b0f0504152e0908020d190e22133800000000000000000000000000000000000000000000000000000000000000000000000000000000000000000000000000000000000000000000000000000000000000000000000000000000000000000000000000000000000000000000000000000000000000000000000000000000000000000000000000000000000000000000000000","PASS"
"case-12","calgary18","book1","9ffa47cd93bccd732f20e0c304203cfbc1b8a91bedac536e2d8f6051003d9951","huff_native","huffman","brotli_native_policy","0","768771","351124","64","58","12","1","312272","8","1536","20516","7","2786925","0","e4fa50fd181f062e","000000000000000000000000000000000000000000000000000001000000000002030400000005060207080109080a000b0b0c0c0c0c0c0c0c0c09090d0b0e0f001011121314151516171819191a1b1c1d1e131f202116221423000000000000002425262728292a2b2c2d2e2f303132331e34353637383905073800000000000000000000000000000000000000000000000000000000000000000000000000000000000000000000000000000000000000000000000000000000000000000000000000000000000000000000000000000000000000000000000000000000000000000000000000000000000000000000000000000000000000000000000000","PASS"
"case-12","calgary18","book1","9ffa47cd93bccd732f20e0c304203cfbc1b8a91bedac536e2d8f6051003d9951","rans_native","rans","brotli_native_policy","0","768771","348296","48","48","12","12","245952","8","1536","24730","6","2760056","4","d4816aeee0b4bbc4","000000000000000000000000000000000000000000000000000001000000000002030400000005060207080109080a000b0b0b0b0b0b0b0b0b0b09090c07010d000e0f101112101013140f121310111516171118190e1318121a000000000000001b1c1d1e1f2021222317242526272829172a2b2c2d2e2f05072e00000000000000000000000000000000000000000000000000000000000000000000000000000000000000000000000000000000000000000000000000000000000000000000000000000000000000000000000000000000000000000000000000000000000000000000000000000000000000000000000000000000000000000000000000","PASS"
"case-12","calgary18","book1","9ffa47cd93bccd732f20e0c304203cfbc1b8a91bedac536e2d8f6051003d9951","huff_matched","huffman","matched_merge","0","768771","351049","64","50","12","1","269200","8","1536","18978","5","2787865","0","03113c1fafbda1b7","0000000000000000000000000000000000000000000000000000010000000000020304000000000502060701080708000909090909090909090908080a01010b000c0d0e0f10111112130d1414110f1516170f18190c121a041b000000000000001c1d1e1f20212223241725262728292a172b2c2d2e2f3031062f00000000000000000000000000000000000000000000000000000000000000000000000000000000000000000000000000000000000000000000000000000000000000000000000000000000000000000000000000000000000000000000000000000000000000000000000000000000000000000000000000000000000000000000000000","PASS"
"case-12","calgary18","book1","9ffa47cd93bccd732f20e0c304203cfbc1b8a91bedac536e2d8f6051003d9951","rans_matched","rans","matched_merge","0","768771","348222","48","46","12","12","235704","8","1536","23674","6","2760520","4","05951919a3e9eda4","0000000000000000000000000000000000000000000000000000010000000000020304000000050600070809010a0b000c0c0c0c0c0c0c0c0c0c01010d080903000e0f10110e121213140f111112111516171118190e13180e13000000000000001a1b1c1d1e161f20212223242526272817292a082b2c2d05072c00000000000000000000000000000000000000000000000000000000000000000000000000000000000000000000000000000000000000000000000000000000000000000000000000000000000000000000000000000000000000000000000000000000000000000000000000000000000000000000000000000000000000000000000000","PASS"
"case-12","calgary18","book1","9ffa47cd93bccd732f20e0c304203cfbc1b8a91bedac536e2d8f6051003d9951","huff_init_only","huffman","initialization_only","0","768771","352058","64","64","12","1","344576","8","1536","22088","6","2792826","0","37773f9f5de8956c","0e0000000000000000000c0000000000000000000000000000000f000000000000251d0000001018090a112a141b1700013b3d3e3f02030405063c26300c312700211f2b3733352c201c3908362d2f23290b3a241e0007280d34000000000000000316100a0112110607321a0b0f0504152e0908020d190e22133800000000000000000000000000000000000000000000000000000000000000000000000000000000000000000000000000000000000000000000000000000000000000000000000000000000000000000000000000000000000000000000000000000000000000000000000000000000000000000000000000000000000000000000000000","PASS"
"case-12","calgary18","book1","9ffa47cd93bccd732f20e0c304203cfbc1b8a91bedac536e2d8f6051003d9951","rans_init_only","rans","initialization_only","0","768771","349588","64","64","12","12","327936","8","1536","31402","6","2763720","4","afdeb74b8dabfdf8","0e0000000000000000000c0000000000000000000000000000000f000000000000251d0000001018090a112a141b1700013b3d3e3f02030405063c26300c312700211f2b3733352c201c3908362d2f23290b3a241e0007280d34000000000000000316100a0112110607321a0b0f0504152e0908020d190e22133800000000000000000000000000000000000000000000000000000000000000000000000000000000000000000000000000000000000000000000000000000000000000000000000000000000000000000000000000000000000000000000000000000000000000000000000000000000000000000000000000000000000000000000000000","PASS"
"case-12","calgary18","book1","9ffa47cd93bccd732f20e0c304203cfbc1b8a91bedac536e2d8f6051003d9951","huff_payload_only","huffman","reassignment","1","768771","351239","64","64","12","1","344576","8","1536","21578","7","2786783","0","a74a1f4f0f4fd170","0c0000000000000000000c0000000000000000000000000000002a000000000000251d000000001800131b2a141b17003e3b3d3e3f3e3d3d3e3d3c263031312700211f2b3733352c201c3918362d2f23292e3a241e2120283334000000000000000316100a0112110607321a0b0f0504152e0908020d190e22133800000000000000000000000000000000000000000000000000000000000000000000000000000000000000000000000000000000000000000000000000000000000000000000000000000000000000000000000000000000000000000000000000000000000000000000000000000000000000000000000000000000000000000000000000","PASS"
"case-12","calgary18","book1","9ffa47cd93bccd732f20e0c304203cfbc1b8a91bedac536e2d8f6051003d9951","rans_payload_only","rans","reassignment","1","768771","348751","64","64","12","12","327936","8","1536","31324","4","2757104","4","d2793ce12eca7a47","0c0000000000000000000c0000000000000000000000000000002a000000000000251d000000221800131b2a141b17003e3b3d3d3f3e3e3e3e3e3c26303b312700211f2b3733352c201c3936362d2f23292e3a241e2120283334000000000000000316100a0112110607321a0b0f0504152e0908020d190e22133800000000000000000000000000000000000000000000000000000000000000000000000000000000000000000000000000000000000000000000000000000000000000000000000000000000000000000000000000000000000000000000000000000000000000000000000000000000000000000000000000000000000000000000000000","PASS"
"case-12","calgary18","book1","9ffa47cd93bccd732f20e0c304203cfbc1b8a91bedac536e2d8f6051003d9951","rans_estimated_total","rans","reassignment","2","768771","348751","64","64","12","1","327936","8","1536","31324","4","2757104","4","d2793ce12eca7a47","0c0000000000000000000c0000000000000000000000000000002a000000000000251d000000221800131b2a141b17003e3b3d3d3f3e3e3e3e3e3c26303b312700211f2b3733352c201c3936362d2f23292e3a241e2120283334000000000000000316100a0112110607321a0b0f0504152e0908020d190e22133800000000000000000000000000000000000000000000000000000000000000000000000000000000000000000000000000000000000000000000000000000000000000000000000000000000000000000000000000000000000000000000000000000000000000000000000000000000000000000000000000000000000000000000000000","PASS"
"case-12","calgary18","book1","9ffa47cd93bccd732f20e0c304203cfbc1b8a91bedac536e2d8f6051003d9951","huff_single","huffman","reassignment","0","768771","438450","1","1","1","1","5384","8","0","604","0","3506988","0","779d74e548c2da5b","00000000000000000000000000000000000000000000000000000000000000000000000000000000000000000000000000000000000000000000000000000000000000000000000000000000000000000000000000000000000000000000000000000000000000000000000000000000000000000000000000000000000000000000000000000000000000000000000000000000000000000000000000000000000000000000000000000000000000000000000000000000000000000000000000000000000000000000000000000000000000000000000000000000000000000000000000000000000000000000000000000000000000000000000000000000","PASS"
"case-12","calgary18","book1","9ffa47cd93bccd732f20e0c304203cfbc1b8a91bedac536e2d8f6051003d9951","rans_single","rans_highbits","fixed_reference","0","768771","435499","1","1","1","1","5124","8","0","755","5","3483192","4","fbe679a4b817f670","00000000000000000000000000000000000000000000000000000000000000000000000000000000000000000000000000000000000000000000000000000000000000000000000000000000000000000000000000000000000000000000000000000000000000000000000000000000000000000000000000000000000000000000000000000000000000000000000000000000000000000000000000000000000000000000000000000000000000000000000000000000000000000000000000000000000000000000000000000000000000000000000000000000000000000000000000000000000000000000000000000000000000000000000000000000","PASS"
"case-12","calgary18","book1","9ffa47cd93bccd732f20e0c304203cfbc1b8a91bedac536e2d8f6051003d9951","rans_highbits","rans_highbits","fixed_reference","0","768771","354924","256","256","9","9","1311744","8","0","82768","0","2756584","4","cd76101af013eb4a","000102030405060708090a0b0c0d0e0f101112131415161718191a1b1c1d1e1f202122232425262728292a2b2c2d2e2f303132333435363738393a3b3c3d3e3f404142434445464748494a4b4c4d4e4f505152535455565758595a5b5c5d5e5f606162636465666768696a6b6c6d6e6f707172737475767778797a7b7c7d7e7f808182838485868788898a8b8c8d8e8f909192939495969798999a9b9c9d9e9fa0a1a2a3a4a5a6a7a8a9aaabacadaeafb0b1b2b3b4b5b6b7b8b9babbbcbdbebfc0c1c2c3c4c5c6c7c8c9cacbcccdcecfd0d1d2d3d4d5d6d7d8d9dadbdcdddedfe0e1e2e3e4e5e6e7e8e9eaebecedeeeff0f1f2f3f4f5f6f7f8f9fafbfcfdfeff","PASS"
"case-12","calgary18","book1","9ffa47cd93bccd732f20e0c304203cfbc1b8a91bedac536e2d8f6051003d9951","adaptive_order1","adaptive_order1","fixed_reference","0","768771","346547","256","256","1","1","132096","0","0","0","0","0","0","fa693e37a304ca92","00000000000000000000000000000000000000000000000000000000000000000000000000000000000000000000000000000000000000000000000000000000000000000000000000000000000000000000000000000000000000000000000000000000000000000000000000000000000000000000000000000000000000000000000000000000000000000000000000000000000000000000000000000000000000000000000000000000000000000000000000000000000000000000000000000000000000000000000000000000000000000000000000000000000000000000000000000000000000000000000000000000000000000000000000000000","PASS"
"case-13","calgary18","book2","c8538730cf2ce6a243acf3eb299c43d619b5c695d892f4884df796c13081fdf8","huff_reassignment","huffman","reassignment","0","610856","293900","64","64","12","1","344576","8","1536","31030","4","2318622","0","2d10828b60ef60f4","0c0000000000000000210c00000000000000000000000000000000000000000000181f1a26231a271d25002b181b123e1a1c23333a343d392e322618002425181f2f3b37382a2d0536293c15313c351f1f3f383c221f0f0226142f30193f18270004150b0e011113090307200a1005060f280807020d17161e142c26262324000000000000000000000000000000000000000000000000000000000000000000000000000000000000000000000000000000000000000000000000000000000000000000000000000000000000000000000000000000000000000000000000000000000000000000000000000000000000000000000000000000000000000000","PASS"
"case-13","calgary18","book2","c8538730cf2ce6a243acf3eb299c43d619b5c695d892f4884df796c13081fdf8","rans_reassignment","rans","reassignment","0","610856","291983","64","64","12","12","327936","8","1536","37922","6","2296360","4","d6bc114ad69d1707","0c0000000000000000210c000000000000000000000000000000000000000000003f1f3a26231a271d25002b181b123e1a1c23333a343d392e3226180024253f1f2f3b37382a2d0536293615313c351f1f3f383c221f360223362f30193f18270004150b0e011113090307200a1005060f280807020d17161e142c26262324000000000000000000000000000000000000000000000000000000000000000000000000000000000000000000000000000000000000000000000000000000000000000000000000000000000000000000000000000000000000000000000000000000000000000000000000000000000000000000000000000000000000000000","PASS"
"case-13","calgary18","book2","c8538730cf2ce6a243acf3eb299c43d619b5c695d892f4884df796c13081fdf8","huff_native","huffman","brotli_native_policy","0","610856","293722","64","64","12","1","344576","8","1536","30564","3","2317665","0","93b8c7b154229fe7","000000000000000000010000000000000000000000000000000000000000000002030405060708090a0b0c0d0e0c0f010810071112121213141505030c16050303171819181a1b191c1d001e1f1c201d1821211922171c231619172425260e05002728292a2b2c2d2e2f1c1e303132333435363738393a233b3c3d16063e3f000000000000000000000000000000000000000000000000000000000000000000000000000000000000000000000000000000000000000000000000000000000000000000000000000000000000000000000000000000000000000000000000000000000000000000000000000000000000000000000000000000000000000000","PASS"
"case-13","calgary18","book2","c8538730cf2ce6a243acf3eb299c43d619b5c695d892f4884df796c13081fdf8","rans_native","rans","brotli_native_policy","0","610856","291859","64","64","12","12","327936","8","1536","37618","6","2295672","4","3978c320c74775e3","000000000000000000010000000000000000000000000000000000000000000002030405060708090a0b0c0d0e0c0f010810071112121213141505030c16050303171819181a1b191c1d001e1f1c201d1821211922171c231619172425260e05002728292a2b2c2d2e2f1c1e303132333435363738393a233b3c3d16063e3f000000000000000000000000000000000000000000000000000000000000000000000000000000000000000000000000000000000000000000000000000000000000000000000000000000000000000000000000000000000000000000000000000000000000000000000000000000000000000000000000000000000000000000","PASS"
"case-13","calgary18","book2","c8538730cf2ce6a243acf3eb299c43d619b5c695d892f4884df796c13081fdf8","huff_matched","huffman","matched_merge","0","610856","293572","64","64","12","1","344576","8","1536","30794","3","2316235","0","9c17a102a2334595","00000000000000000001000000000000000000000000000000000000000000000203040504060708090a040b0c0d0e0f07100606111111121312140c02150a0c161718191a1b1c1a1d1e1a1f201a211e1603052223171a23151a172425030c0300262728292a2b2c2d2e2f1f30313233342f35363738393a3b3c3d041f3e3f000000000000000000000000000000000000000000000000000000000000000000000000000000000000000000000000000000000000000000000000000000000000000000000000000000000000000000000000000000000000000000000000000000000000000000000000000000000000000000000000000000000000000000","PASS"
"case-13","calgary18","book2","c8538730cf2ce6a243acf3eb299c43d619b5c695d892f4884df796c13081fdf8","rans_matched","rans","matched_merge","0","610856","291645","64","58","12","12","297192","8","1536","34574","2","2297008","4","b0bda0bd740fc8b9","000000000000000000010200000000000000000000000000000000000000000003040506050708090a0b0c0d0e0c0f100811070707070712131214040c1414040615161718191a171b1c17171d171e1c160406181f15171814171520210414090022232425262728292a1b2b2c2d002e2f3031323334353637382b10051439000000000000000000000000000000000000000000000000000000000000000000000000000000000000000000000000000000000000000000000000000000000000000000000000000000000000000000000000000000000000000000000000000000000000000000000000000000000000000000000000000000000000000000","PASS"
"case-13","calgary18","book2","c8538730cf2ce6a243acf3eb299c43d619b5c695d892f4884df796c13081fdf8","huff_init_only","huffman","initialization_only","0","610856","295610","64","64","12","1","344576","8","1536","32238","4","2331094","0","ea740d3737092e6f","200000000000000000210c00000000000000000000000000000000000000000000181f1226191d271d25102b181b123e1a1c23333a343d392e3207031304161a1f2f3b37082a2d0d3629171531093506000a383c220c0f0b0e141e30193f1b1c0004150b0e011113090305200a1005060f280807020d17161e142c01110224000000000000000000000000000000000000000000000000000000000000000000000000000000000000000000000000000000000000000000000000000000000000000000000000000000000000000000000000000000000000000000000000000000000000000000000000000000000000000000000000000000000000000000","PASS"
"case-13","calgary18","book2","c8538730cf2ce6a243acf3eb299c43d619b5c695d892f4884df796c13081fdf8","rans_init_only","rans","initialization_only","0","610856","293666","64","64","12","12","327936","8","1536","38132","4","2309616","4","3c8adaced75f49bb","200000000000000000210c00000000000000000000000000000000000000000000181f1226191d271d25102b181b123e1a1c23333a343d392e3207031304161a1f2f3b37082a2d0d3629171531093506000a383c220c0f0b0e141e30193f1b1c0004150b0e011113090305200a1005060f280807020d17161e142c01110224000000000000000000000000000000000000000000000000000000000000000000000000000000000000000000000000000000000000000000000000000000000000000000000000000000000000000000000000000000000000000000000000000000000000000000000000000000000000000000000000000000000000000000","PASS"
"case-13","calgary18","book2","c8538730cf2ce6a243acf3eb299c43d619b5c695d892f4884df796c13081fdf8","huff_payload_only","huffman","reassignment","1","610856","293900","64","64","12","1","344576","8","1536","31030","4","2318622","0","2d10828b60ef60f4","0c0000000000000000210c00000000000000000000000000000000000000000000181f1a26231a271d25002b181b123e1a1c23333a343d392e322618002425181f2f3b37382a2d0536293c15313c351f1f3f383c221f0f0226142f30193f18270004150b0e011113090307200a1005060f280807020d17161e142c26262324000000000000000000000000000000000000000000000000000000000000000000000000000000000000000000000000000000000000000000000000000000000000000000000000000000000000000000000000000000000000000000000000000000000000000000000000000000000000000000000000000000000000000000","PASS"
"case-13","calgary18","book2","c8538730cf2ce6a243acf3eb299c43d619b5c695d892f4884df796c13081fdf8","rans_payload_only","rans","reassignment","1","610856","291983","64","64","12","12","327936","8","1536","37922","6","2296360","4","d6bc114ad69d1707","0c0000000000000000210c000000000000000000000000000000000000000000003f1f3a26231a271d25002b181b123e1a1c23333a343d392e3226180024253f1f2f3b37382a2d0536293615313c351f1f3f383c221f360223362f30193f18270004150b0e011113090307200a1005060f280807020d17161e142c26262324000000000000000000000000000000000000000000000000000000000000000000000000000000000000000000000000000000000000000000000000000000000000000000000000000000000000000000000000000000000000000000000000000000000000000000000000000000000000000000000000000000000000000000","PASS"
"case-13","calgary18","book2","c8538730cf2ce6a243acf3eb299c43d619b5c695d892f4884df796c13081fdf8","rans_estimated_total","rans","reassignment","2","610856","291983","64","64","12","1","327936","8","1536","37922","6","2296360","4","d6bc114ad69d1707","0c0000000000000000210c000000000000000000000000000000000000000000003f1f3a26231a271d25002b181b123e1a1c23333a343d392e3226180024253f1f2f3b37382a2d0536293615313c351f1f3f383c221f360223362f30193f18270004150b0e011113090307200a1005060f280807020d17161e142c26262324000000000000000000000000000000000000000000000000000000000000000000000000000000000000000000000000000000000000000000000000000000000000000000000000000000000000000000000000000000000000000000000000000000000000000000000000000000000000000000000000000000000000000000","PASS"
"case-13","calgary18","book2","c8538730cf2ce6a243acf3eb299c43d619b5c695d892f4884df796c13081fdf8","huff_single","huffman","reassignment","0","610856","368380","1","1","1","1","5384","8","0","632","3","2946397","0","25726cbabdf91e9c","00000000000000000000000000000000000000000000000000000000000000000000000000000000000000000000000000000000000000000000000000000000000000000000000000000000000000000000000000000000000000000000000000000000000000000000000000000000000000000000000000000000000000000000000000000000000000000000000000000000000000000000000000000000000000000000000000000000000000000000000000000000000000000000000000000000000000000000000000000000000000000000000000000000000000000000000000000000000000000000000000000000000000000000000000000000","PASS"
"case-13","calgary18","book2","c8538730cf2ce6a243acf3eb299c43d619b5c695d892f4884df796c13081fdf8","rans_single","rans_highbits","fixed_reference","0","610856","366299","1","1","1","1","5124","8","0","843","5","2929504","4","3b194854b3613f06","00000000000000000000000000000000000000000000000000000000000000000000000000000000000000000000000000000000000000000000000000000000000000000000000000000000000000000000000000000000000000000000000000000000000000000000000000000000000000000000000000000000000000000000000000000000000000000000000000000000000000000000000000000000000000000000000000000000000000000000000000000000000000000000000000000000000000000000000000000000000000000000000000000000000000000000000000000000000000000000000000000000000000000000000000000000","PASS"
"case-13","calgary18","book2","c8538730cf2ce6a243acf3eb299c43d619b5c695d892f4884df796c13081fdf8","rans_highbits","rans_highbits","fixed_reference","0","610856","297739","256","256","9","9","1311744","8","0","93272","0","2288600","4","82c108847adb753d","000102030405060708090a0b0c0d0e0f101112131415161718191a1b1c1d1e1f202122232425262728292a2b2c2d2e2f303132333435363738393a3b3c3d3e3f404142434445464748494a4b4c4d4e4f505152535455565758595a5b5c5d5e5f606162636465666768696a6b6c6d6e6f707172737475767778797a7b7c7d7e7f808182838485868788898a8b8c8d8e8f909192939495969798999a9b9c9d9e9fa0a1a2a3a4a5a6a7a8a9aaabacadaeafb0b1b2b3b4b5b6b7b8b9babbbcbdbebfc0c1c2c3c4c5c6c7c8c9cacbcccdcecfd0d1d2d3d4d5d6d7d8d9dadbdcdddedfe0e1e2e3e4e5e6e7e8e9eaebecedeeeff0f1f2f3f4f5f6f7f8f9fafbfcfdfeff","PASS"
"case-13","calgary18","book2","c8538730cf2ce6a243acf3eb299c43d619b5c695d892f4884df796c13081fdf8","adaptive_order1","adaptive_order1","fixed_reference","0","610856","286910","256","256","1","1","132096","0","0","0","0","0","0","ddebe322bb4f727c","00000000000000000000000000000000000000000000000000000000000000000000000000000000000000000000000000000000000000000000000000000000000000000000000000000000000000000000000000000000000000000000000000000000000000000000000000000000000000000000000000000000000000000000000000000000000000000000000000000000000000000000000000000000000000000000000000000000000000000000000000000000000000000000000000000000000000000000000000000000000000000000000000000000000000000000000000000000000000000000000000000000000000000000000000000000","PASS"
"case-14","calgary18","geo","913ff6f45610599020c02f543a0d5a1f46cf772412e25a568b683d23db8c447d","huff_reassignment","huffman","reassignment","0","102400","60166","6","6","12","1","32304","8","768","8696","0","471856","0","086377af7932f18b","00050503050505030303030305030303030202020302020203020202030202020302020203020202030203020302020203020202030202020302020205050502050101040302050505050505050505050505050505050505050505050505050505050505050505050505050505050505050505050505050505050505050505050505050505050505050505050505050505050505050505050505050505050505050505050505050505050505050505050505050505050505050505050505050505010104030305050505050505050505050505050502050505030505050505050505050505050502030505050505050505050505050505050505050505050505","PASS"
"case-14","calgary18","geo","913ff6f45610599020c02f543a0d5a1f46cf772412e25a568b683d23db8c447d","rans_reassignment","rans","reassignment","0","102400","59372","12","12","12","12","61488","8","1024","15048","0","458864","4","a88967455fd0562e","000808050808080a08080808080808080a0707070b070707060707070a0707010a0707070a0107070a0706070a070707080707070a070707080707070809090905020204030709090809090908090b090809090908090909080909090809090905090909080909090809090908090909080909090809090908090909080909090809090908090909080909090809090908090909080909090809090908090909080909090809090908090909080909090809090908090909080909090809090908020204030709090809090908090905080909090807090908070909080909090809080908090907080909090809090908050505080505050805050508050505","PASS"
"case-14","calgary18","geo","913ff6f45610599020c02f543a0d5a1f46cf772412e25a568b683d23db8c447d","huff_native","huffman","brotli_native_policy","0","102400","60126","8","8","12","1","43072","8","768","10520","2","469710","0","fbdd80d509dc5393","00010102010103010101010101010101040505050405050504050505040505050405050504050505040504050405050504050505040505050405050503020202040606070402020203020202030202020302020203020202030202020302020203020202030202020302020203020202030202020302020203020202030202020302020203020202030202020302020203020202030202020302020203020202030202020302020203020202030202020302020203020202030202020302020203060607040502020302030203020203030202020304020203050202030202020302030203020205030202020302020201020402010202020104020201030204","PASS"
"case-14","calgary18","geo","913ff6f45610599020c02f543a0d5a1f46cf772412e25a568b683d23db8c447d","rans_native","rans","brotli_native_policy","0","102400","58937","12","12","12","12","61488","8","1024","12606","2","457824","4","f6b5a35263332971","000101020101030101010101010101010405050504050505040505050405050504050505040505050405060504050505040505050405050504050505030707070809090a0b0707070307070703070707030707070307070703070707030707070807070703070707030707070307070703070707030707070307070703070707030707070307070703070707030707070307070703070707030707070307070703070707030707070307070703070707030707070307070703070707030707070309090a0b0607070307030703070703030707070306070703060707030707070307030603070706030707070307070701020202010202020102020201020202","PASS"
"case-14","calgary18","geo","913ff6f45610599020c02f543a0d5a1f46cf772412e25a568b683d23db8c447d","huff_matched","huffman","matched_merge","0","102400","60057","8","8","12","1","43072","8","768","8900","7","470773","0","09615393d9bad64d","00010102010101030303030303030303030404040304040403040404030404040304040403040404030403040304040403040404030404040304040401050505010606060305050501050505010505050105050501050505010505050105050501050505010505050105050501050505010505010105050501050505010505050105050501050505010505050105050501050505010505050101050501050505010105050101050501050505010505050105010101010501010105050101010501060606030505050301010501010501010505050103050501030501010505050101010503010103030105050101010107070707070707070707070707070707","PASS"
"case-14","calgary18","geo","913ff6f45610599020c02f543a0d5a1f46cf772412e25a568b683d23db8c447d","rans_matched","rans","matched_merge","0","102400","59021","8","8","12","12","40992","8","768","8808","0","462552","4","839443ae1147f22d","00010102010101010101010101010101030404040304040403040404030404040304040403040404030403040304040403040404030404040304040401050505060707070604050501050505010505050105050501050505010505050105050506050505010505050105050501050505010505050105050501050505010505050105050501050505010505050105050501050505010505050105050501050505010505050105050501050505010505050105050501050505010505050105050501070707060505050105050501050505010505050105050501050505010505050101060501050505010505050105050501020202010202020102020201020202","PASS"
"case-14","calgary18","geo","913ff6f45610599020c02f543a0d5a1f46cf772412e25a568b683d23db8c447d","huff_init_only","huffman","initialization_only","0","102400","66638","12","12","12","1","64608","8","1024","19642","7","512423","0","51e6e56b8c6fe3ec","000906060507080b0a0a03020b0900010a0b04020b090009020a00040108090a04070002080106040503060800050a07090b090a0a010600030b0009010305020506010300020709080405000508030a09070901020204040608080305010b0107070606010408000a05070702090a00040a050408010b08030905060000030b090b0704070903060b0a0a0301020308070907010308050b03040405010108010a0205020801020a03070b0905050a090b060b0002030b090604030007010400080702040306030505080a0a01000207060b0603070208060608060700050a0104040702040807000602060b0b0203000b020b05080305040900090a02010104","PASS"
"case-14","calgary18","geo","913ff6f45610599020c02f543a0d5a1f46cf772412e25a568b683d23db8c447d","rans_init_only","rans","initialization_only","0","102400","65624","24","24","12","12","122976","8","1280","29520","0","494152","4","36336d6dd2c93424","000912060507080b160a0f0e0b090c0d0a1704020b1500090e0a00040d08090a10070c0e140d1210110f1214001116131517150a16010600030b0c09010f050e050601030c02071508101100050803160913090d0e021004061408031101170d131312060d04140c0a05070702150a001016110414010b080f1505120c0c0f0b0917131007090f060b0a1603010203141309130d0f08110b03040405010d14011602050e080102160307170905110a150b120b000203171512100f00130d100c080702040f12031111140a160d000e130617120f07021406060806070c110a0d1004070e0408130c1202060b170e030c170e1705140f0510150015160e010104","PASS"
"case-14","calgary18","geo","913ff6f45610599020c02f543a0d5a1f46cf772412e25a568b683d23db8c447d","huff_payload_only","huffman","reassignment","1","102400","66881","48","48","12","1","258432","8","1536","73654","3","459847","0","8957b393eaa05f98","00132f1e1508080b16050f0e23090c0d0a171c1a0b2d06090e0a0a1c0d202122101f242614252a281127122c09292e2b150a2d0a161c1c171b1c0a0919181818050201030c1c1818081818181d1817180818181808081818081818181d181818131818181d081818081818181d1818181d18280808181818082718180818181d1618181808182718231b181808081b1808181818080818231b23081d19182c191e1d1b2708081d081b1e08181d08182723081d081d08081d230827081e1d1e19080702040f0f1b19111d1d1d19191d1d1d2b231b1f2d1e081e2023231e271d191b191b0e2f1d190c2a191d2308231d232f132f2f2f2f2f2f2f2f2f2f2f2f2f2f","PASS"
"case-14","calgary18","geo","913ff6f45610599020c02f543a0d5a1f46cf772412e25a568b683d23db8c447d","rans_payload_only","rans","reassignment","1","102400","64872","64","62","12","12","317688","8","1536","66196","4","451200","4","6bc3c0f36c7c0782","0008082d0808083a080808080808080809161b190a2c2f380d39060b0c0f10110f0e1315131419171016111b17181d1a141e1c291520251f1a2a2b2836262424050601030b212434312430243724222635242426352624243c26262436242426122426263623242636243d24312424263626262636261f2436242424362626260824241f361f24240826241f3c262a2308303a26082620263627262408342626081f1f24082526260826261c08262623082634270826261f08212426081c2626080702040e211f26181f312108262623082623341e111f2b082f2630081f262608323b1d3326230b291f1f1f081f323408122e2d082e2e2e082e2d2e082d2e2e","PASS"
"case-14","calgary18","geo","913ff6f45610599020c02f543a0d5a1f46cf772412e25a568b683d23db8c447d","rans_estimated_total","rans","reassignment","2","102400","59372","12","12","12","1","61488","8","1024","15048","0","458864","4","a88967455fd0562e","000808050808080a08080808080808080a0707070b070707060707070a0707010a0707070a0107070a0706070a070707080707070a070707080707070809090905020204030709090809090908090b090809090908090909080909090809090905090909080909090809090908090909080909090809090908090909080909090809090908090909080909090809090908090909080909090809090908090909080909090809090908090909080909090809090908090909080909090809090908020204030709090809090908090905080909090807090908070909080909090809080908090907080909090809090908050505080505050805050508050505","PASS"
"case-14","calgary18","geo","913ff6f45610599020c02f543a0d5a1f46cf772412e25a568b683d23db8c447d","huff_single","huffman","reassignment","0","102400","72749","1","1","1","1","5384","8","0","1536","3","580445","0","a3a99845058ac083","00000000000000000000000000000000000000000000000000000000000000000000000000000000000000000000000000000000000000000000000000000000000000000000000000000000000000000000000000000000000000000000000000000000000000000000000000000000000000000000000000000000000000000000000000000000000000000000000000000000000000000000000000000000000000000000000000000000000000000000000000000000000000000000000000000000000000000000000000000000000000000000000000000000000000000000000000000000000000000000000000000000000000000000000000000000","PASS"
"case-14","calgary18","geo","913ff6f45610599020c02f543a0d5a1f46cf772412e25a568b683d23db8c447d","rans_single","rans_highbits","fixed_reference","0","102400","72538","1","1","1","1","5124","8","0","1463","1","578800","4","c3e943a63efb6bbf","00000000000000000000000000000000000000000000000000000000000000000000000000000000000000000000000000000000000000000000000000000000000000000000000000000000000000000000000000000000000000000000000000000000000000000000000000000000000000000000000000000000000000000000000000000000000000000000000000000000000000000000000000000000000000000000000000000000000000000000000000000000000000000000000000000000000000000000000000000000000000000000000000000000000000000000000000000000000000000000000000000000000000000000000000000000","PASS"
"case-14","calgary18","geo","913ff6f45610599020c02f543a0d5a1f46cf772412e25a568b683d23db8c447d","rans_highbits","rans_highbits","fixed_reference","0","102400","63006","16","16","9","9","81984","8","0","16378","6","487624","4","b80c45b049e98fed","000000000000000000000000000000000101010101010101010101010101010102020202020202020202020202020202030303030303030303030303030303030404040404040404040404040404040405050505050505050505050505050505060606060606060606060606060606060707070707070707070707070707070708080808080808080808080808080808090909090909090909090909090909090a0a0a0a0a0a0a0a0a0a0a0a0a0a0a0a0b0b0b0b0b0b0b0b0b0b0b0b0b0b0b0b0c0c0c0c0c0c0c0c0c0c0c0c0c0c0c0c0d0d0d0d0d0d0d0d0d0d0d0d0d0d0d0d0e0e0e0e0e0e0e0e0e0e0e0e0e0e0e0e0f0f0f0f0f0f0f0f0f0f0f0f0f0f0f0f","PASS"
"case-14","calgary18","geo","913ff6f45610599020c02f543a0d5a1f46cf772412e25a568b683d23db8c447d","adaptive_order1","adaptive_order1","fixed_reference","0","102400","62551","256","256","1","1","132096","0","0","0","0","0","0","01cb7e2e6e1faf8a","00000000000000000000000000000000000000000000000000000000000000000000000000000000000000000000000000000000000000000000000000000000000000000000000000000000000000000000000000000000000000000000000000000000000000000000000000000000000000000000000000000000000000000000000000000000000000000000000000000000000000000000000000000000000000000000000000000000000000000000000000000000000000000000000000000000000000000000000000000000000000000000000000000000000000000000000000000000000000000000000000000000000000000000000000000000","PASS"
"case-15","calgary18","news","7f0482f9774681429eb7021050c17966f6acf19450e170de6611e1ed953d42e8","huff_reassignment","huffman","reassignment","0","377109","201982","64","64","12","1","344576","8","1536","37350","7","1576955","0","f5b4128ec9f3d96e","0900000000000000001f09002100000000000000000000000000000000000000001b3e2d000b2332262100291c121000271d292f33383a37303815213f3d23212a2e00252835393c281e280b3b2c343c2b10312024221124042400000d2119092003170a0e0114130c0736190b0f050411200806020d1a162d180c101c1c06000000000000000000000000000000000000000000000000000000000000000000000000000000000000000000000000000000000000000000000000000000000000000000000000000000000000000000000000000000000000000000000000000000000000000000000000000000000000000000000000000000000000000000","PASS"
"case-15","calgary18","news","7f0482f9774681429eb7021050c17966f6acf19450e170de6611e1ed953d42e8","rans_reassignment","rans","reassignment","0","377109","200730","64","64","12","12","327936","8","1536","42442","6","1561816","4","f7c85c5f71a422b0","0900000000000000001f09002100000000000000000000000000000000000000001b3e2d00102332262100291c121000271d292f33383a37303815213f3d23212a2e2625283539262c1e2c0b3b2c343c2b20312024221124093411000d2119092003170a0e0114130c0736190b0f050411200806020d1a162d180c10232306000000000000000000000000000000000000000000000000000000000000000000000000000000000000000000000000000000000000000000000000000000000000000000000000000000000000000000000000000000000000000000000000000000000000000000000000000000000000000000000000000000000000000000","PASS"
"case-15","calgary18","news","7f0482f9774681429eb7021050c17966f6acf19450e170de6611e1ed953d42e8","huff_native","huffman","brotli_native_policy","0","377109","200790","64","64","12","1","344576","8","1536","37190","3","1567583","0","7289197da762f55d","0000000000000000000100000200000000000000000000000000000000000000030402050306020708090a090b0c0d0a0e0f0f0f10101009111012021314020915161718191a1b1c171d17171e1f20212223202324251e2426171708150208270828292a2b2c2d2e2f30310632333435363738393a3b3c3d053e170d0b023f000000000000000000000000000000000000000000000000000000000000000000000000000000000000000000000000000000000000000000000000000000000000000000000000000000000000000000000000000000000000000000000000000000000000000000000000000000000000000000000000000000000000000000","PASS"
"case-15","calgary18","news","7f0482f9774681429eb7021050c17966f6acf19450e170de6611e1ed953d42e8","rans_native","rans","brotli_native_policy","0","377109","199608","64","64","12","12","327936","8","1536","42228","4","1553056","4","355c9cd6daec0a89","0000000000000000000100000200000000000000000000000000000000000000030402050306020708090a090b0c0d0a0e0f0f0f10101009111012021314020915161718191a1b1c171d17171e1f20212223202324251e2426171708150208270828292a2b2c2d2e2f30310632333435363738393a3b3c3d053e170d0b023f000000000000000000000000000000000000000000000000000000000000000000000000000000000000000000000000000000000000000000000000000000000000000000000000000000000000000000000000000000000000000000000000000000000000000000000000000000000000000000000000000000000000000000","PASS"
"case-15","calgary18","news","7f0482f9774681429eb7021050c17966f6acf19450e170de6611e1ed953d42e8","huff_matched","huffman","matched_merge","0","377109","200480","64","64","12","1","344576","8","1536","35778","4","1566514","0","27034945274e3a14","000000000000000000010200030000000000000000000000000000000000000004050607000008090a030b0c080d0e000f0f0f0f0f0f0f10110f0803121306141516171819161a1b171c1717171d1e1b1f201e2021221721231717002403002525262728292a2b2c2d2e2f24303132333435363738393a3b3c3d3e0e08063f000000000000000000000000000000000000000000000000000000000000000000000000000000000000000000000000000000000000000000000000000000000000000000000000000000000000000000000000000000000000000000000000000000000000000000000000000000000000000000000000000000000000000000","PASS"
"case-15","calgary18","news","7f0482f9774681429eb7021050c17966f6acf19450e170de6611e1ed953d42e8","rans_matched","rans","matched_merge","0","377109","199391","64","60","12","12","307440","8","1536","39378","6","1554168","4","1c67a6e1c2fb8f7e","00000000000000000001000002000000000000000000000000000000000000000304050603070508090a0b0c0d0e07050f0f0f0f0f0f0f0f100f110a1213050a141516171815191a161b1616161c1d1a1e1f1d1f2021162022161609230c0c24062526272802292a2b2c2d232e2f30313233343536373839063a380c0c0c3b000000000000000000000000000000000000000000000000000000000000000000000000000000000000000000000000000000000000000000000000000000000000000000000000000000000000000000000000000000000000000000000000000000000000000000000000000000000000000000000000000000000000000000","PASS"
"case-15","calgary18","news","7f0482f9774681429eb7021050c17966f6acf19450e170de6611e1ed953d42e8","huff_init_only","huffman","initialization_only","0","377109","204116","64","64","12","1","344576","8","1536","37922","1","1593461","0","0af4beb5e819c745","2200000000000000001f09002100000000000000000000000000000000000000001b3e0c1b181d322621000f1c121007271d292f33383a373002150d3f3d230e2a2e032528353901081e100b3b2c343c2b1f31202422110a04171e14161519092003170a0e0114130c0736190b0f050411120806020d1a162d18051a131c06000000000000000000000000000000000000000000000000000000000000000000000000000000000000000000000000000000000000000000000000000000000000000000000000000000000000000000000000000000000000000000000000000000000000000000000000000000000000000000000000000000000000000000","PASS"
"case-15","calgary18","news","7f0482f9774681429eb7021050c17966f6acf19450e170de6611e1ed953d42e8","rans_init_only","rans","initialization_only","0","377109","203014","64","64","12","12","327936","8","1536","43026","6","1579504","4","92b869e587480bfc","2200000000000000001f09002100000000000000000000000000000000000000001b3e0c1b181d322621000f1c121007271d292f33383a373002150d3f3d230e2a2e032528353901081e100b3b2c343c2b1f31202422110a04171e14161519092003170a0e0114130c0736190b0f050411120806020d1a162d18051a131c06000000000000000000000000000000000000000000000000000000000000000000000000000000000000000000000000000000000000000000000000000000000000000000000000000000000000000000000000000000000000000000000000000000000000000000000000000000000000000000000000000000000000000000","PASS"
"case-15","calgary18","news","7f0482f9774681429eb7021050c17966f6acf19450e170de6611e1ed953d42e8","huff_payload_only","huffman","reassignment","1","377109","201982","64","64","12","1","344576","8","1536","37350","7","1576955","0","f5b4128ec9f3d96e","0900000000000000001f09002100000000000000000000000000000000000000001b3e2d000b2332262100291c121000271d292f33383a37303815213f3d23212a2e00252835393c281e280b3b2c343c2b10312024221124042400000d2119092003170a0e0114130c0736190b0f050411200806020d1a162d180c101c1c06000000000000000000000000000000000000000000000000000000000000000000000000000000000000000000000000000000000000000000000000000000000000000000000000000000000000000000000000000000000000000000000000000000000000000000000000000000000000000000000000000000000000000000","PASS"
"case-15","calgary18","news","7f0482f9774681429eb7021050c17966f6acf19450e170de6611e1ed953d42e8","rans_payload_only","rans","reassignment","1","377109","200730","64","64","12","12","327936","8","1536","42442","6","1561816","4","f7c85c5f71a422b0","0900000000000000001f09002100000000000000000000000000000000000000001b3e2d00102332262100291c121000271d292f33383a37303815213f3d23212a2e2625283539262c1e2c0b3b2c343c2b20312024221124093411000d2119092003170a0e0114130c0736190b0f050411200806020d1a162d180c10232306000000000000000000000000000000000000000000000000000000000000000000000000000000000000000000000000000000000000000000000000000000000000000000000000000000000000000000000000000000000000000000000000000000000000000000000000000000000000000000000000000000000000000000","PASS"
"case-15","calgary18","news","7f0482f9774681429eb7021050c17966f6acf19450e170de6611e1ed953d42e8","rans_estimated_total","rans","reassignment","2","377109","200730","64","64","12","1","327936","8","1536","42442","6","1561816","4","f7c85c5f71a422b0","0900000000000000001f09002100000000000000000000000000000000000000001b3e2d00102332262100291c121000271d292f33383a37303815213f3d23212a2e2625283539262c1e2c0b3b2c343c2b20312024221124093411000d2119092003170a0e0114130c0736190b0f050411200806020d1a162d180c10232306000000000000000000000000000000000000000000000000000000000000000000000000000000000000000000000000000000000000000000000000000000000000000000000000000000000000000000000000000000000000000000000000000000000000000000000000000000000000000000000000000000000000000000","PASS"
"case-15","calgary18","news","7f0482f9774681429eb7021050c17966f6acf19450e170de6611e1ed953d42e8","huff_single","huffman","reassignment","0","377109","246475","1","1","1","1","5384","8","0","644","2","1971146","0","58e0c7e097ea578d","00000000000000000000000000000000000000000000000000000000000000000000000000000000000000000000000000000000000000000000000000000000000000000000000000000000000000000000000000000000000000000000000000000000000000000000000000000000000000000000000000000000000000000000000000000000000000000000000000000000000000000000000000000000000000000000000000000000000000000000000000000000000000000000000000000000000000000000000000000000000000000000000000000000000000000000000000000000000000000000000000000000000000000000000000000000","PASS"
"case-15","calgary18","news","7f0482f9774681429eb7021050c17966f6acf19450e170de6611e1ed953d42e8","rans_single","rans_highbits","fixed_reference","0","377109","244826","1","1","1","1","5124","8","0","951","1","1957616","4","7ca3a1ce7928a145","00000000000000000000000000000000000000000000000000000000000000000000000000000000000000000000000000000000000000000000000000000000000000000000000000000000000000000000000000000000000000000000000000000000000000000000000000000000000000000000000000000000000000000000000000000000000000000000000000000000000000000000000000000000000000000000000000000000000000000000000000000000000000000000000000000000000000000000000000000000000000000000000000000000000000000000000000000000000000000000000000000000000000000000000000000000","PASS"
"case-15","calgary18","news","7f0482f9774681429eb7021050c17966f6acf19450e170de6611e1ed953d42e8","rans_highbits","rans_highbits","fixed_reference","0","377109","205570","256","256","9","9","1311744","8","0","100870","2","1543648","4","42a489bada058297","000102030405060708090a0b0c0d0e0f101112131415161718191a1b1c1d1e1f202122232425262728292a2b2c2d2e2f303132333435363738393a3b3c3d3e3f404142434445464748494a4b4c4d4e4f505152535455565758595a5b5c5d5e5f606162636465666768696a6b6c6d6e6f707172737475767778797a7b7c7d7e7f808182838485868788898a8b8c8d8e8f909192939495969798999a9b9c9d9e9fa0a1a2a3a4a5a6a7a8a9aaabacadaeafb0b1b2b3b4b5b6b7b8b9babbbcbdbebfc0c1c2c3c4c5c6c7c8c9cacbcccdcecfd0d1d2d3d4d5d6d7d8d9dadbdcdddedfe0e1e2e3e4e5e6e7e8e9eaebecedeeeff0f1f2f3f4f5f6f7f8f9fafbfcfdfeff","PASS"
"case-15","calgary18","news","7f0482f9774681429eb7021050c17966f6acf19450e170de6611e1ed953d42e8","adaptive_order1","adaptive_order1","fixed_reference","0","377109","195840","256","256","1","1","132096","0","0","0","0","0","0","3038867c61502063","00000000000000000000000000000000000000000000000000000000000000000000000000000000000000000000000000000000000000000000000000000000000000000000000000000000000000000000000000000000000000000000000000000000000000000000000000000000000000000000000000000000000000000000000000000000000000000000000000000000000000000000000000000000000000000000000000000000000000000000000000000000000000000000000000000000000000000000000000000000000000000000000000000000000000000000000000000000000000000000000000000000000000000000000000000000","PASS"
"case-16","calgary18","obj1","8c06109caffd7e794516e4ed10095b0238ea8df63ed66840907cd4dd23e2cf72","huff_reassignment","huffman","reassignment","0","21504","14921","4","4","12","1","21536","8","512","6580","0","112268","0","ec80ba1f82c5553b","00010100010102010101010103000101010101020101000201010000000000000200000000020000010000000000020002020302020202000002000000000000000000000000000000000000000202000101010202010103010101010103010201020202020202020202010202020202030302020202020203020202020001020002020202020201030203010202010203030201010202010301020202020301030302020203030301020303030203020203000202010202020103000302030201030303010202030001010100030300030301010303030101020201010301010101010101010101010301020102020201030201000203020303010101020303","PASS"
"case-16","calgary18","obj1","8c06109caffd7e794516e4ed10095b0238ea8df63ed66840907cd4dd23e2cf72","rans_reassignment","rans","reassignment","0","21504","14394","8","8","12","12","40992","8","768","9026","6","105312","4","7df80f6b4e6916da","00020402050102020501050505000502020102020201020502020200020002000702020402020002050200020000020202020207020202020202000202000000020200020002020202020002020707000102020202020202020202050404050202070207070707070707020207070407040407070707070707070202020205020202020202020202020202050202040203020202020202020301020202020302060602060604060202070103060606020203000202020202010107000306060204030404010202020201040102030302030404050404030302020202050404040101020202010305050202020302020205030206000203020505050104020303","PASS"
"case-16","calgary18","obj1","8c06109caffd7e794516e4ed10095b0238ea8df63ed66840907cd4dd23e2cf72","huff_native","huffman","brotli_native_policy","0","21504","14612","12","12","12","1","64608","8","1024","14570","1","101293","0","d278fcc20896d258","00000101000203030402020004000400000303030303030503030000000000000506000604050006050000000000060606030505050506000606000000000000060600060000000600000006030505000201040403040404030204020007010304050505050505050505020405050505050405050505050508050304020702030003030304030306030303040303010307050303040303030703030603030300090903030303090303060309090a090303090003030303030300080009030903000707070304030300080403030904040b0704040b070b04030303030407010b0303030304030404040b04030403060301040303010304040404040804040404","PASS"
"case-16","calgary18","obj1","8c06109caffd7e794516e4ed10095b0238ea8df63ed66840907cd4dd23e2cf72","rans_native","rans","brotli_native_policy","0","21504","14113","16","16","12","12","81984","8","1024","14442","6","97392","4","d1df9a6c0b0364f0","0001010201010303010405060706070701030303030303080303060603060606080606060706060608060606060606060603080808060606060606060606060606060606060606060606060606060606050207070607070703050705080902030708080808080808080805070808080808080808080808060a0803070509040606060603070303060303080703030403080803030803030309060306030303060b0c03030c030b030306080c0b0d0b03030b06030303030303030a030b030b030809080903070308030a0803060b07070e09070708090e0803030303070904080303030307030707070e0703070606030f070303020308080707070a07070707","PASS"
"case-16","calgary18","obj1","8c06109caffd7e794516e4ed10095b0238ea8df63ed66840907cd4dd23e2cf72","huff_matched","huffman","matched_merge","0","21504","14345","16","16","12","1","86144","8","1024","10978","6","102744","0","0d8bc529e5e72bd1","000101010101020201030000010001010102020202000101000000000000000004000000020400000100000000000005000201040404050000000000000000000000000000000000000000000000010001010102010101010101010101010102010401040404040104040101040404040401040404040401060402020207080000020201020202020202020102020902020101020102020202020202020202010a0a02020a0202020202020a0a0b020202020002020202020202060002020202020202020202020202020202000202010c0c010202010c0102000102010d0707020202000202020201020202010202020e020202020202020202010f02020202","PASS"
"case-16","calgary18","obj1","8c06109caffd7e794516e4ed10095b0238ea8df63ed66840907cd4dd23e2cf72","rans_matched","rans","matched_merge","0","21504","14021","12","12","12","12","61488","8","1024","10956","4","100144","4","ac05fe0bddbc67b8","000101010101010101020303010301010103030303030301030303030300030004030303030403040103040303000404030304040404030304040403030400000404040404040403040404030404040402020203040202020202030201050203020606060606060606060203060606060602060606060606070603030208020303030303030303030903030303090a0303010303020303030503030403030303090903090903090909030909090b0903030900030303030303030a030903090303050305030303030307030303090303050503030505050503030303030508080303030303030301010503030203030308030303080303030203020703030303","PASS"
"case-16","calgary18","obj1","8c06109caffd7e794516e4ed10095b0238ea8df63ed66840907cd4dd23e2cf72","huff_init_only","huffman","initialization_only","0","21504","15894","4","4","12","1","21536","8","512","6546","6","120080","0","792dc225a969c599","00020000010100000301010101000300030102010101010202010002000002010302020003020000010000020202020302030300000001010101000203030001020101020001000202010003000301030100000301030200000200000102010002010203000201000000010202020001020002030302010103010002010001020203010002020001030303010000000203020302030203000300010101000301030301020302020001010103020203030201030003010002020203030302000100030201020102020203020301030302030000020201030303030003030001000102030003000301000001020301010201030203000203000301030100030303","PASS"
"case-16","calgary18","obj1","8c06109caffd7e794516e4ed10095b0238ea8df63ed66840907cd4dd23e2cf72","rans_init_only","rans","initialization_only","0","21504","15628","8","8","12","12","40992","8","768","10784","0","113432","4","d23b33fdb99a2d0e","00020400050104040301050505000304070106050501010602010402040002050702060407020004050004060606020306070304000401050105040207030005060101020005000606010003000705030100000705030204000200000106050406050207040601040000050602020401020406070706010507010406010005060203050406020401070703050004040203020702070603000304050505000301030701060706060005050103060603070201070407050002060607070302000104070605020102060207060705030306030400020205030303070003070401040106070003040301000001020701010205030203000203040705030104070703","PASS"
"case-16","calgary18","obj1","8c06109caffd7e794516e4ed10095b0238ea8df63ed66840907cd4dd23e2cf72","huff_payload_only","huffman","reassignment","1","21504","18772","64","64","12","1","344576","8","1536","57644","1","90987","0","66adfeb3dcf4f941","000a0c100501141c13212d0d0d381b243711263d0529010e022114123400223d07021634170a003c35301c00260e2a03360f0b0418343905113d242a3f00001d2e39312a201d080e1e023003281f350001081827153b220400122038093e2d2c1e2502272c0e313c202835363a1a14191a2c1e2f1f0619250721143e29081d261a022d042e2234090f0f230510241c123b322f0a373e0b30233c1535253803392b1731363f062e022d3d311b1606333732093f1c3f1d3832111e173d232218390c0f3e0d3a1112260a272e1715130b360324353a3225332b3b1f18182f04292c19162728230c33112820293a1f0f1902153b1a13302a1b0c2f0d2b093c07370b","PASS"
"case-16","calgary18","obj1","8c06109caffd7e794516e4ed10095b0238ea8df63ed66840907cd4dd23e2cf72","rans_payload_only","rans","reassignment","1","21504","17841","64","64","12","12","327936","8","1536","52382","2","88768","4","3789a30ac18185a5","000a0c100501141c13212d0d0d381b243711263d0529010e022114123400223d07023434170a003c35300000260e2a2a360f0b0418343905113d242a3f00001d2e39312a201d080e1e023002281f351301081827153b220412122038053e2d2c1e2502272c0e313c202835363a1a14191a2c1e2f1f0619250721143e29081d261a022d042e2234090f0f230510241c123b322f0a373e0b30233c1535253803392b1731363f022e022d3d311b1606333732093f1c3f1d3832111e173d232218390c0f3e0d3a1112260a272e1715130b360324353a3225332b3b1f18332f04292c19162728230c33112820293a1f0f1902153b1a13302a1b0c2f0d2b093c07370b","PASS"
"case-16","calgary18","obj1","8c06109caffd7e794516e4ed10095b0238ea8df63ed66840907cd4dd23e2cf72","rans_estimated_total","rans","reassignment","2","21504","14394","8","8","12","1","40992","8","768","9026","6","105312","4","7df80f6b4e6916da","00020402050102020501050505000502020102020201020502020200020002000702020402020002050200020000020202020207020202020202000202000000020200020002020202020002020707000102020202020202020202050404050202070207070707070707020207070407040407070707070707070202020205020202020202020202020202050202040203020202020202020301020202020302060602060604060202070103060606020203000202020202010107000306060204030404010202020201040102030302030404050404030302020202050404040101020202010305050202020302020205030206000203020505050104020303","PASS"
"case-16","calgary18","obj1","8c06109caffd7e794516e4ed10095b0238ea8df63ed66840907cd4dd23e2cf72","huff_single","huffman","reassignment","0","21504","16244","1","1","1","1","5384","8","0","1536","0","128408","0","e04684a0c821bbc4","00000000000000000000000000000000000000000000000000000000000000000000000000000000000000000000000000000000000000000000000000000000000000000000000000000000000000000000000000000000000000000000000000000000000000000000000000000000000000000000000000000000000000000000000000000000000000000000000000000000000000000000000000000000000000000000000000000000000000000000000000000000000000000000000000000000000000000000000000000000000000000000000000000000000000000000000000000000000000000000000000000000000000000000000000000000","PASS"
"case-16","calgary18","obj1","8c06109caffd7e794516e4ed10095b0238ea8df63ed66840907cd4dd23e2cf72","rans_single","rans_highbits","fixed_reference","0","21504","16200","1","1","1","1","5124","8","0","1523","5","128032","4","2206ee69fdb7886e","00000000000000000000000000000000000000000000000000000000000000000000000000000000000000000000000000000000000000000000000000000000000000000000000000000000000000000000000000000000000000000000000000000000000000000000000000000000000000000000000000000000000000000000000000000000000000000000000000000000000000000000000000000000000000000000000000000000000000000000000000000000000000000000000000000000000000000000000000000000000000000000000000000000000000000000000000000000000000000000000000000000000000000000000000000000","PASS"
"case-16","calgary18","obj1","8c06109caffd7e794516e4ed10095b0238ea8df63ed66840907cd4dd23e2cf72","rans_highbits","rans_highbits","fixed_reference","0","21504","14930","8","8","9","9","40992","8","0","10124","4","109272","4","c12c01c69e8cc0bc","00000000000000000000000000000000000000000000000000000000000000000101010101010101010101010101010101010101010101010101010101010101020202020202020202020202020202020202020202020202020202020202020203030303030303030303030303030303030303030303030303030303030303030404040404040404040404040404040404040404040404040404040404040404050505050505050505050505050505050505050505050505050505050505050506060606060606060606060606060606060606060606060606060606060606060707070707070707070707070707070707070707070707070707070707070707","PASS"
"case-16","calgary18","obj1","8c06109caffd7e794516e4ed10095b0238ea8df63ed66840907cd4dd23e2cf72","adaptive_order1","adaptive_order1","fixed_reference","0","21504","12551","256","256","1","1","132096","0","0","0","0","0","0","a14413434086147e","00000000000000000000000000000000000000000000000000000000000000000000000000000000000000000000000000000000000000000000000000000000000000000000000000000000000000000000000000000000000000000000000000000000000000000000000000000000000000000000000000000000000000000000000000000000000000000000000000000000000000000000000000000000000000000000000000000000000000000000000000000000000000000000000000000000000000000000000000000000000000000000000000000000000000000000000000000000000000000000000000000000000000000000000000000000","PASS"
"case-17","calgary18","obj2","8b3e7f028bfefaebdd48a791060a1ab11d1ffd9bf27e0d63b15e58dda0deb984","huff_reassignment","huffman","reassignment","0","246814","142901","64","64","12","1","344576","8","1536","85246","5","1056413","0","14944da2649293f3","0009061f1430191d1b26271718141414123a3d1a36383714092f1325141c362a0e0d2432310e0d140909232a2a3f070f0c3a2f0c3d1c2a3e1d0e23210a1c0208101517270001381f021c29142025041e0e15211936333b3b33333800333b13342e243c25170a392025182d0a253a030a2222253b25221b25091826002e39280731351e3b1b3a16251409232838141416350d0d3821002a39323923091b381c290039261b262628163e1a27233705290021340e09142f37281b0c1b0937303e0c2c2b233b372b3729102a2319371b280335313714372628263714372c372d3800063d132d371a380a1d121038101e3c00280a141b37273727372c1e0b0d110b01","PASS"
"case-17","calgary18","obj2","8b3e7f028bfefaebdd48a791060a1ab11d1ffd9bf27e0d63b15e58dda0deb984","rans_reassignment","rans","reassignment","0","246814","137680","64","64","12","12","327936","8","1536","57042","6","1042816","4","a0beba6b89ec7365","0009061f1430191d1b26271718141414123a3d1a363837141b2f1b25161c362a0e112432310e0d140909232a2a3f070f0c3a2f0c3d1c2a1c1d0e2c1c0a1c0208101517270001381f021c29122025041e0e15211936333b3b33332800333b13342e243c25170a392025182d0a253a03112222253b25221b251b1826002e0928073135383b373a16253f363728381f1416350d373821000014321423091b371c310039371b281b28163e1a3728370529002100371b372f3728370c1b09373f3e0c2c2b233b372b37293c2a3719371b3d0335313714372628283714372c372d37000b3d132d371a380a1d1210381b1e3c00280a37003727371b372c1e0b0d110b01","PASS"
"case-17","calgary18","obj2","8b3e7f028bfefaebdd48a791060a1ab11d1ffd9bf27e0d63b15e58dda0deb984","huff_native","huffman","brotli_native_policy","0","246814","139163","64","64","12","1","344576","8","1536","76470","1","1035289","0","029c9f62b54b2ed2","00010203040405060704070408040904090a0b040c0a070a0a0d0a0e0a0f0c0b100a1112131014041504151415161718190b0b0b1a100a0f0a0a0b161b0f1a1c1d1e1f2021220a22232224042526272228292a080a2b2c2c2d2d0a012d0c0b2e142f0726262f1430263115142632332f2130262626260a26252f210014002117153407280726070a0a07070a0a0a073513140a071a000a2e092e0a070707080714140707070707070d36070a073728051313130a0707070e070a1f0a0712072b383438340734070a280a0701070407391306070a070a080507070738070a072225203a35070e0a1b072e2835073b28000a20070a070a070a070e070e3c3d3e3f","PASS"
"case-17","calgary18","obj2","8b3e7f028bfefaebdd48a791060a1ab11d1ffd9bf27e0d63b15e58dda0deb984","rans_native","rans","brotli_native_policy","0","246814","134475","64","64","12","12","327936","8","1536","53128","0","1021096","4","c3faa13de53f2232","00010203040405060704070408040904090a0b040c0a070a0a0d0a0e0a0f0c0b100a1112131014041504151415161718190b0b0b1a100a0f0a0a0b161b0f1a1c1d1e1f2021220a22232224042526272228292a080a2b2c2c2d2d0a012d0c0b2e142f0726262f1430263115142632332f2130262626260a26252f210014002117153407280726070a0a07070a0a0a073513140a071a000a2e092e0a070707080714140707070707070d36070a073728051313130a0707070e070a1f0a0712072b383438340734070a280a0701070407391306070a070a080507070738070a072225203a35070e0a1b072e2835073b28000a20070a070a070a070e070e3c3d3e3f","PASS"
"case-17","calgary18","obj2","8b3e7f028bfefaebdd48a791060a1ab11d1ffd9bf27e0d63b15e58dda0deb984","huff_matched","huffman","matched_merge","0","246814","138610","64","64","12","1","344576","8","1536","69250","6","1038080","0","e423d08953ec3251","000102030303030405030503060305050701070608060505060305020609080a0b060c0d06060e060e030f0e0e1011121306070614060606060605061509161718191a191b1c1d061e1f160e132021221d2324251d26272726261d001d080a28291c2a20291c2929202b2c29202d2e2f1b1b2a20201c2a201d1c300029311d2e08320532052905052922051d14050533342905053400290a05280506050525052929050505050505223505050536370e343805140505051d05140a01053105231f3905380539050637050504052f052e341d051d052a3a0e3a05051f051d053b0a00293c053d05150507373c053e37001d3f05010505050505310532313f3238","PASS"
"case-17","calgary18","obj2","8b3e7f028bfefaebdd48a791060a1ab11d1ffd9bf27e0d63b15e58dda0deb984","rans_matched","rans","matched_merge","0","246814","134099","64","64","12","12","327936","8","1536","54640","0","1016576","4","412c3400976131d8","00010203040405060704070408040707090a0a050b0a0a070a050a050a0c0b0d0e0f0f10080e1105120411110d131415160e1717170c0a0c0a0a0a0c180c191a1b1c1d1c1e1f2021221f231f2024251f2126081e21272828272729052101172a2b2c2124242c2b2b242c2d2b242b2e2c11242024242c21242f2c2d052b00001430312931292b292929052929300a29323334333235052b2a3526292929291e30002b2929292929323637292935383505330533293329391f391f0d29391f35162f313a3112311212120729053a0d122e3306120a39291e053a39392f39053a1f0d35113b393b1218122a123b123c2800290312123939390739033903343d3e3f","PASS"
"case-17","calgary18","obj2","8b3e7f028bfefaebdd48a791060a1ab11d1ffd9bf27e0d63b15e58dda0deb984","huff_init_only","huffman","initialization_only","0","246814","149640","64","64","12","1","344576","8","1536","90842","1","1104733","0","1828a086125ce03e","0009061f1430191d1b2627171818043f123a3d1a0c00340c002f13251639362a0e11243231160d13070d232a063f070f0c3a2f0c3d012a3e1d092c210a1c02081015172700012e02021c2912200f041e0e15211936123b0d33242b38371c13342e243c1b170a392019182d35253a03112222253b01223606021426331c392810313505150f3a0b183f363235381f0b1633030907213c0420320a2f300e240f2916390e252626343c3e1a0b230305291e2134042b332f053b1f3d1b2e143f3e372c2b233b30272029152a233e221a102e353137172d2c282805321131302d2b07063d132d081a38121d080338101e3c27280a141b1f1d0919372c1e080d110b01","PASS"
"case-17","calgary18","obj2","8b3e7f028bfefaebdd48a791060a1ab11d1ffd9bf27e0d63b15e58dda0deb984","rans_init_only","rans","initialization_only","0","246814","144567","64","64","12","12","327936","8","1536","60076","4","1094880","4","04cb68559840ec48","0009061f1430191d1b2627171818043f123a3d1a0c00340c002f13251639362a0e11243231160d13070d232a063f070f0c3a2f0c3d012a3e1d092c210a1c02081015172700012e02021c2912200f041e0e15211936123b0d33242b38371c13342e243c1b170a392019182d35253a03112222253b01223606021426331c392810313505150f3a0b183f363235381f0b1633030907213c0420320a2f300e240f2916390e252626343c3e1a0b230305291e2134042b332f053b1f3d1b2e143f3e372c2b233b30272029152a233e221a102e353137172d2c282805321131302d2b07063d132d081a38121d080338101e3c27280a141b1f1d0919372c1e080d110b01","PASS"
"case-17","calgary18","obj2","8b3e7f028bfefaebdd48a791060a1ab11d1ffd9bf27e0d63b15e58dda0deb984","huff_payload_only","huffman","reassignment","1","246814","142901","64","64","12","1","344576","8","1536","85246","5","1056413","0","14944da2649293f3","0009061f1430191d1b26271718141414123a3d1a36383714092f1325141c362a0e0d2432310e0d140909232a2a3f070f0c3a2f0c3d1c2a3e1d0e23210a1c0208101517270001381f021c29142025041e0e15211936333b3b33333800333b13342e243c25170a392025182d0a253a030a2222253b25221b25091826002e39280731351e3b1b3a16251409232838141416350d0d3821002a39323923091b381c290039261b262628163e1a27233705290021340e09142f37281b0c1b0937303e0c2c2b233b372b3729102a2319371b280335313714372628263714372c372d3800063d132d371a380a1d121038101e3c00280a141b37273727372c1e0b0d110b01","PASS"
"case-17","calgary18","obj2","8b3e7f028bfefaebdd48a791060a1ab11d1ffd9bf27e0d63b15e58dda0deb984","rans_payload_only","rans","reassignment","1","246814","137680","64","64","12","12","327936","8","1536","57042","6","1042816","4","a0beba6b89ec7365","0009061f1430191d1b26271718141414123a3d1a363837141b2f1b25161c362a0e112432310e0d140909232a2a3f070f0c3a2f0c3d1c2a1c1d0e2c1c0a1c0208101517270001381f021c29122025041e0e15211936333b3b33332800333b13342e243c25170a392025182d0a253a03112222253b25221b251b1826002e0928073135383b373a16253f363728381f1416350d373821000014321423091b371c310039371b281b28163e1a3728370529002100371b372f3728370c1b09373f3e0c2c2b233b372b37293c2a3719371b3d0335313714372628283714372c372d37000b3d132d371a380a1d1210381b1e3c00280a37003727371b372c1e0b0d110b01","PASS"
"case-17","calgary18","obj2","8b3e7f028bfefaebdd48a791060a1ab11d1ffd9bf27e0d63b15e58dda0deb984","rans_estimated_total","rans","reassignment","2","246814","137680","64","64","12","1","327936","8","1536","57042","6","1042816","4","a0beba6b89ec7365","0009061f1430191d1b26271718141414123a3d1a363837141b2f1b25161c362a0e112432310e0d140909232a2a3f070f0c3a2f0c3d1c2a1c1d0e2c1c0a1c0208101517270001381f021c29122025041e0e15211936333b3b33332800333b13342e243c25170a392025182d0a253a03112222253b25221b251b1826002e0928073135383b373a16253f363728381f1416350d373821000014321423091b371c310039371b281b28163e1a3728370529002100371b372f3728370c1b09373f3e0c2c2b233b372b37293c2a3719371b3d0335313714372628283714372c372d37000b3d132d371a380a1d1210381b1e3c00280a37003727371b372c1e0b0d110b01","PASS"
"case-17","calgary18","obj2","8b3e7f028bfefaebdd48a791060a1ab11d1ffd9bf27e0d63b15e58dda0deb984","huff_single","huffman","reassignment","0","246814","194289","1","1","1","1","5384","8","0","1536","4","1552764","0","a98eacd16cfb9af3","00000000000000000000000000000000000000000000000000000000000000000000000000000000000000000000000000000000000000000000000000000000000000000000000000000000000000000000000000000000000000000000000000000000000000000000000000000000000000000000000000000000000000000000000000000000000000000000000000000000000000000000000000000000000000000000000000000000000000000000000000000000000000000000000000000000000000000000000000000000000000000000000000000000000000000000000000000000000000000000000000000000000000000000000000000000","PASS"
"case-17","calgary18","obj2","8b3e7f028bfefaebdd48a791060a1ab11d1ffd9bf27e0d63b15e58dda0deb984","rans_single","rans_highbits","fixed_reference","0","246814","193615","1","1","1","1","5124","8","0","1525","3","1547352","4","a06e993118150171","00000000000000000000000000000000000000000000000000000000000000000000000000000000000000000000000000000000000000000000000000000000000000000000000000000000000000000000000000000000000000000000000000000000000000000000000000000000000000000000000000000000000000000000000000000000000000000000000000000000000000000000000000000000000000000000000000000000000000000000000000000000000000000000000000000000000000000000000000000000000000000000000000000000000000000000000000000000000000000000000000000000000000000000000000000000","PASS"
"case-17","calgary18","obj2","8b3e7f028bfefaebdd48a791060a1ab11d1ffd9bf27e0d63b15e58dda0deb984","rans_highbits","rans_highbits","fixed_reference","0","246814","140217","256","256","9","9","1311744","8","0","165754","6","955936","4","51c63c88b0f26aa1","000102030405060708090a0b0c0d0e0f101112131415161718191a1b1c1d1e1f202122232425262728292a2b2c2d2e2f303132333435363738393a3b3c3d3e3f404142434445464748494a4b4c4d4e4f505152535455565758595a5b5c5d5e5f606162636465666768696a6b6c6d6e6f707172737475767778797a7b7c7d7e7f808182838485868788898a8b8c8d8e8f909192939495969798999a9b9c9d9e9fa0a1a2a3a4a5a6a7a8a9aaabacadaeafb0b1b2b3b4b5b6b7b8b9babbbcbdbebfc0c1c2c3c4c5c6c7c8c9cacbcccdcecfd0d1d2d3d4d5d6d7d8d9dadbdcdddedfe0e1e2e3e4e5e6e7e8e9eaebecedeeeff0f1f2f3f4f5f6f7f8f9fafbfcfdfeff","PASS"
"case-17","calgary18","obj2","8b3e7f028bfefaebdd48a791060a1ab11d1ffd9bf27e0d63b15e58dda0deb984","adaptive_order1","adaptive_order1","fixed_reference","0","246814","125731","256","256","1","1","132096","0","0","0","0","0","0","e4395c470a3aaf9f","00000000000000000000000000000000000000000000000000000000000000000000000000000000000000000000000000000000000000000000000000000000000000000000000000000000000000000000000000000000000000000000000000000000000000000000000000000000000000000000000000000000000000000000000000000000000000000000000000000000000000000000000000000000000000000000000000000000000000000000000000000000000000000000000000000000000000000000000000000000000000000000000000000000000000000000000000000000000000000000000000000000000000000000000000000000","PASS"
"case-18","calgary18","paper1","8d9c42d9fa58b5bce1a8b5fae3cc27c9eb7cc7a032bc12a633d44e816497e143","huff_reassignment","huffman","reassignment","0","53161","27295","48","48","12","1","258432","8","1536","17480","4","199332","0","f7f2b01570c9b84a","0d00000000000000001d0d000000000000000000000000000000000000000000001d0d0019231a211e1f20241a241310161b23272c2b2b282b281a2c222222130004110f250c2f0a0b2508290b0d0d0d13132a1226131c021a0a2f2d121f192e1806150b0c010f140a030e0c090e05041129080702101c1720180a17181822000000000000000000000000000000000000000000000000000000000000000000000000000000000000000000000000000000000000000000000000000000000000000000000000000000000000000000000000000000000000000000000000000000000000000000000000000000000000000000000000000000000000000000","PASS"
"case-18","calgary18","paper1","8d9c42d9fa58b5bce1a8b5fae3cc27c9eb7cc7a032bc12a633d44e816497e143","rans_reassignment","rans","reassignment","0","53161","27715","32","32","12","12","163968","8","1280","18116","4","202280","4","ae5560b017ab0865","0d00000000000000001d0d000000000000000000000000000000000000000000001d1a00191a1a011e1f00161a001300161b1b1b1b1b1b1b1b1b1d1f191919130014110f021c0f0a0b0508141b001d0d11130a0202130d17181c1713121f19000d06150b0c010f140a030e08090e05041109080702101c1700180a0d181f02000000000000000000000000000000000000000000000000000000000000000000000000000000000000000000000000000000000000000000000000000000000000000000000000000000000000000000000000000000000000000000000000000000000000000000000000000000000000000000000000000000000000000000","PASS"
"case-18","calgary18","paper1","8d9c42d9fa58b5bce1a8b5fae3cc27c9eb7cc7a032bc12a633d44e816497e143","huff_native","huffman","brotli_native_policy","0","53161","27053","48","48","12","1","258432","8","1536","16526","0","198354","0","c38c61715b409176","0000000000000000000100000000000000000000000000000000000000000000020304000504060708090501060a0b0a0c0d0d0d0d0d0d0e0d0e03090f0f0f0b00100411100412131110141510111104040b1410160b0317141812191a09051b101c1d1e1f2021221323241f252426271528292a172b182c2d2e13042f2e2f000000000000000000000000000000000000000000000000000000000000000000000000000000000000000000000000000000000000000000000000000000000000000000000000000000000000000000000000000000000000000000000000000000000000000000000000000000000000000000000000000000000000000000","PASS"
"case-18","calgary18","paper1","8d9c42d9fa58b5bce1a8b5fae3cc27c9eb7cc7a032bc12a633d44e816497e143","rans_native","rans","brotli_native_policy","0","53161","27497","32","32","12","12","163968","8","1280","17804","4","200848","4","14c172596fe5a2e6","0000000000000000000102000000000000000000000000000000000000000000030002000402050102060301050307080009090909090908090800060a0a0a0700020b0c0c020d0e0f02100b11020202070706021207081204110d061306141502161718191a0c1b0e1c0f191d0f14150b08101e121f110d11040e020a040a000000000000000000000000000000000000000000000000000000000000000000000000000000000000000000000000000000000000000000000000000000000000000000000000000000000000000000000000000000000000000000000000000000000000000000000000000000000000000000000000000000000000000000","PASS"
"case-18","calgary18","paper1","8d9c42d9fa58b5bce1a8b5fae3cc27c9eb7cc7a032bc12a633d44e816497e143","huff_matched","huffman","matched_merge","0","53161","26969","48","40","12","1","215360","8","1536","13938","3","200267","0","2045ba1ac0ed89a6","0000000000000000000100000000000000000000000000000000000000000000020103000400050104060207050809080a0b0b0b0b0b0b0b0b0b0506070707090004030303030c0d03030e0f100303040309040310091112060d0c1314060415151617180e191a0f0d1b1c0e1d1c1e1f20210e2212230d2425260d0f262627000000000000000000000000000000000000000000000000000000000000000000000000000000000000000000000000000000000000000000000000000000000000000000000000000000000000000000000000000000000000000000000000000000000000000000000000000000000000000000000000000000000000000000","PASS"
"case-18","calgary18","paper1","8d9c42d9fa58b5bce1a8b5fae3cc27c9eb7cc7a032bc12a633d44e816497e143","rans_matched","rans","matched_merge","0","53161","27413","32","26","12","12","133224","8","1280","15214","2","202768","4","0cee7fc6e57391be","00000000000000000001000000000000000000000000000000000000000000000201030004000501040502010504060401070707070707070707010508050806000403090303030a0b030a0c03030302030605040806080d050b0e080f05041000110a121314091513100b150a0b160c1718130e0d19130d17051315050505000000000000000000000000000000000000000000000000000000000000000000000000000000000000000000000000000000000000000000000000000000000000000000000000000000000000000000000000000000000000000000000000000000000000000000000000000000000000000000000000000000000000000000","PASS"
"case-18","calgary18","paper1","8d9c42d9fa58b5bce1a8b5fae3cc27c9eb7cc7a032bc12a633d44e816497e143","huff_init_only","huffman","initialization_only","0","53161","27626","64","64","12","1","344576","8","1536","20540","1","198923","0","63e936230975a0d8","1d00000000000000001d0d00000000000000000000000000000000000000000000123a00191314211e1f10301a241300161b23272c2b33373128113f0139171a00343e36153c2f16382518193b033d0b051e2a02260f0c0d0a1f1b2d12351c2e0806150b0c010f140a030e32090e05041129080702101c1720180607040922000000000000000000000000000000000000000000000000000000000000000000000000000000000000000000000000000000000000000000000000000000000000000000000000000000000000000000000000000000000000000000000000000000000000000000000000000000000000000000000000000000000000000000","PASS"
"case-18","calgary18","paper1","8d9c42d9fa58b5bce1a8b5fae3cc27c9eb7cc7a032bc12a633d44e816497e143","rans_init_only","rans","initialization_only","0","53161","28582","48","48","12","12","245952","8","1536","26186","6","200888","4","b79799eb8d5aef51","2d00000000000000001d0d00000000000000000000000000000000000000000000220a00192324211e1f20001a241310161b23272c2b03070128210f1109272a00040e06250c2f26082528290b130d1b152e2a12261f1c1d1a2f2b2d12052c2e1806150b0c010f140a031e02090e05041129080702101c1720181617141922000000000000000000000000000000000000000000000000000000000000000000000000000000000000000000000000000000000000000000000000000000000000000000000000000000000000000000000000000000000000000000000000000000000000000000000000000000000000000000000000000000000000000000","PASS"
"case-18","calgary18","paper1","8d9c42d9fa58b5bce1a8b5fae3cc27c9eb7cc7a032bc12a633d44e816497e143","huff_payload_only","huffman","reassignment","1","53161","27335","64","64","12","1","344576","8","1536","19792","5","197339","0","11fc72a807e78ae3","0d00000000000000001d0d00000000000000000000000000000000000000000000163a00190d1a211e1f00301a241300161b23272c2b333731281a3f3939391300343e36253c2f0a3825363e3b003d0d11132a0226133a022c0a2f2d1235192e0806150b0c010f140a030e32090e05041129080702101c1720180a143f1822000000000000000000000000000000000000000000000000000000000000000000000000000000000000000000000000000000000000000000000000000000000000000000000000000000000000000000000000000000000000000000000000000000000000000000000000000000000000000000000000000000000000000000","PASS"
"case-18","calgary18","paper1","8d9c42d9fa58b5bce1a8b5fae3cc27c9eb7cc7a032bc12a633d44e816497e143","rans_payload_only","rans","reassignment","1","53161","28631","64","64","12","12","327936","8","1536","32064","0","195408","4","8e4fd2d5341074ea","0d00000000000000001d0d00000000000000000000000000000000000000000000163a00190d1a211e1f00301a241300161b23272c2b33373128163f2239223a00343e360c3c2f0a3825363e3b003d0d113a2a0226133a022c1c2f2d1235192e0806150b0c010f140a030e32090e05041129080702101c1720180a0d3f1822000000000000000000000000000000000000000000000000000000000000000000000000000000000000000000000000000000000000000000000000000000000000000000000000000000000000000000000000000000000000000000000000000000000000000000000000000000000000000000000000000000000000000000","PASS"
"case-18","calgary18","paper1","8d9c42d9fa58b5bce1a8b5fae3cc27c9eb7cc7a032bc12a633d44e816497e143","rans_estimated_total","rans","reassignment","2","53161","27715","32","32","12","1","163968","8","1280","18116","4","202280","4","ae5560b017ab0865","0d00000000000000001d0d000000000000000000000000000000000000000000001d1a00191a1a011e1f00161a001300161b1b1b1b1b1b1b1b1b1d1f191919130014110f021c0f0a0b0508141b001d0d11130a0202130d17181c1713121f19000d06150b0c010f140a030e08090e05041109080702101c1700180a0d181f02000000000000000000000000000000000000000000000000000000000000000000000000000000000000000000000000000000000000000000000000000000000000000000000000000000000000000000000000000000000000000000000000000000000000000000000000000000000000000000000000000000000000000000","PASS"
"case-18","calgary18","paper1","8d9c42d9fa58b5bce1a8b5fae3cc27c9eb7cc7a032bc12a633d44e816497e143","huff_single","huffman","reassignment","0","53161","33418","1","1","1","1","5384","8","0","640","4","266692","0","c5ec152976dfc2b0","00000000000000000000000000000000000000000000000000000000000000000000000000000000000000000000000000000000000000000000000000000000000000000000000000000000000000000000000000000000000000000000000000000000000000000000000000000000000000000000000000000000000000000000000000000000000000000000000000000000000000000000000000000000000000000000000000000000000000000000000000000000000000000000000000000000000000000000000000000000000000000000000000000000000000000000000000000000000000000000000000000000000000000000000000000000","PASS"
"case-18","calgary18","paper1","8d9c42d9fa58b5bce1a8b5fae3cc27c9eb7cc7a032bc12a633d44e816497e143","rans_single","rans_highbits","fixed_reference","0","53161","33245","1","1","1","1","5124","8","0","881","7","265032","4","16249111211b34aa","00000000000000000000000000000000000000000000000000000000000000000000000000000000000000000000000000000000000000000000000000000000000000000000000000000000000000000000000000000000000000000000000000000000000000000000000000000000000000000000000000000000000000000000000000000000000000000000000000000000000000000000000000000000000000000000000000000000000000000000000000000000000000000000000000000000000000000000000000000000000000000000000000000000000000000000000000000000000000000000000000000000000000000000000000000000","PASS"
"case-18","calgary18","paper1","8d9c42d9fa58b5bce1a8b5fae3cc27c9eb7cc7a032bc12a633d44e816497e143","rans_highbits","rans_highbits","fixed_reference","0","53161","30785","32","32","9","9","163968","8","0","13702","2","232536","4","dddcb8bacf1d3963","00000000000000000101010101010101020202020202020203030303030303030404040404040404050505050505050506060606060606060707070707070707080808080808080809090909090909090a0a0a0a0a0a0a0a0b0b0b0b0b0b0b0b0c0c0c0c0c0c0c0c0d0d0d0d0d0d0d0d0e0e0e0e0e0e0e0e0f0f0f0f0f0f0f0f10101010101010101111111111111111121212121212121213131313131313131414141414141414151515151515151516161616161616161717171717171717181818181818181819191919191919191a1a1a1a1a1a1a1a1b1b1b1b1b1b1b1b1c1c1c1c1c1c1c1c1d1d1d1d1d1d1d1d1e1e1e1e1e1e1e1e1f1f1f1f1f1f1f1f","PASS"
"case-18","calgary18","paper1","8d9c42d9fa58b5bce1a8b5fae3cc27c9eb7cc7a032bc12a633d44e816497e143","adaptive_order1","adaptive_order1","fixed_reference","0","53161","25693","256","256","1","1","132096","0","0","0","0","0","0","bb51f41a99f93cec","00000000000000000000000000000000000000000000000000000000000000000000000000000000000000000000000000000000000000000000000000000000000000000000000000000000000000000000000000000000000000000000000000000000000000000000000000000000000000000000000000000000000000000000000000000000000000000000000000000000000000000000000000000000000000000000000000000000000000000000000000000000000000000000000000000000000000000000000000000000000000000000000000000000000000000000000000000000000000000000000000000000000000000000000000000000","PASS"
"case-19","calgary18","paper2","dc4b9cf68094c632a920f4e76d0a0a8b9617b624c36928ca46a5d29798c5bbbe","huff_reassignment","huffman","reassignment","0","82199","39090","48","48","12","1","258432","8","1536","16076","6","295094","0","427daa36cb7cf444","2100000000000000002d10000000000000000000000000000000000000000000001523270d01171c1d212102172515242129291c17021c1a12291715281d1c150026272a11102b12071b002310072e1b2815222c1e10260217070022191715002005160b0c0111120904241a0a0d08030f2f0706020e18141f131815001500000000000000000000000000000000000000000000000000000000000000000000000000000000000000000000000000000000000000000000000000000000000000000000000000000000000000000000000000000000000000000000000000000000000000000000000000000000000000000000000000000000000000000000","PASS"
"case-19","calgary18","paper2","dc4b9cf68094c632a920f4e76d0a0a8b9617b624c36928ca46a5d29798c5bbbe","rans_reassignment","rans","reassignment","0","82199","39248","32","32","12","12","163968","8","1280","16874","6","295784","4","8325d25d977dadbd","100000000000000000101000000000000000000000000000000000000000000000151b010301171c1d131112170015141114090c0c110c1402001715100d1c1500030f0a0f13140f0b1b000c100b1103091513001e191002130b0015191515000005160b0c0111120904161a0a0d08030f160706020e18141f131815001500000000000000000000000000000000000000000000000000000000000000000000000000000000000000000000000000000000000000000000000000000000000000000000000000000000000000000000000000000000000000000000000000000000000000000000000000000000000000000000000000000000000000000000","PASS"
"case-19","calgary18","paper2","dc4b9cf68094c632a920f4e76d0a0a8b9617b624c36928ca46a5d29798c5bbbe","huff_native","huffman","brotli_native_policy","0","82199","38873","32","32","12","1","172288","8","1280","12348","3","297345","0","804c1eb966337556","0000000000000000000101000000000000000000000000000000000000000000020303040304050607000300050208030000000003030601010005030003060300090a0108010b0c0d090000010d01090e0800010f090110030100031103030001120a0d13040b0c14150a07161718190e0a1a1b101c1d1e1a1f1d03000300000000000000000000000000000000000000000000000000000000000000000000000000000000000000000000000000000000000000000000000000000000000000000000000000000000000000000000000000000000000000000000000000000000000000000000000000000000000000000000000000000000000000000000","PASS"
"case-19","calgary18","paper2","dc4b9cf68094c632a920f4e76d0a0a8b9617b624c36928ca46a5d29798c5bbbe","rans_native","rans","brotli_native_policy","0","82199","39086","32","32","12","12","163968","8","1280","16918","2","294448","4","a3821c04a7f9a15a","0000000000000000000101000000000000000000000000000000000000000000020303040304050607000300050208030000000003030601010005030003060300090a0108010b0c0d090000010d01090e0800010f090110030100031103030001120a0d13040b0c14150a07161718190e0a1a1b101c1d1e1a1f1d03000300000000000000000000000000000000000000000000000000000000000000000000000000000000000000000000000000000000000000000000000000000000000000000000000000000000000000000000000000000000000000000000000000000000000000000000000000000000000000000000000000000000000000000000","PASS"
"case-19","calgary18","paper2","dc4b9cf68094c632a920f4e76d0a0a8b9617b624c36928ca46a5d29798c5bbbe","huff_matched","huffman","matched_merge","0","82199","38831","48","39","12","1","209976","8","1536","13312","1","295791","0","2d8bb399dc8bdaaa","000000000000000000010100000000000000000000000000000000000000000002030404030506070800060906020304000a0a0a0a0a0a0a0a0a06030b0a0703000c0d040404040e0f0c00040b04040c0d030a0410080b100004000a11031200041314151605170e18190d1a1b1c1d1e1f200f21222324250f262403000300000000000000000000000000000000000000000000000000000000000000000000000000000000000000000000000000000000000000000000000000000000000000000000000000000000000000000000000000000000000000000000000000000000000000000000000000000000000000000000000000000000000000000000","PASS"
"case-19","calgary18","paper2","dc4b9cf68094c632a920f4e76d0a0a8b9617b624c36928ca46a5d29798c5bbbe","rans_matched","rans","matched_merge","0","82199","39032","32","28","12","12","143472","8","1280","15258","6","295672","4","cfe62a7f226665bf","00000000000000000001010000000000000000000000000000000000000000000203030403050607080006090608030300000000000900000000060309000703000809090901090a0b08000009090908090300090c08090d000b00030e030300080f100b1104121314151011161705180a10191a0d1b140c19071403000300000000000000000000000000000000000000000000000000000000000000000000000000000000000000000000000000000000000000000000000000000000000000000000000000000000000000000000000000000000000000000000000000000000000000000000000000000000000000000000000000000000000000000000","PASS"
"case-19","calgary18","paper2","dc4b9cf68094c632a920f4e76d0a0a8b9617b624c36928ca46a5d29798c5bbbe","huff_init_only","huffman","initialization_only","0","82199","39297","64","64","12","1","344576","8","1536","18408","1","294423","0","3124104b2e3dff75","1800000000000000002d10000000000000000000000000000000000000000000003b2317040f151c1d211132172515143134290c0535090a02000b38190d1a3f0026272a01332b123c1b0013303a2e37281b222c1e3916360e100006190708002005160b0c0111120904241a0a0d08030f2f0706020e18141f133d3e000300000000000000000000000000000000000000000000000000000000000000000000000000000000000000000000000000000000000000000000000000000000000000000000000000000000000000000000000000000000000000000000000000000000000000000000000000000000000000000000000000000000000000000000","PASS"
"case-19","calgary18","paper2","dc4b9cf68094c632a920f4e76d0a0a8b9617b624c36928ca46a5d29798c5bbbe","rans_init_only","rans","initialization_only","0","82199","39781","32","32","12","12","163968","8","1280","17342","2","299584","4","d88a1246ef5dd1b9","1800000000000000000d10000000000000000000000000000000000000000000001b0317040f151c1d011112170515141114090c0515090a02000b18190d1a1f0006070a01130b121c1b0013101a0e17081b020c1e1916160e100006190708000005160b0c0111120904041a0a0d08030f0f0706020e18141f131d1e000300000000000000000000000000000000000000000000000000000000000000000000000000000000000000000000000000000000000000000000000000000000000000000000000000000000000000000000000000000000000000000000000000000000000000000000000000000000000000000000000000000000000000000000","PASS"
"case-19","calgary18","paper2","dc4b9cf68094c632a920f4e76d0a0a8b9617b624c36928ca46a5d29798c5bbbe","huff_payload_only","huffman","reassignment","1","82199","39144","64","64","12","1","344576","8","1536","18242","1","293365","0","2460727dad169ea1","3100000000000000002d10000000000000000000000000000000000000000000003b23170d01171c1d211132172515143134290c3435343402293438300d1c3f0026272a0f332b123c1b000c303a2e372815222c1e393036383a0022193815002005160b0c0111120904241a0a0d08030f2f0706020e18141f133d3e003800000000000000000000000000000000000000000000000000000000000000000000000000000000000000000000000000000000000000000000000000000000000000000000000000000000000000000000000000000000000000000000000000000000000000000000000000000000000000000000000000000000000000000000","PASS"
"case-19","calgary18","paper2","dc4b9cf68094c632a920f4e76d0a0a8b9617b624c36928ca46a5d29798c5bbbe","rans_payload_only","rans","reassignment","1","82199","40192","64","64","12","12","327936","8","1536","29624","0","290336","4","19f04934195a2b40","3100000000000000002d10000000000000000000000000000000000000000000003b23330d01171c1d21113217251514313429343435343402291738300d1c3f0026272a0f332b123c1b000c303a2e37283f222c1e393036213a0022193815002005160b0c0111120904241a0a0d08030f2f0706020e18141f133d3e003e00000000000000000000000000000000000000000000000000000000000000000000000000000000000000000000000000000000000000000000000000000000000000000000000000000000000000000000000000000000000000000000000000000000000000000000000000000000000000000000000000000000000000000000","PASS"
"case-19","calgary18","paper2","dc4b9cf68094c632a920f4e76d0a0a8b9617b624c36928ca46a5d29798c5bbbe","rans_estimated_total","rans","reassignment","2","82199","39248","32","32","12","1","163968","8","1280","16874","6","295784","4","8325d25d977dadbd","100000000000000000101000000000000000000000000000000000000000000000151b010301171c1d131112170015141114090c0c110c1402001715100d1c1500030f0a0f13140f0b1b000c100b1103091513001e191002130b0015191515000005160b0c0111120904161a0a0d08030f160706020e18141f131815001500000000000000000000000000000000000000000000000000000000000000000000000000000000000000000000000000000000000000000000000000000000000000000000000000000000000000000000000000000000000000000000000000000000000000000000000000000000000000000000000000000000000000000000","PASS"
"case-19","calgary18","paper2","dc4b9cf68094c632a920f4e76d0a0a8b9617b624c36928ca46a5d29798c5bbbe","huff_single","huffman","reassignment","0","82199","47698","1","1","1","1","5384","8","0","658","0","380918","0","1da92bcacf9b0c82","00000000000000000000000000000000000000000000000000000000000000000000000000000000000000000000000000000000000000000000000000000000000000000000000000000000000000000000000000000000000000000000000000000000000000000000000000000000000000000000000000000000000000000000000000000000000000000000000000000000000000000000000000000000000000000000000000000000000000000000000000000000000000000000000000000000000000000000000000000000000000000000000000000000000000000000000000000000000000000000000000000000000000000000000000000000","PASS"
"case-19","calgary18","paper2","dc4b9cf68094c632a920f4e76d0a0a8b9617b624c36928ca46a5d29798c5bbbe","rans_single","rans_highbits","fixed_reference","0","82199","47417","1","1","1","1","5124","8","0","775","1","378520","4","98fbffb5de437c18","00000000000000000000000000000000000000000000000000000000000000000000000000000000000000000000000000000000000000000000000000000000000000000000000000000000000000000000000000000000000000000000000000000000000000000000000000000000000000000000000000000000000000000000000000000000000000000000000000000000000000000000000000000000000000000000000000000000000000000000000000000000000000000000000000000000000000000000000000000000000000000000000000000000000000000000000000000000000000000000000000000000000000000000000000000000","PASS"
"case-19","calgary18","paper2","dc4b9cf68094c632a920f4e76d0a0a8b9617b624c36928ca46a5d29798c5bbbe","rans_highbits","rans_highbits","fixed_reference","0","82199","44281","64","64","9","9","327936","8","0","23906","6","330296","4","2baa563399fd2562","000000000101010102020202030303030404040405050505060606060707070708080808090909090a0a0a0a0b0b0b0b0c0c0c0c0d0d0d0d0e0e0e0e0f0f0f0f101010101111111112121212131313131414141415151515161616161717171718181818191919191a1a1a1a1b1b1b1b1c1c1c1c1d1d1d1d1e1e1e1e1f1f1f1f202020202121212122222222232323232424242425252525262626262727272728282828292929292a2a2a2a2b2b2b2b2c2c2c2c2d2d2d2d2e2e2e2e2f2f2f2f303030303131313132323232333333333434343435353535363636363737373738383838393939393a3a3a3a3b3b3b3b3c3c3c3c3d3d3d3d3e3e3e3e3f3f3f3f","PASS"
"case-19","calgary18","paper2","dc4b9cf68094c632a920f4e76d0a0a8b9617b624c36928ca46a5d29798c5bbbe","adaptive_order1","adaptive_order1","fixed_reference","0","82199","37533","256","256","1","1","132096","0","0","0","0","0","0","5f1bfff544deb146","00000000000000000000000000000000000000000000000000000000000000000000000000000000000000000000000000000000000000000000000000000000000000000000000000000000000000000000000000000000000000000000000000000000000000000000000000000000000000000000000000000000000000000000000000000000000000000000000000000000000000000000000000000000000000000000000000000000000000000000000000000000000000000000000000000000000000000000000000000000000000000000000000000000000000000000000000000000000000000000000000000000000000000000000000000000","PASS"
"case-20","calgary18","paper3","c3e1ba94849992147cf68531311cf6512c9032b88f548d3e2d62cb659aef19d8","huff_reassignment","huffman","reassignment","0","46526","23108","48","48","12","1","258432","8","1536","14510","1","168809","0","6104ab9e70a79ea4","0c0000000000000000000c000000000000000000000000000000000000000000002d29001f0c181a23261328182013210d1b14151b1b1b1b282218180000001300252a0b080101000b1c121d0c2e27002f2d24001d0021020015232c192d00001e04160b0d0111120905161f0a0e06030f2508070210171521142b00000000000000000000000000000000000000000000000000000000000000000000000000000000000000000000000000000000000000000000000000000000000000000000000000000000000000000000000000000000000000000000000000000000000000000000000000000000000000000000000000000000000000000000000000","PASS"
"case-20","calgary18","paper3","c3e1ba94849992147cf68531311cf6512c9032b88f548d3e2d62cb659aef19d8","rans_reassignment","rans","reassignment","0","46526","23480","24","24","12","12","122976","8","1280","13458","6","173056","4","2230f06c5da45921","0c0000000000000000000c00000000000000000000000000000000000000000000131100070c14140b141310141013100d030c15150e0b0a100a141400000013000c120b090112080800120c0f160f00131314000203091500151713011300000c04160b0d0111120905160d0a0e06030f0f08070210171500140900000000000000000000000000000000000000000000000000000000000000000000000000000000000000000000000000000000000000000000000000000000000000000000000000000000000000000000000000000000000000000000000000000000000000000000000000000000000000000000000000000000000000000000000000","PASS"
"case-20","calgary18","paper3","c3e1ba94849992147cf68531311cf6512c9032b88f548d3e2d62cb659aef19d8","huff_native","huffman","brotli_native_policy","0","46526","22896","24","24","12","1","129216","8","1280","9316","7","172557","0","ec2be03f6fbb214d","000000000000000000000000000000000000000000000000000000000000000001020200030003040504020603010708040602060206060906090303000000020000050a0b0702050a050c0500050201020204050d01010d00050b020e020000000f100a041112050b130b05100c1415160e05170d080b0d01040b00000000000000000000000000000000000000000000000000000000000000000000000000000000000000000000000000000000000000000000000000000000000000000000000000000000000000000000000000000000000000000000000000000000000000000000000000000000000000000000000000000000000000000000000000","PASS"
"case-20","calgary18","paper3","c3e1ba94849992147cf68531311cf6512c9032b88f548d3e2d62cb659aef19d8","rans_native","rans","brotli_native_policy","0","46526","23162","24","24","12","12","122976","8","1280","13036","4","170936","4","ec176fd283b7918e","000000000000000000000000000000000000000000000000000000000000000001020200030003040504020603010708040602060206060906090303000000020000050a0b0702050a050c0500050201020204050d01010d00050b020e020000000f100a041112050b130b05100c1415160e05170d080b0d01040b00000000000000000000000000000000000000000000000000000000000000000000000000000000000000000000000000000000000000000000000000000000000000000000000000000000000000000000000000000000000000000000000000000000000000000000000000000000000000000000000000000000000000000000000000","PASS"
"case-20","calgary18","paper3","c3e1ba94849992147cf68531311cf6512c9032b88f548d3e2d62cb659aef19d8","huff_matched","huffman","matched_merge","0","46526","22792","32","27","12","1","145368","8","1280","9546","4","171498","0","98022a65e52aa7fd","00000000000000000000000000000000000000000000000000000000000000000102030004000205000503040201030604040404040404040407020200000003000808090a0803010b080b0c00000c0103020d010908010900090a030e030000080f100b0d11120d0a130b10101415161718191a09060a0914050a00000000000000000000000000000000000000000000000000000000000000000000000000000000000000000000000000000000000000000000000000000000000000000000000000000000000000000000000000000000000000000000000000000000000000000000000000000000000000000000000000000000000000000000000000","PASS"
"case-20","calgary18","paper3","c3e1ba94849992147cf68531311cf6512c9032b88f548d3e2d62cb659aef19d8","rans_matched","rans","matched_merge","0","46526","23106","24","20","12","12","102480","8","1280","11048","0","172480","4","2c6419286dc2cf4f","00000000000000000000000000000000000000000000000000000000000000000102030003000405000502030401020603030303030303030303040400000002000000070800000707090a070007000b020405070c000a0c00070d020e0200000006070705090f0c0d100708080a110b121208130c060d0c12050d00000000000000000000000000000000000000000000000000000000000000000000000000000000000000000000000000000000000000000000000000000000000000000000000000000000000000000000000000000000000000000000000000000000000000000000000000000000000000000000000000000000000000000000000000","PASS"
"case-20","calgary18","paper3","c3e1ba94849992147cf68531311cf6512c9032b88f548d3e2d62cb659aef19d8","huff_init_only","huffman","initialization_only","0","46526","23418","64","64","12","1","344576","8","1536","17406","6","168388","0","2f7b871ef1df3580","130000000000000000000c000000000000000000000000000000000000000000001029000f040d1a23261409182013113d1b33053a3e3b302822013c0000000600252a3207313408361c0e123f2e27002f0324351d0b0239000c0a2c192d00001e04160b0d0111120905381f0a0e06030f3708070210171521142b00000000000000000000000000000000000000000000000000000000000000000000000000000000000000000000000000000000000000000000000000000000000000000000000000000000000000000000000000000000000000000000000000000000000000000000000000000000000000000000000000000000000000000000000000","PASS"
"case-20","calgary18","paper3","c3e1ba94849992147cf68531311cf6512c9032b88f548d3e2d62cb659aef19d8","rans_init_only","rans","initialization_only","0","46526","23918","32","32","12","12","163968","8","1280","17346","6","172672","4","32c50390bcec87f3","130000000000000000000c000000000000000000000000000000000000000000001009000f040d1a03061409180013111d1b13051a1e1b100802011c0000000600050a1207111408161c0e121f0e07000f0304151d0b0219000c0a0c190d00001e04160b0d0111120905181f0a0e06030f1708070210171501140b00000000000000000000000000000000000000000000000000000000000000000000000000000000000000000000000000000000000000000000000000000000000000000000000000000000000000000000000000000000000000000000000000000000000000000000000000000000000000000000000000000000000000000000000000","PASS"
"case-20","calgary18","paper3","c3e1ba94849992147cf68531311cf6512c9032b88f548d3e2d62cb659aef19d8","huff_payload_only","huffman","reassignment","1","46526","23290","64","64","12","1","344576","8","1536","17052","5","167719","0","9d5bae69feff72be","0c0000000000000000000c000000000000000000000000000000000000000000002d29000f0c3c1a23261328182013103d1b33333a3e3b3028223c3c0000003a00252a320831340b361c361d3f2e27002f3c24351d0421390012232c192d00001e04160b0d0111120905381f0a0e06030f3708070210171521142b00000000000000000000000000000000000000000000000000000000000000000000000000000000000000000000000000000000000000000000000000000000000000000000000000000000000000000000000000000000000000000000000000000000000000000000000000000000000000000000000000000000000000000000000000","PASS"
"case-20","calgary18","paper3","c3e1ba94849992147cf68531311cf6512c9032b88f548d3e2d62cb659aef19d8","rans_payload_only","rans","reassignment","1","46526","24592","64","64","12","12","327936","8","1536","29386","6","165768","4","df7a215f5c19fe98","260000000000000000000c000000000000000000000000000000000000000000002f29000f0c181a23262c28182013103d1b33333a3e3b302822183c0000003a00252a320931340b361c36123f2e27002f2f24351d042139002e092c192d00001e04160b0d0111120905381f0a0e06030f3708070210171521142b00000000000000000000000000000000000000000000000000000000000000000000000000000000000000000000000000000000000000000000000000000000000000000000000000000000000000000000000000000000000000000000000000000000000000000000000000000000000000000000000000000000000000000000000000","PASS"
"case-20","calgary18","paper3","c3e1ba94849992147cf68531311cf6512c9032b88f548d3e2d62cb659aef19d8","rans_estimated_total","rans","reassignment","2","46526","23480","24","24","12","1","122976","8","1280","13458","6","173056","4","2230f06c5da45921","0c0000000000000000000c00000000000000000000000000000000000000000000131100070c14140b141310141013100d030c15150e0b0a100a141400000013000c120b090112080800120c0f160f00131314000203091500151713011300000c04160b0d0111120905160d0a0e06030f0f08070210171500140900000000000000000000000000000000000000000000000000000000000000000000000000000000000000000000000000000000000000000000000000000000000000000000000000000000000000000000000000000000000000000000000000000000000000000000000000000000000000000000000000000000000000000000000000","PASS"
"case-20","calgary18","paper3","c3e1ba94849992147cf68531311cf6512c9032b88f548d3e2d62cb659aef19d8","huff_single","huffman","reassignment","0","46526","27353","1","1","1","1","5384","8","0","616","5","218195","0","0c6a7c0ba569aefa","00000000000000000000000000000000000000000000000000000000000000000000000000000000000000000000000000000000000000000000000000000000000000000000000000000000000000000000000000000000000000000000000000000000000000000000000000000000000000000000000000000000000000000000000000000000000000000000000000000000000000000000000000000000000000000000000000000000000000000000000000000000000000000000000000000000000000000000000000000000000000000000000000000000000000000000000000000000000000000000000000000000000000000000000000000000","PASS"
"case-20","calgary18","paper3","c3e1ba94849992147cf68531311cf6512c9032b88f548d3e2d62cb659aef19d8","rans_single","rans_highbits","fixed_reference","0","46526","27244","1","1","1","1","5124","8","0","781","3","217128","4","3c105f0555116d88","00000000000000000000000000000000000000000000000000000000000000000000000000000000000000000000000000000000000000000000000000000000000000000000000000000000000000000000000000000000000000000000000000000000000000000000000000000000000000000000000000000000000000000000000000000000000000000000000000000000000000000000000000000000000000000000000000000000000000000000000000000000000000000000000000000000000000000000000000000000000000000000000000000000000000000000000000000000000000000000000000000000000000000000000000000000","PASS"
"case-20","calgary18","paper3","c3e1ba94849992147cf68531311cf6512c9032b88f548d3e2d62cb659aef19d8","rans_highbits","rans_highbits","fixed_reference","0","46526","26077","32","32","9","9","163968","8","0","13032","0","195544","4","9c72b7ce1ae4532c","00000000000000000101010101010101020202020202020203030303030303030404040404040404050505050505050506060606060606060707070707070707080808080808080809090909090909090a0a0a0a0a0a0a0a0b0b0b0b0b0b0b0b0c0c0c0c0c0c0c0c0d0d0d0d0d0d0d0d0e0e0e0e0e0e0e0e0f0f0f0f0f0f0f0f10101010101010101111111111111111121212121212121213131313131313131414141414141414151515151515151516161616161616161717171717171717181818181818181819191919191919191a1a1a1a1a1a1a1a1b1b1b1b1b1b1b1b1c1c1c1c1c1c1c1c1d1d1d1d1d1d1d1d1e1e1e1e1e1e1e1e1f1f1f1f1f1f1f1f","PASS"
"case-20","calgary18","paper3","c3e1ba94849992147cf68531311cf6512c9032b88f548d3e2d62cb659aef19d8","adaptive_order1","adaptive_order1","fixed_reference","0","46526","21899","256","256","1","1","132096","0","0","0","0","0","0","607e7cb8f43f9f37","00000000000000000000000000000000000000000000000000000000000000000000000000000000000000000000000000000000000000000000000000000000000000000000000000000000000000000000000000000000000000000000000000000000000000000000000000000000000000000000000000000000000000000000000000000000000000000000000000000000000000000000000000000000000000000000000000000000000000000000000000000000000000000000000000000000000000000000000000000000000000000000000000000000000000000000000000000000000000000000000000000000000000000000000000000000","PASS"
"case-21","calgary18","paper4","aeecc3ff5b2e497e35fbd2d2190627fff4818dabf7aee9734ac090c21b04739b","huff_reassignment","huffman","reassignment","0","13286","7424","16","16","12","1","86144","8","1024","6960","4","51396","0","8ab6b94da93dbb85","0f0000000000000000000f00000000000000000000000000000000000000000000000007010000010f07070a070e01060f0a0704080a0f030b0f0a0700000000000c0d0003010d090f0b0f010d0f0601010e0d050d060d0d0907090f0f0700000004080c0d010202090600080a0b03050e0e0807020009020c070900000000000000000000000000000000000000000000000000000000000000000000000000000000000000000000000000000000000000000000000000000000000000000000000000000000000000000000000000000000000000000000000000000000000000000000000000000000000000000000000000000000000000000000000000","PASS"
"case-21","calgary18","paper4","aeecc3ff5b2e497e35fbd2d2190627fff4818dabf7aee9734ac090c21b04739b","rans_reassignment","rans","reassignment","0","13286","7509","6","6","12","12","30744","8","768","4046","2","55216","4","199278e54af41754","03000000000000000000030000000000000000000000000000000000000000000000030101000001000101000100050405020101050203050101010100000000000303000303000303030305030003030505030302050303030102030301000000040200010101010204000202020305020002010204020200010200000000000000000000000000000000000000000000000000000000000000000000000000000000000000000000000000000000000000000000000000000000000000000000000000000000000000000000000000000000000000000000000000000000000000000000000000000000000000000000000000000000000000000000000000","PASS"
"case-21","calgary18","paper4","aeecc3ff5b2e497e35fbd2d2190627fff4818dabf7aee9734ac090c21b04739b","huff_native","huffman","brotli_native_policy","0","13286","7087","16","16","12","1","86144","8","1024","5176","7","50481","0","e7fbf1aa64357a43","000000000000000000000100000000000000000000000000000000000000000001000102020000000102000303030204050505050105050505050303000000000001010601010101010101060101010106070101080101010102090201050000000a0b07090c06060904000b0b0b0d0e0f0f0b00080a090801020900000000000000000000000000000000000000000000000000000000000000000000000000000000000000000000000000000000000000000000000000000000000000000000000000000000000000000000000000000000000000000000000000000000000000000000000000000000000000000000000000000000000000000000000000","PASS"
"case-21","calgary18","paper4","aeecc3ff5b2e497e35fbd2d2190627fff4818dabf7aee9734ac090c21b04739b","rans_native","rans","brotli_native_policy","0","13286","7358","6","6","12","12","30744","8","768","3866","6","54184","4","62f8e244f316e28c","00000000000000000000010000000000000000000000000000000000000000000100000200000002010003000300000200000000010000000000000300000000000000000000000000000000000100000000000004000100000202000100000000050404020300000405000402020205000102020405040401030200000000000000000000000000000000000000000000000000000000000000000000000000000000000000000000000000000000000000000000000000000000000000000000000000000000000000000000000000000000000000000000000000000000000000000000000000000000000000000000000000000000000000000000000000","PASS"
"case-21","calgary18","paper4","aeecc3ff5b2e497e35fbd2d2190627fff4818dabf7aee9734ac090c21b04739b","huff_matched","huffman","matched_merge","0","13286","7056","16","15","12","1","80760","8","1024","4554","7","50855","0","ee2a43938d767aa3","00000000000000000000010000000000000000000000000000000000000000000100010203000004010005000206020700000000010000000000000200000000000101010101010101010501010101010102010108010801010005020000000000090a0a050405050507000b0c0c0d0e03030c0d0b09050b01020500000000000000000000000000000000000000000000000000000000000000000000000000000000000000000000000000000000000000000000000000000000000000000000000000000000000000000000000000000000000000000000000000000000000000000000000000000000000000000000000000000000000000000000000000","PASS"
"case-21","calgary18","paper4","aeecc3ff5b2e497e35fbd2d2190627fff4818dabf7aee9734ac090c21b04739b","rans_matched","rans","matched_merge","0","13286","7277","8","7","12","12","35868","8","768","4173","3","53232","4","e29bc10b5ee62f27","00000000000000000000010000000000000000000000000000000000000000000100010202000002010002000200020200000000000000000000000200000000000101030101030101010101010101010404010103010101010005010000000000060503050605050506000505050206040405020306050301020500000000000000000000000000000000000000000000000000000000000000000000000000000000000000000000000000000000000000000000000000000000000000000000000000000000000000000000000000000000000000000000000000000000000000000000000000000000000000000000000000000000000000000000000000","PASS"
"case-21","calgary18","paper4","aeecc3ff5b2e497e35fbd2d2190627fff4818dabf7aee9734ac090c21b04739b","huff_init_only","huffman","initialization_only","0","13286","7675","32","32","12","1","172288","8","1280","10778","3","49331","0","ecfdd4ab83b7b14f","0d0000000000000000000f00000000000000000000000000000000000000000000001a041c0000110f121308171e1106011a0714081e1f030b1f150200000000001c0c0403011617181b19091d0206001b0e0d051d070f0e0a0510090b0a00000004160c0d011213090600000a0b03050e1008070210181519140c00000000000000000000000000000000000000000000000000000000000000000000000000000000000000000000000000000000000000000000000000000000000000000000000000000000000000000000000000000000000000000000000000000000000000000000000000000000000000000000000000000000000000000000000000","PASS"
"case-21","calgary18","paper4","aeecc3ff5b2e497e35fbd2d2190627fff4818dabf7aee9734ac090c21b04739b","rans_init_only","rans","initialization_only","0","13286","7881","12","12","12","12","61488","8","1024","7638","2","54344","4","7b5f5025f3c3a982","050000000000000000000300000000000000000000000000000000000000000000000a08000000010b0203000b06050a050203040402030b0707050600000000000408000709060708030901010a02040b060901050b070a020908050306000000040a0001010607090600080a0b0305020008070204000901080400000000000000000000000000000000000000000000000000000000000000000000000000000000000000000000000000000000000000000000000000000000000000000000000000000000000000000000000000000000000000000000000000000000000000000000000000000000000000000000000000000000000000000000000000","PASS"
"case-21","calgary18","paper4","aeecc3ff5b2e497e35fbd2d2190627fff4818dabf7aee9734ac090c21b04739b","huff_payload_only","huffman","reassignment","1","13286","7725","64","64","12","1","344576","8","1536","13450","2","46804","0","5b015f3b6135a5cd","380000000000000000000f00000000000000000000000000000000000000000000003a113c0000312f323334171e11063f1a2734283e3f232b1f350d00000000001c2c241c213637381b393b3d22261b3b3a2d251d1b2e2e2c2a09293f2a00000004160c0d011213090600200a0b03050e3008070210181519140900000000000000000000000000000000000000000000000000000000000000000000000000000000000000000000000000000000000000000000000000000000000000000000000000000000000000000000000000000000000000000000000000000000000000000000000000000000000000000000000000000000000000000000000000","PASS"
"case-21","calgary18","paper4","aeecc3ff5b2e497e35fbd2d2190627fff4818dabf7aee9734ac090c21b04739b","rans_payload_only","rans","reassignment","1","13286","9409","64","64","12","12","327936","8","1536","27430","2","46264","4","45df648e1908d93d","390000000000000000000f00000000000000000000000000000000000000000000003a113c0000312f323334171e11063f1a2734283e3f232b1f351700000000001c2c241c213637381b393b3d22261b3b3a2d251d1b2e2e372a18293f2a00000004160c0d011213090600200a0b03050e3008070210181519141800000000000000000000000000000000000000000000000000000000000000000000000000000000000000000000000000000000000000000000000000000000000000000000000000000000000000000000000000000000000000000000000000000000000000000000000000000000000000000000000000000000000000000000000000","PASS"
"case-21","calgary18","paper4","aeecc3ff5b2e497e35fbd2d2190627fff4818dabf7aee9734ac090c21b04739b","rans_estimated_total","rans","reassignment","2","13286","7509","6","6","12","1","30744","8","768","4046","2","55216","4","199278e54af41754","03000000000000000000030000000000000000000000000000000000000000000000030101000001000101000100050405020101050203050101010100000000000303000303000303030305030003030505030302050303030102030301000000040200010101010204000202020305020002010204020200010200000000000000000000000000000000000000000000000000000000000000000000000000000000000000000000000000000000000000000000000000000000000000000000000000000000000000000000000000000000000000000000000000000000000000000000000000000000000000000000000000000000000000000000000000","PASS"
"case-21","calgary18","paper4","aeecc3ff5b2e497e35fbd2d2190627fff4818dabf7aee9734ac090c21b04739b","huff_single","huffman","reassignment","0","13286","7935","1","1","1","1","5384","8","0","592","3","62877","0","9f911efad84a9484","00000000000000000000000000000000000000000000000000000000000000000000000000000000000000000000000000000000000000000000000000000000000000000000000000000000000000000000000000000000000000000000000000000000000000000000000000000000000000000000000000000000000000000000000000000000000000000000000000000000000000000000000000000000000000000000000000000000000000000000000000000000000000000000000000000000000000000000000000000000000000000000000000000000000000000000000000000000000000000000000000000000000000000000000000000000","PASS"
"case-21","calgary18","paper4","aeecc3ff5b2e497e35fbd2d2190627fff4818dabf7aee9734ac090c21b04739b","rans_single","rans_highbits","fixed_reference","0","13286","7912","1","1","1","1","5124","8","0","793","7","62456","4","54fe9626834cc713","00000000000000000000000000000000000000000000000000000000000000000000000000000000000000000000000000000000000000000000000000000000000000000000000000000000000000000000000000000000000000000000000000000000000000000000000000000000000000000000000000000000000000000000000000000000000000000000000000000000000000000000000000000000000000000000000000000000000000000000000000000000000000000000000000000000000000000000000000000000000000000000000000000000000000000000000000000000000000000000000000000000000000000000000000000000","PASS"
"case-21","calgary18","paper4","aeecc3ff5b2e497e35fbd2d2190627fff4818dabf7aee9734ac090c21b04739b","rans_highbits","rans_highbits","fixed_reference","0","13286","7813","4","4","9","9","20496","8","0","2060","4","60400","4","c43273b641334d1c","00000000000000000000000000000000000000000000000000000000000000000000000000000000000000000000000000000000000000000000000000000000010101010101010101010101010101010101010101010101010101010101010101010101010101010101010101010101010101010101010101010101010101010202020202020202020202020202020202020202020202020202020202020202020202020202020202020202020202020202020202020202020202020202020203030303030303030303030303030303030303030303030303030303030303030303030303030303030303030303030303030303030303030303030303030303","PASS"
"case-21","calgary18","paper4","aeecc3ff5b2e497e35fbd2d2190627fff4818dabf7aee9734ac090c21b04739b","adaptive_order1","adaptive_order1","fixed_reference","0","13286","6614","256","256","1","1","132096","0","0","0","0","0","0","867aa51c9795e79a","00000000000000000000000000000000000000000000000000000000000000000000000000000000000000000000000000000000000000000000000000000000000000000000000000000000000000000000000000000000000000000000000000000000000000000000000000000000000000000000000000000000000000000000000000000000000000000000000000000000000000000000000000000000000000000000000000000000000000000000000000000000000000000000000000000000000000000000000000000000000000000000000000000000000000000000000000000000000000000000000000000000000000000000000000000000","PASS"
"case-22","calgary18","paper5","7a4b1ee6aa419ca362a9bbae383287fe8fee4324c9d6aefa7e94b6d845452ee8","huff_reassignment","huffman","reassignment","0","11954","7130","4","4","12","1","21536","8","512","2524","3","53993","0","34e5cc435ecfeaad","02000000000000000001020000000000000000000000000000000000000000000002000000000100000100010100010102010102020101010101000001010100020103000001030100010101000001000000010003020100030101000001000000020303030103030302030303000101000103010302030300010001000100000000000000000000000000000000000000000000000000000000000000000000000000000000000000000000000000000000000000000000000000000000000000000000000000000000000000000000000000000000000000000000000000000000000000000000000000000000000000000000000000000000000000000000","PASS"
"case-22","calgary18","paper5","7a4b1ee6aa419ca362a9bbae383287fe8fee4324c9d6aefa7e94b6d845452ee8","rans_reassignment","rans","reassignment","0","11954","7110","4","4","12","12","20496","8","512","3066","6","53256","4","5a74ed3ffbf04f7c","02000000000000000001020000000000000000000000000000000000000000000002000000000100000100020100010102010102020201010100000001010100020103000001030300010101000000000000010003020100030101000001000000020303030103030302030303030101000303030302030300010001000100000000000000000000000000000000000000000000000000000000000000000000000000000000000000000000000000000000000000000000000000000000000000000000000000000000000000000000000000000000000000000000000000000000000000000000000000000000000000000000000000000000000000000000","PASS"
"case-22","calgary18","paper5","7a4b1ee6aa419ca362a9bbae383287fe8fee4324c9d6aefa7e94b6d845452ee8","huff_native","huffman","brotli_native_policy","0","11954","6841","16","16","12","1","86144","8","1024","6262","6","47428","0","24f64b8909fcf33d","00000000000000000000000000000000000000000000000000000000000000000101020002000302020202040202020202020202020202020202020506020202070208010102060200020202020102000205020209010205020203020a0200000004060a080b0c0c08070d08060d0e0f0503080309040d0902020202000202000000000000000000000000000000000000000000000000000000000000000000000000000000000000000000000000000000000000000000000000000000000000000000000000000000000000000000000000000000000000000000000000000000000000000000000000000000000000000000000000000000000000000000","PASS"
"case-22","calgary18","paper5","7a4b1ee6aa419ca362a9bbae383287fe8fee4324c9d6aefa7e94b6d845452ee8","rans_native","rans","brotli_native_policy","0","11954","6964","6","6","12","12","30744","8","768","4114","6","50784","4","f00125397e0e962a","00000000000000000001000000000000000000000000000000000000000000000100000000000200000000000000000000000000000000000001000000000000030004010100050000000000000100000000000005000000000002000000000000030404040204050403040404040202040404040503040504000100000001000000000000000000000000000000000000000000000000000000000000000000000000000000000000000000000000000000000000000000000000000000000000000000000000000000000000000000000000000000000000000000000000000000000000000000000000000000000000000000000000000000000000000000","PASS"
"case-22","calgary18","paper5","7a4b1ee6aa419ca362a9bbae383287fe8fee4324c9d6aefa7e94b6d845452ee8","huff_matched","huffman","matched_merge","0","11954","6810","16","16","12","1","86144","8","1024","5822","0","47626","0","7cff988e93f370fa","00000000000000000001000000000000000000000000000000000000000000000200020002000302020402050502060504040404040404040405040607050306080209020202090200020404000202000206040205000406040403020a04000000070909030b090c09080d0d090d0e0b0f0309030c080d0c03030303000403000000000000000000000000000000000000000000000000000000000000000000000000000000000000000000000000000000000000000000000000000000000000000000000000000000000000000000000000000000000000000000000000000000000000000000000000000000000000000000000000000000000000000000","PASS"
"case-22","calgary18","paper5","7a4b1ee6aa419ca362a9bbae383287fe8fee4324c9d6aefa7e94b6d845452ee8","rans_matched","rans","matched_merge","0","11954","6962","8","8","12","12","40992","8","768","5376","0","49512","4","134d3fd01a92cab3","00000000000000000000010000000000000000000000000000000000000000000201020000000002020000000002000000000000000000000000000000000000030204020502060001000000000200010000000005030000000004000100000000030606040704040503050506050607070406040503050504040404000004000000000000000000000000000000000000000000000000000000000000000000000000000000000000000000000000000000000000000000000000000000000000000000000000000000000000000000000000000000000000000000000000000000000000000000000000000000000000000000000000000000000000000000","PASS"
"case-22","calgary18","paper5","7a4b1ee6aa419ca362a9bbae383287fe8fee4324c9d6aefa7e94b6d845452ee8","huff_init_only","huffman","initialization_only","0","11954","7497","6","6","12","1","32304","8","768","4028","0","55172","0","76c32dab5832adb4","03000000000000000005040000000000000000000000000000000000000000000004040002000103010502050302010000040002040301020405040101010105020004030305030302010300040005000100050302000401050402010402000000000105030100050502010503020501000502040304000203040002000300000000000000000000000000000000000000000000000000000000000000000000000000000000000000000000000000000000000000000000000000000000000000000000000000000000000000000000000000000000000000000000000000000000000000000000000000000000000000000000000000000000000000000000","PASS"
"case-22","calgary18","paper5","7a4b1ee6aa419ca362a9bbae383287fe8fee4324c9d6aefa7e94b6d845452ee8","rans_init_only","rans","initialization_only","0","11954","7492","1","1","12","12","5124","8","0","869","3","59024","4","7e8938c44f5bc588","00000000000000000000000000000000000000000000000000000000000000000000000000000000000000000000000000000000000000000000000000000000000000000000000000000000000000000000000000000000000000000000000000000000000000000000000000000000000000000000000000000000000000000000000000000000000000000000000000000000000000000000000000000000000000000000000000000000000000000000000000000000000000000000000000000000000000000000000000000000000000000000000000000000000000000000000000000000000000000000000000000000000000000000000000000000","PASS"
"case-22","calgary18","paper5","7a4b1ee6aa419ca362a9bbae383287fe8fee4324c9d6aefa7e94b6d845452ee8","huff_payload_only","huffman","reassignment","1","11954","7549","64","64","12","1","344576","8","1536","15696","4","43148","0","e3e1cec890a04c67","1e0000000000000000290a00000000000000000000000000000000000000000000062e001400041b1f230413152c0d151e222a262a330923183d281b2b25311b023008391101120534192d36340e353c371b1d272000141b2f3a323d1c380000000613110f0112170b020e08090e05070c3b08040310181a21162c3e003f24000000000000000000000000000000000000000000000000000000000000000000000000000000000000000000000000000000000000000000000000000000000000000000000000000000000000000000000000000000000000000000000000000000000000000000000000000000000000000000000000000000000000000000","PASS"
"case-22","calgary18","paper5","7a4b1ee6aa419ca362a9bbae383287fe8fee4324c9d6aefa7e94b6d845452ee8","rans_payload_only","rans","reassignment","1","11954","9116","64","64","12","12","327936","8","1536","28726","2","42624","4","3f558c03b312444c","1e0000000000000000290a00000000000000000000000000000000000000000000062e001400161b1f230415152c0d2a1e222a262a330923183d28282b25311b02300f391101120034192d36340e353c37281d27200014282f3a323d1c380000000613110f0112170b020e08090e05070c3b08040310181a21162c3e003f24000000000000000000000000000000000000000000000000000000000000000000000000000000000000000000000000000000000000000000000000000000000000000000000000000000000000000000000000000000000000000000000000000000000000000000000000000000000000000000000000000000000000000000","PASS"
"case-22","calgary18","paper5","7a4b1ee6aa419ca362a9bbae383287fe8fee4324c9d6aefa7e94b6d845452ee8","rans_estimated_total","rans","reassignment","2","11954","7110","4","4","12","1","20496","8","512","3066","6","53256","4","5a74ed3ffbf04f7c","02000000000000000001020000000000000000000000000000000000000000000002000000000100000100020100010102010102020201010100000001010100020103000001030300010101000000000000010003020100030101000001000000020303030103030302030303030101000303030302030300010001000100000000000000000000000000000000000000000000000000000000000000000000000000000000000000000000000000000000000000000000000000000000000000000000000000000000000000000000000000000000000000000000000000000000000000000000000000000000000000000000000000000000000000000000","PASS"
"case-22","calgary18","paper5","7a4b1ee6aa419ca362a9bbae383287fe8fee4324c9d6aefa7e94b6d845452ee8","huff_single","huffman","reassignment","0","11954","7513","1","1","1","1","5384","8","0","644","7","59445","0","e99cd88d7359f7a7","00000000000000000000000000000000000000000000000000000000000000000000000000000000000000000000000000000000000000000000000000000000000000000000000000000000000000000000000000000000000000000000000000000000000000000000000000000000000000000000000000000000000000000000000000000000000000000000000000000000000000000000000000000000000000000000000000000000000000000000000000000000000000000000000000000000000000000000000000000000000000000000000000000000000000000000000000000000000000000000000000000000000000000000000000000000","PASS"
"case-22","calgary18","paper5","7a4b1ee6aa419ca362a9bbae383287fe8fee4324c9d6aefa7e94b6d845452ee8","rans_single","rans_highbits","fixed_reference","0","11954","7492","1","1","1","1","5124","8","0","869","3","59024","4","88b91d50bbeb8efd","00000000000000000000000000000000000000000000000000000000000000000000000000000000000000000000000000000000000000000000000000000000000000000000000000000000000000000000000000000000000000000000000000000000000000000000000000000000000000000000000000000000000000000000000000000000000000000000000000000000000000000000000000000000000000000000000000000000000000000000000000000000000000000000000000000000000000000000000000000000000000000000000000000000000000000000000000000000000000000000000000000000000000000000000000000000","PASS"
"case-22","calgary18","paper5","7a4b1ee6aa419ca362a9bbae383287fe8fee4324c9d6aefa7e94b6d845452ee8","rans_highbits","rans_highbits","fixed_reference","0","11954","7378","8","8","9","9","40992","8","0","4102","2","54880","4","ff3d4ef42fd87f72","00000000000000000000000000000000000000000000000000000000000000000101010101010101010101010101010101010101010101010101010101010101020202020202020202020202020202020202020202020202020202020202020203030303030303030303030303030303030303030303030303030303030303030404040404040404040404040404040404040404040404040404040404040404050505050505050505050505050505050505050505050505050505050505050506060606060606060606060606060606060606060606060606060606060606060707070707070707070707070707070707070707070707070707070707070707","PASS"
"case-22","calgary18","paper5","7a4b1ee6aa419ca362a9bbae383287fe8fee4324c9d6aefa7e94b6d845452ee8","adaptive_order1","adaptive_order1","fixed_reference","0","11954","6215","256","256","1","1","132096","0","0","0","0","0","0","f45b46c8def4c12c","00000000000000000000000000000000000000000000000000000000000000000000000000000000000000000000000000000000000000000000000000000000000000000000000000000000000000000000000000000000000000000000000000000000000000000000000000000000000000000000000000000000000000000000000000000000000000000000000000000000000000000000000000000000000000000000000000000000000000000000000000000000000000000000000000000000000000000000000000000000000000000000000000000000000000000000000000000000000000000000000000000000000000000000000000000000","PASS"
"case-23","calgary18","paper6","8f38dd101a4e0c0e4acefec93d5da8198db593557e9e0019140e2dff24b1b080","huff_reassignment","huffman","reassignment","0","38105","20053","32","32","12","1","172288","8","1280","13548","3","145585","0","37db6bd5aa554fd4","0a0000000000000000130a000000000000000000000000000000000000000000001c1f0f0f0e1f10001918130e1c0d1616191919190f19191919181c191c1c0f00001e0a1a0b1d1a12070a00151c1f040f1f160702040a1b1f07000517190e000005150c0e01111a0903191e0b1206041404080702101d1b14181e001f1f1c000000000000000000000000000000000000000000000000000000000000000000000000000000000000000000000000000000000000000000000000000000000000000000000000000000000000000000000000000000000000000000000000000000000000000000000000000000000000000000000000000000000000000000","PASS"
"case-23","calgary18","paper6","8f38dd101a4e0c0e4acefec93d5da8198db593557e9e0019140e2dff24b1b080","rans_reassignment","rans","reassignment","0","38105","20413","32","32","12","12","163968","8","1280","17774","2","144208","4","7c861eb316569fb7","0a0000000000000000130a000000000000000000000000000000000000000000001c1f0f0f0e1f100019181c0e1c0d1616191919190f19191919181f191c1c0f00001e0a0e0b1d1a12070a00151c1f040f1f160802041f1b1f1a0005171918000005150c0e01111a0903191e0b1206041411080702101d1b14181e001f1f1c000000000000000000000000000000000000000000000000000000000000000000000000000000000000000000000000000000000000000000000000000000000000000000000000000000000000000000000000000000000000000000000000000000000000000000000000000000000000000000000000000000000000000000","PASS"
"case-23","calgary18","paper6","8f38dd101a4e0c0e4acefec93d5da8198db593557e9e0019140e2dff24b1b080","huff_native","huffman","brotli_native_policy","0","38105","19775","32","32","12","1","172288","8","1280","12566","1","144345","0","4cdc09740cb524be","00000000000000000001000000000000000000000000000000000000000000000203030404040506020707080903060505070707070a0707070704030b0303040002020b0c000d0c0303000e0303000304060b0f0b0e0b100d00000a080309000011120f0c130d0c140e0315161718191a0d1b1c1d1e1f100f091502010603000000000000000000000000000000000000000000000000000000000000000000000000000000000000000000000000000000000000000000000000000000000000000000000000000000000000000000000000000000000000000000000000000000000000000000000000000000000000000000000000000000000000000000","PASS"
"case-23","calgary18","paper6","8f38dd101a4e0c0e4acefec93d5da8198db593557e9e0019140e2dff24b1b080","rans_native","rans","brotli_native_policy","0","38105","20126","24","24","12","12","122976","8","1280","13766","2","145920","4","4c2b4166b0d67939","0000000000000000000100000000000000000000000000000000000000000000020303000304050603070708040306050507070707070707070707030803030300020203040009040303000a030300030306030b0c0a010c0900000508030400000d0e0b040f0904100a031011121314120915160c17100c0b041002010603000000000000000000000000000000000000000000000000000000000000000000000000000000000000000000000000000000000000000000000000000000000000000000000000000000000000000000000000000000000000000000000000000000000000000000000000000000000000000000000000000000000000000000","PASS"
"case-23","calgary18","paper6","8f38dd101a4e0c0e4acefec93d5da8198db593557e9e0019140e2dff24b1b080","huff_matched","huffman","matched_merge","0","38105","19734","48","37","12","1","199208","8","1536","12816","7","143505","0","9d6901617963a245","000000000000000000010000000000000000000000000000000000000000000002030405060708040203060908040a040b0c0c0c0c0c0c0c0c0c06030d0d0404000e020e0f000f1007040007040e020e06080402110e0e120f000013140308000015161710180f10191a04191b1c1d1e1f2021221223191217241602011f04000000000000000000000000000000000000000000000000000000000000000000000000000000000000000000000000000000000000000000000000000000000000000000000000000000000000000000000000000000000000000000000000000000000000000000000000000000000000000000000000000000000000000000","PASS"
"case-23","calgary18","paper6","8f38dd101a4e0c0e4acefec93d5da8198db593557e9e0019140e2dff24b1b080","rans_matched","rans","matched_merge","0","38105","20053","24","22","12","12","112728","8","1280","13046","2","146056","4","561de902259b2c43","00000000000000000001000000000000000000000000000000000000000000000203040505030404020305060306040707070707070507070707050303060604000802080900050908080008080808080504080a080b080c080000050d030e00000f100a09110909120b0612101314151315100e0c0f120c0a0e1202010406000000000000000000000000000000000000000000000000000000000000000000000000000000000000000000000000000000000000000000000000000000000000000000000000000000000000000000000000000000000000000000000000000000000000000000000000000000000000000000000000000000000000000000","PASS"
"case-23","calgary18","paper6","8f38dd101a4e0c0e4acefec93d5da8198db593557e9e0019140e2dff24b1b080","huff_init_only","huffman","initialization_only","0","38105","20413","64","64","12","1","344576","8","1536","20084","6","141670","0","a2b83da3f39ba005","1c0000000000000000130a00000000000000000000000000000000000000000000161f0a0f171430282f182b20240d091619232c31213a2d3b38013c392e0f1500293e2a0e0b3d0c3227100035083f11061d3633221237131a19002517261b000005150c0e01111a0903071e0b1206041403080702101d1b34180d0402051c000000000000000000000000000000000000000000000000000000000000000000000000000000000000000000000000000000000000000000000000000000000000000000000000000000000000000000000000000000000000000000000000000000000000000000000000000000000000000000000000000000000000000000","PASS"
"case-23","calgary18","paper6","8f38dd101a4e0c0e4acefec93d5da8198db593557e9e0019140e2dff24b1b080","rans_init_only","rans","initialization_only","0","38105","21236","32","32","12","12","163968","8","1280","18898","6","149664","4","a88de9233d99f87d","1c0000000000000000130a00000000000000000000000000000000000000000000161f0a0f171410080f180b00040d091619030c11011a0d1b18011c190e0f1500091e0a0e0b1d0c1207100015081f11061d1613021217131a19000517061b000005150c0e01111a0903071e0b1206041403080702101d1b14180d0402051c000000000000000000000000000000000000000000000000000000000000000000000000000000000000000000000000000000000000000000000000000000000000000000000000000000000000000000000000000000000000000000000000000000000000000000000000000000000000000000000000000000000000000000","PASS"
"case-23","calgary18","paper6","8f38dd101a4e0c0e4acefec93d5da8198db593557e9e0019140e2dff24b1b080","huff_payload_only","huffman","reassignment","1","38105","20179","64","64","12","1","344576","8","1536","19644","3","140241","0","73dc44bc7d433521","0a0000000000000000130a00000000000000000000000000000000000000000000261f0f0f2f2030282f212b20240d241619232c31213a2d3b38233c392e1c3000293e2a1a0b3d1a32270a0035083f000f3036332229371b3f07002517260e000005150c0e01111a09032f1e0b1206041404080702101d1b34181e0013301c000000000000000000000000000000000000000000000000000000000000000000000000000000000000000000000000000000000000000000000000000000000000000000000000000000000000000000000000000000000000000000000000000000000000000000000000000000000000000000000000000000000000000000","PASS"
"case-23","calgary18","paper6","8f38dd101a4e0c0e4acefec93d5da8198db593557e9e0019140e2dff24b1b080","rans_payload_only","rans","reassignment","1","38105","21448","64","64","12","12","327936","8","1536","31254","2","138752","4","d68f2be4af8d4615","0a0000000000000000130a00000000000000000000000000000000000000000000261f0f0f2f1f30282f3b2b20240d241619232c31213a2d3b38233c392e1c3000293e2a0e0b3d1a32270a0035083f000f3036332204371b3f0a0025172620000005150c0e01111a09032f1e0b1206041411080702101d1b34181e001f301c000000000000000000000000000000000000000000000000000000000000000000000000000000000000000000000000000000000000000000000000000000000000000000000000000000000000000000000000000000000000000000000000000000000000000000000000000000000000000000000000000000000000000000","PASS"
"case-23","calgary18","paper6","8f38dd101a4e0c0e4acefec93d5da8198db593557e9e0019140e2dff24b1b080","rans_estimated_total","rans","reassignment","2","38105","20413","32","32","12","1","163968","8","1280","17774","2","144208","4","7c861eb316569fb7","0a0000000000000000130a000000000000000000000000000000000000000000001c1f0f0f0e1f100019181c0e1c0d1616191919190f19191919181f191c1c0f00001e0a0e0b1d1a12070a00151c1f040f1f160802041f1b1f1a0005171918000005150c0e01111a0903191e0b1206041411080702101d1b14181e001f1f1c000000000000000000000000000000000000000000000000000000000000000000000000000000000000000000000000000000000000000000000000000000000000000000000000000000000000000000000000000000000000000000000000000000000000000000000000000000000000000000000000000000000000000000","PASS"
"case-23","calgary18","paper6","8f38dd101a4e0c0e4acefec93d5da8198db593557e9e0019140e2dff24b1b080","huff_single","huffman","reassignment","0","38105","24104","1","1","1","1","5384","8","0","642","0","192182","0","3977eae75e233795","00000000000000000000000000000000000000000000000000000000000000000000000000000000000000000000000000000000000000000000000000000000000000000000000000000000000000000000000000000000000000000000000000000000000000000000000000000000000000000000000000000000000000000000000000000000000000000000000000000000000000000000000000000000000000000000000000000000000000000000000000000000000000000000000000000000000000000000000000000000000000000000000000000000000000000000000000000000000000000000000000000000000000000000000000000000","PASS"
"case-23","calgary18","paper6","8f38dd101a4e0c0e4acefec93d5da8198db593557e9e0019140e2dff24b1b080","rans_single","rans_highbits","fixed_reference","0","38105","23987","1","1","1","1","5124","8","0","891","5","190960","4","411f468fb4b65428","00000000000000000000000000000000000000000000000000000000000000000000000000000000000000000000000000000000000000000000000000000000000000000000000000000000000000000000000000000000000000000000000000000000000000000000000000000000000000000000000000000000000000000000000000000000000000000000000000000000000000000000000000000000000000000000000000000000000000000000000000000000000000000000000000000000000000000000000000000000000000000000000000000000000000000000000000000000000000000000000000000000000000000000000000000000","PASS"
"case-23","calgary18","paper6","8f38dd101a4e0c0e4acefec93d5da8198db593557e9e0019140e2dff24b1b080","rans_highbits","rans_highbits","fixed_reference","0","38105","22336","16","16","9","9","81984","8","0","7526","2","171120","4","8042b3e76c8d203e","000000000000000000000000000000000101010101010101010101010101010102020202020202020202020202020202030303030303030303030303030303030404040404040404040404040404040405050505050505050505050505050505060606060606060606060606060606060707070707070707070707070707070708080808080808080808080808080808090909090909090909090909090909090a0a0a0a0a0a0a0a0a0a0a0a0a0a0a0a0b0b0b0b0b0b0b0b0b0b0b0b0b0b0b0b0c0c0c0c0c0c0c0c0c0c0c0c0c0c0c0c0d0d0d0d0d0d0d0d0d0d0d0d0d0d0d0d0e0e0e0e0e0e0e0e0e0e0e0e0e0e0e0e0f0f0f0f0f0f0f0f0f0f0f0f0f0f0f0f","PASS"
"case-23","calgary18","paper6","8f38dd101a4e0c0e4acefec93d5da8198db593557e9e0019140e2dff24b1b080","adaptive_order1","adaptive_order1","fixed_reference","0","38105","18581","256","256","1","1","132096","0","0","0","0","0","0","ead18ca42b18a225","00000000000000000000000000000000000000000000000000000000000000000000000000000000000000000000000000000000000000000000000000000000000000000000000000000000000000000000000000000000000000000000000000000000000000000000000000000000000000000000000000000000000000000000000000000000000000000000000000000000000000000000000000000000000000000000000000000000000000000000000000000000000000000000000000000000000000000000000000000000000000000000000000000000000000000000000000000000000000000000000000000000000000000000000000000000","PASS"
"case-24","calgary18","pic","0ec3a75089bb52342813496b17e51377bc9eba3cb519a444d67025354841d650","huff_reassignment","huffman","reassignment","0","513216","98679","16","16","12","1","86144","8","1024","11106","3","777291","0","6a83651eca080456","000c000a00020504050c000a050c0002000c00040000000a050c0004000c00030004000400000004050000000000000b050a0d040000000a000c000c050c0f030802000400000004000000000700000b000000010000000000010000000a00040504000400000004000000000900000a000c00040000000a050c050a050c0f0b000c0f0a0009060b0e00000e08000e0b090c000c000000000e01000c0500000300000000000000000000000000000000000c000b00000000080c000005080f09000c00040000000b0901000e05000f0b000a0000000000000e0c00010504050b050c0f0405010f040b0100000301090b050c000c05000e04050c0e0c050c0501","PASS"
"case-24","calgary18","pic","0ec3a75089bb52342813496b17e51377bc9eba3cb519a444d67025354841d650","rans_reassignment","rans","reassignment","0","513216","56480","12","12","12","12","61488","8","1024","8312","0","442464","4","9b61b786f7005f37","000a080a080b0604060a000a070b0802080a00040000000a080a0004060a080308040004000000040000000000000004080a080a0000090a080a000a070a070b08040004000000020000000006000004000000010000000000010000000a00040801000a08000004000000000b000002080a000a0000000a070a090a060a090b080a080a0004090406000005060007040905000100000000060100050600070300000000000000000000000000000000000a0004000000000a0a0000060a090b070a080a000007040601000506000904090a000000000000050a000106040604060a070a090107040b01000009010904060a070a0500080a090a070a090a0901","PASS"
"case-24","calgary18","pic","0ec3a75089bb52342813496b17e51377bc9eba3cb519a444d67025354841d650","huff_native","huffman","brotli_native_policy","0","513216","98508","12","12","12","1","64608","8","1024","10926","6","776100","0","fac95c556185ffa9","0001020302030204020100030201000502030004000000030201000602010207000400080000000400000000000000080201090600000203020a000102010207000500040000000400000000030000040000000b00000000000b000000030004000300060200000400000000010000040201000600000006020102010201020902030003020902080200000a02000209020a000100000000020b00010200020900000000000000000000000000000000000a00080000000003010000020a0209020a020600000208070b000a020002090201000000000000070a000b02060209020a0206020b0206000b0000020b0209020a020602000206020a020a020a020b","PASS"
"case-24","calgary18","pic","0ec3a75089bb52342813496b17e51377bc9eba3cb519a444d67025354841d650","rans_native","rans","brotli_native_policy","0","513216","56343","16","16","12","12","81984","8","1024","11172","4","438504","4","d2d64bef8ddd5897","00010203020402050201000302010006020300050000000302010007020108090205000a00000005000000000000000a0201080700000203020b000108010809020600050000000500000000030000050000000c00000000000c00000003000502030007080000050000000001000005020100070000000708010d010d010d0402030003020e0d0a0200000f0200080e020b000f00000000020c00040200080e00000000000000000000000000000000000b000a00000000030f0000080b0d0e020b02070000080a090c000f02000d0e0201000000000000040f000f0207020e020b08070d0c0807000c00000d0c0d0e020b0807020008070d0f080b0d0f0d0c","PASS"
"case-24","calgary18","pic","0ec3a75089bb52342813496b17e51377bc9eba3cb519a444d67025354841d650","huff_matched","huffman","matched_merge","0","513216","98406","12","9","12","1","48456","8","1024","8668","5","777543","0","f180162f7ce4b99f","00010201020102030201000102010004000100030000000102050003020100040003000300000003000000000000000302010006000000010005000102010204000400030000000300000000020000030000000700000000000700000001000302060006000000030000000001000008000100060000000602010201020502010001020100080208020000050200000800050005000000000207000102000208000000000000000000000000000000000005000600000000010500000205000802050006000002080207000502000208000100000000000004050005020602080205000602070006060700000207020802050006080000060205020602050207","PASS"
"case-24","calgary18","pic","0ec3a75089bb52342813496b17e51377bc9eba3cb519a444d67025354841d650","rans_matched","rans","matched_merge","0","513216","56271","12","11","12","12","56364","8","1024","7799","1","441304","4","e379769d769bbc68","000102010203020402010005060100050201000300000001060700040601080502030004000000090000000000000004060108030000050106070001080108050205000400000004000000000000000a000000090000000000090000000500050601000302000004000000000a0000040601000300000003080702010807080a06010003020a020a020000070200080a0207000900000000080900010200080a000000000000000000000000000000000007000300000000020700000007000a060700030000080a090900070200020a050500000000000002070007020a020a0207020302090803030900000209020a02070203020002030207080702070209","PASS"
"case-24","calgary18","pic","0ec3a75089bb52342813496b17e51377bc9eba3cb519a444d67025354841d650","huff_init_only","huffman","initialization_only","0","513216","100618","48","48","12","1","258432","8","1536","31738","6","771656","0","1da08720c6d549d6","000c0c0a0a0b04040b090022032915020d04002d2300001a021d000c2a190e030f1b240500000006250000000000001c052e1d180000262f2c13001b13110f0b080a000700000026000000002700001f000000280000000000290000002a0012010800242b000014000000002c0000272e172d150000001c142f1e0e12061a11082d0027132e25222a00002f01001a1f14000001000000002802000316000021000000000000000000000000000000000415000500000000022b00001206072907241f202000211b0d0700082000101c09210000000000002c16000e22170926061d18170f0a23190b0c0000030d1e230516101811001925091e0e280d2b1001","PASS"
"case-24","calgary18","pic","0ec3a75089bb52342813496b17e51377bc9eba3cb519a444d67025354841d650","rans_init_only","rans","initialization_only","0","513216","58692","48","48","12","12","245952","8","1536","31716","4","436240","4","af425fd6421331eb","000c0c0a0a0b04040b090022032915020d04002d2300001a021d000c2a190e030f1b240500000006250000000000001c052e1d180000262f2c13001b13110f0b080a000700000026000000002700001f000000280000000000290000002a0012010800242b000014000000002c0000272e172d150000001c142f1e0e12061a11082d0027132e25222a00002f01001a1f14000001000000002802000316000021000000000000000000000000000000000415000500000000022b00001206072907241f202000211b0d0700082000101c09210000000000002c16000e22170926061d18170f0a23190b0c0000030d1e230516101811001925091e0e280d2b1001","PASS"
"case-24","calgary18","pic","0ec3a75089bb52342813496b17e51377bc9eba3cb519a444d67025354841d650","huff_payload_only","huffman","reassignment","1","513216","100588","64","64","12","1","344576","8","1536","35012","6","768142","0","7041ec3c534508bd","000c3c0a3a0434043b2d000a330c15023d1d00040000003a321600042a2d0e033f3b0019000000040500000000000004350c3d200000060a2c16002f130c0f0b38020004000000040000000007000004000000010000000000010000000a000c312000193c000004000000000c0000172e0c0d1700000017142f093e12361a11082d38273a2615223100001e38000e1f34160024000000000901003614003021000000000000000000000000000000000018001700000000271e0000121d372907243f2000002e1b1401001e1200121c000c0000000000000b28002b05193926061d0f1705010e191b01000013011a230516301831003925091e13280d2b1001","PASS"
"case-24","calgary18","pic","0ec3a75089bb52342813496b17e51377bc9eba3cb519a444d67025354841d650","rans_payload_only","rans","reassignment","1","513216","59113","64","64","12","12","327936","8","1536","38960","0","432368","4","5f0c10d62419c6cf","000c3c0a3a1134043b2d000a330c15023d2d00040000000a320c00042a0c0e033f3b001900000004000000000000001b352f3d2000002a0a2c16000c130c0f0b381f0004000000040000000014000004000000010000000000010000000a0004312000253c000004000000000c0000172e0c001700000017142f0d3e12361a11082d38273a2609220600001e38000e1f3424002400000000090100361400302100000000000000000000000000000000001d001900000000271e00001228372907242a2000000e1b2d01001e1200121c320c0000000000000b2b002b05193926061d0f170d010e191b01000009011a230516301831003925091e13280d2b1001","PASS"
"case-24","calgary18","pic","0ec3a75089bb52342813496b17e51377bc9eba3cb519a444d67025354841d650","rans_estimated_total","rans","reassignment","2","513216","56505","16","16","12","1","81984","8","1024","10094","2","440880","4","824ee56e03c81933","000c050a05040504050c000a050c0002050c00040000000a050c0004050c0e0305040004000000040000000000000004050a0e0a0000070a050c000c0f0c0f030502000400000004000000000600000b000000010000000000010000000a0004050a000a06000004000000000600000a050c000a0000000a0e0c0d0a0f0c0f0b050c000a000b050b0500000c05000e0b09060001000000000e01000c06000e0b00000000000000000000000000000000000c000a00000000010c00000f0c0f03050c070a00000e0b0601000c06000f0b070c000000000000030c0001060b0f0b050c0f0a08010e0b0b0100000d01090b050c0e0a05000e0a050c090c0d0c0f01","PASS"
"case-24","calgary18","pic","0ec3a75089bb52342813496b17e51377bc9eba3cb519a444d67025354841d650","huff_single","huffman","reassignment","0","513216","106738","1","1","1","1","5384","8","0","1486","3","852407","0","264081a39b57d478","00000000000000000000000000000000000000000000000000000000000000000000000000000000000000000000000000000000000000000000000000000000000000000000000000000000000000000000000000000000000000000000000000000000000000000000000000000000000000000000000000000000000000000000000000000000000000000000000000000000000000000000000000000000000000000000000000000000000000000000000000000000000000000000000000000000000000000000000000000000000000000000000000000000000000000000000000000000000000000000000000000000000000000000000000000000","PASS"
"case-24","calgary18","pic","0ec3a75089bb52342813496b17e51377bc9eba3cb519a444d67025354841d650","rans_single","rans_highbits","fixed_reference","0","513216","79585","1","1","1","1","5124","8","0","739","5","635896","4","f2853f0db9f9def0","00000000000000000000000000000000000000000000000000000000000000000000000000000000000000000000000000000000000000000000000000000000000000000000000000000000000000000000000000000000000000000000000000000000000000000000000000000000000000000000000000000000000000000000000000000000000000000000000000000000000000000000000000000000000000000000000000000000000000000000000000000000000000000000000000000000000000000000000000000000000000000000000000000000000000000000000000000000000000000000000000000000000000000000000000000000","PASS"
"case-24","calgary18","pic","0ec3a75089bb52342813496b17e51377bc9eba3cb519a444d67025354841d650","rans_highbits","rans_highbits","fixed_reference","0","513216","64773","128","128","9","9","655872","8","0","55302","2","462840","4","4f6f5e4b320c4aa6","00000101020203030404050506060707080809090a0a0b0b0c0c0d0d0e0e0f0f10101111121213131414151516161717181819191a1a1b1b1c1c1d1d1e1e1f1f20202121222223232424252526262727282829292a2a2b2b2c2c2d2d2e2e2f2f30303131323233333434353536363737383839393a3a3b3b3c3c3d3d3e3e3f3f40404141424243434444454546464747484849494a4a4b4b4c4c4d4d4e4e4f4f50505151525253535454555556565757585859595a5a5b5b5c5c5d5d5e5e5f5f60606161626263636464656566666767686869696a6a6b6b6c6c6d6d6e6e6f6f70707171727273737474757576767777787879797a7a7b7b7c7c7d7d7e7e7f7f","PASS"
"case-24","calgary18","pic","0ec3a75089bb52342813496b17e51377bc9eba3cb519a444d67025354841d650","adaptive_order1","adaptive_order1","fixed_reference","0","513216","53833","256","256","1","1","132096","0","0","0","0","0","0","f5f70cde49ee06d5","00000000000000000000000000000000000000000000000000000000000000000000000000000000000000000000000000000000000000000000000000000000000000000000000000000000000000000000000000000000000000000000000000000000000000000000000000000000000000000000000000000000000000000000000000000000000000000000000000000000000000000000000000000000000000000000000000000000000000000000000000000000000000000000000000000000000000000000000000000000000000000000000000000000000000000000000000000000000000000000000000000000000000000000000000000000","PASS"
"case-25","calgary18","progc","151377a9d6aa9b7e872000269707a15e2b038c826340628e6f4d8b4db9ec3c19","huff_reassignment","huffman","reassignment","0","39611","21343","64","64","12","1","344576","8","1536","21256","3","147941","0","07164513cb8a0946","0c00000000000000000904000000000000000000000000000000000000000000000529211a0b002f10110c391d221f181c1e2c1e3f3d1e1e321e2a143e1a3a1a003331363c230f0130261725073506030a003424303b162b23000d3708381a19000a170e0d010b1b160312250f150706121408050213272b20280d2d002e00000000000000000000000000000000000000000000000000000000000000000000000000000000000000000000000000000000000000000000000000000000000000000000000000000000000000000000000000000000000000000000000000000000000000000000000000000000000000000000000000000000000000000000","PASS"
"case-25","calgary18","progc","151377a9d6aa9b7e872000269707a15e2b038c826340628e6f4d8b4db9ec3c19","rans_reassignment","rans","reassignment","0","39611","21975","32","32","12","12","163968","8","1280","19232","0","155248","4","42c3a493cacab0da","0c000000000000000009040000000000000000000000000000000000000000000005090d160b000f10110c191d001f181c1e1e1e1f1d1e1e1e1e0c141e1a1a1a001311161c030f0111061701071506030a001404101b160b0d000e1708111a19000a170e0d010b1b160302050f150706121208050213080b00050d14001400000000000000000000000000000000000000000000000000000000000000000000000000000000000000000000000000000000000000000000000000000000000000000000000000000000000000000000000000000000000000000000000000000000000000000000000000000000000000000000000000000000000000000000","PASS"
"case-25","calgary18","progc","151377a9d6aa9b7e872000269707a15e2b038c826340628e6f4d8b4db9ec3c19","huff_native","huffman","brotli_native_policy","0","39611","20941","48","48","12","1","258432","8","1536","17792","2","148190","0","24c7cc2839abc573","00000000000000000001020000000000000000000000000000000000000000000304050607080905080a000b0c040d0e0f1010101010101010100d0b0909090c0011120713141515161718161319121414000b15161a141b19001304050a0c1c001d181e1f20211b22231e242526272829292a2b2c2d221b2e242f0d090d00000000000000000000000000000000000000000000000000000000000000000000000000000000000000000000000000000000000000000000000000000000000000000000000000000000000000000000000000000000000000000000000000000000000000000000000000000000000000000000000000000000000000000000","PASS"
"case-25","calgary18","progc","151377a9d6aa9b7e872000269707a15e2b038c826340628e6f4d8b4db9ec3c19","rans_native","rans","brotli_native_policy","0","39611","21349","24","24","12","12","122976","8","1280","14368","0","155104","4","fcbb0fd67bf21614","00000000000000000001020000000000000000000000000000000000000000000304050604070308030800040003050908080808080808080808080903000300000404040404040504040a04040404040400040404040405040004030b08000c000d0a0e060f0a10110b0e0a1213071415151016170c111703160609030900000000000000000000000000000000000000000000000000000000000000000000000000000000000000000000000000000000000000000000000000000000000000000000000000000000000000000000000000000000000000000000000000000000000000000000000000000000000000000000000000000000000000000000","PASS"
"case-25","calgary18","progc","151377a9d6aa9b7e872000269707a15e2b038c826340628e6f4d8b4db9ec3c19","huff_matched","huffman","matched_merge","0","39611","20800","48","38","12","1","204592","8","1536","13876","2","150978","0","38492c8c618bf755","00000000000000000001020000000000000000000000000000000000000000000303040504060704030800090603060a0b0b0b0b0b0b0b0b0b0b0c0d07070707000e0f1004110404120e130404040f110400040412140415110004030408081600171318191a1b151c1d1e131f20212223231f241e251915031b190d090d00000000000000000000000000000000000000000000000000000000000000000000000000000000000000000000000000000000000000000000000000000000000000000000000000000000000000000000000000000000000000000000000000000000000000000000000000000000000000000000000000000000000000000000","PASS"
"case-25","calgary18","progc","151377a9d6aa9b7e872000269707a15e2b038c826340628e6f4d8b4db9ec3c19","rans_matched","rans","matched_merge","0","39611","21151","32","27","12","12","138348","8","1280","15709","3","152176","4","63ac4bf59ed78155","00000000000000000001020000000000000000000000000000000000000000000303040506070704030800070903070a0b0b0b0b0b0b0b0b0b0b070c07090909000d060604040404060d0e0e0606060404000406060d040f040004030408101100120e130514150f1617130e051610180e0e0f191a17160f0f19050c090c00000000000000000000000000000000000000000000000000000000000000000000000000000000000000000000000000000000000000000000000000000000000000000000000000000000000000000000000000000000000000000000000000000000000000000000000000000000000000000000000000000000000000000000","PASS"
"case-25","calgary18","progc","151377a9d6aa9b7e872000269707a15e2b038c826340628e6f4d8b4db9ec3c19","huff_init_only","huffman","initialization_only","0","39611","21583","64","64","12","1","344576","8","1536","21674","1","149445","0","86160c406f5131a7","1b00000000000000000904000000000000000000000000000000000000000000000529211a0b092f10110c391d221f181c1e2c003f3d020c32102a143e1a3a18003331363c230f0111261913073506030a003424303b16150d000e3708381c19000a170e0d010b1b160312250f150706121408050213272b2028042d172e00000000000000000000000000000000000000000000000000000000000000000000000000000000000000000000000000000000000000000000000000000000000000000000000000000000000000000000000000000000000000000000000000000000000000000000000000000000000000000000000000000000000000000000","PASS"
"case-25","calgary18","progc","151377a9d6aa9b7e872000269707a15e2b038c826340628e6f4d8b4db9ec3c19","rans_init_only","rans","initialization_only","0","39611","22543","32","32","12","12","163968","8","1280","19768","0","159256","4","4934833ee8febd81","1b00000000000000000904000000000000000000000000000000000000000000000509011a0b090f10110c191d021f181c1e0c001f1d020c12100a141e1a1a18001311161c030f0111061913071506030a001404101b16150d000e1708181c19000a170e0d010b1b160312050f150706121408050213070b0008040d170e00000000000000000000000000000000000000000000000000000000000000000000000000000000000000000000000000000000000000000000000000000000000000000000000000000000000000000000000000000000000000000000000000000000000000000000000000000000000000000000000000000000000000000000","PASS"
"case-25","calgary18","progc","151377a9d6aa9b7e872000269707a15e2b038c826340628e6f4d8b4db9ec3c19","huff_payload_only","huffman","reassignment","1","39611","21343","64","64","12","1","344576","8","1536","21256","3","147941","0","07164513cb8a0946","0c00000000000000000904000000000000000000000000000000000000000000000529211a0b002f10110c391d221f181c1e2c1e3f3d1e1e321e2a143e1a3a1a003331363c230f0130261725073506030a003424303b162b23000d3708381a19000a170e0d010b1b160312250f150706121408050213272b20280d2d002e00000000000000000000000000000000000000000000000000000000000000000000000000000000000000000000000000000000000000000000000000000000000000000000000000000000000000000000000000000000000000000000000000000000000000000000000000000000000000000000000000000000000000000000","PASS"
"case-25","calgary18","progc","151377a9d6aa9b7e872000269707a15e2b038c826340628e6f4d8b4db9ec3c19","rans_payload_only","rans","reassignment","1","39611","22542","64","64","12","12","327936","8","1536","32650","6","146104","4","5a33129d55dd13a0","3f00000000000000000904000000000000000000000000000000000000000000000529211a0b002f10110c391d221f181c1e2c1e3f3d1c1e321e2a143e1a3a1d003331363c230f0130261725073506030a003424303b162b23000e3708381d19000a170e0d010b1b160312250f150706121208050213272b20280d2d002e00000000000000000000000000000000000000000000000000000000000000000000000000000000000000000000000000000000000000000000000000000000000000000000000000000000000000000000000000000000000000000000000000000000000000000000000000000000000000000000000000000000000000000000","PASS"
"case-25","calgary18","progc","151377a9d6aa9b7e872000269707a15e2b038c826340628e6f4d8b4db9ec3c19","rans_estimated_total","rans","reassignment","2","39611","21975","32","32","12","1","163968","8","1280","19232","0","155248","4","42c3a493cacab0da","0c000000000000000009040000000000000000000000000000000000000000000005090d160b000f10110c191d001f181c1e1e1e1f1d1e1e1e1e0c141e1a1a1a001311161c030f0111061701071506030a001404101b160b0d000e1708111a19000a170e0d010b1b160302050f150706121208050213080b00050d14001400000000000000000000000000000000000000000000000000000000000000000000000000000000000000000000000000000000000000000000000000000000000000000000000000000000000000000000000000000000000000000000000000000000000000000000000000000000000000000000000000000000000000000000","PASS"
"case-25","calgary18","progc","151377a9d6aa9b7e872000269707a15e2b038c826340628e6f4d8b4db9ec3c19","huff_single","huffman","reassignment","0","39611","25996","1","1","1","1","5384","8","0","650","0","207310","0","12ce8b6616d7e259","00000000000000000000000000000000000000000000000000000000000000000000000000000000000000000000000000000000000000000000000000000000000000000000000000000000000000000000000000000000000000000000000000000000000000000000000000000000000000000000000000000000000000000000000000000000000000000000000000000000000000000000000000000000000000000000000000000000000000000000000000000000000000000000000000000000000000000000000000000000000000000000000000000000000000000000000000000000000000000000000000000000000000000000000000000000","PASS"
"case-25","calgary18","progc","151377a9d6aa9b7e872000269707a15e2b038c826340628e6f4d8b4db9ec3c19","rans_single","rans_highbits","fixed_reference","0","39611","25872","1","1","1","1","5124","8","0","953","7","205976","4","23ba3d2f78d5df93","00000000000000000000000000000000000000000000000000000000000000000000000000000000000000000000000000000000000000000000000000000000000000000000000000000000000000000000000000000000000000000000000000000000000000000000000000000000000000000000000000000000000000000000000000000000000000000000000000000000000000000000000000000000000000000000000000000000000000000000000000000000000000000000000000000000000000000000000000000000000000000000000000000000000000000000000000000000000000000000000000000000000000000000000000000000","PASS"
"case-25","calgary18","progc","151377a9d6aa9b7e872000269707a15e2b038c826340628e6f4d8b4db9ec3c19","rans_highbits","rans_highbits","fixed_reference","0","39611","23452","32","32","9","9","163968","8","0","14026","6","173544","4","aa4973ec133c3cdb","00000000000000000101010101010101020202020202020203030303030303030404040404040404050505050505050506060606060606060707070707070707080808080808080809090909090909090a0a0a0a0a0a0a0a0b0b0b0b0b0b0b0b0c0c0c0c0c0c0c0c0d0d0d0d0d0d0d0d0e0e0e0e0e0e0e0e0f0f0f0f0f0f0f0f10101010101010101111111111111111121212121212121213131313131313131414141414141414151515151515151516161616161616161717171717171717181818181818181819191919191919191a1a1a1a1a1a1a1a1b1b1b1b1b1b1b1b1c1c1c1c1c1c1c1c1d1d1d1d1d1d1d1d1e1e1e1e1e1e1e1e1f1f1f1f1f1f1f1f","PASS"
"case-25","calgary18","progc","151377a9d6aa9b7e872000269707a15e2b038c826340628e6f4d8b4db9ec3c19","adaptive_order1","adaptive_order1","fixed_reference","0","39611","19409","256","256","1","1","132096","0","0","0","0","0","0","e8efe3b3e583de6a","00000000000000000000000000000000000000000000000000000000000000000000000000000000000000000000000000000000000000000000000000000000000000000000000000000000000000000000000000000000000000000000000000000000000000000000000000000000000000000000000000000000000000000000000000000000000000000000000000000000000000000000000000000000000000000000000000000000000000000000000000000000000000000000000000000000000000000000000000000000000000000000000000000000000000000000000000000000000000000000000000000000000000000000000000000000","PASS"
"case-26","calgary18","progl","9388db0cfb71ffbe5687d381819a5ff69cdd992d6931e0cf81a310a1caed0ba0","huff_reassignment","huffman","reassignment","0","71646","31666","64","64","12","1","344576","8","1536","16324","2","235458","0","6b3ba1014f306b7f","030000000000000000080c000000000000000000000000000000000000000000002a2d3400001b1f04051b3520092c032a2231222a31312a313136033a333805002e28323c280e3b3224253f2b2b2337261e262f1e373f3d2b2f1c00000000303e0f16111001121a180b291d0a17070613270e0d02152119141b1c00390000000000000000000000000000000000000000000000000000000000000000000000000000000000000000000000000000000000000000000000000000000000000000000000000000000000000000000000000000000000000000000000000000000000000000000000000000000000000000000000000000000000000000000000","PASS"
"case-26","calgary18","progl","9388db0cfb71ffbe5687d381819a5ff69cdd992d6931e0cf81a310a1caed0ba0","rans_reassignment","rans","reassignment","0","71646","32143","48","48","12","12","245952","8","1536","23014","2","232552","4","b0b59a2debd86c8e","030000000000000000080c00000000000000000000000000000000000000000000052d040000271f0405272720092c132a2222222a052a2a23230f030a270805002e282f0228071e2624252f2b192307261e262f1e2626281f1b120000000009200f16111001121a180b291d0a17070613270e0d02152119141b1c00220000000000000000000000000000000000000000000000000000000000000000000000000000000000000000000000000000000000000000000000000000000000000000000000000000000000000000000000000000000000000000000000000000000000000000000000000000000000000000000000000000000000000000000000","PASS"
"case-26","calgary18","progl","9388db0cfb71ffbe5687d381819a5ff69cdd992d6931e0cf81a310a1caed0ba0","huff_native","huffman","brotli_native_policy","0","71646","31501","48","48","12","1","258432","8","1536","13994","1","236469","0","65298968764d448c","0000000000000000000102000000000000000000000000000000000000000000030405060000070809040707030a050b0c0c0c0c0c0c0c0c0c0c0d000b070704000e0f10110f0e121013140f110f15161017180e12161011111119000000000a031a1b1c1d1e191f2021222223242526270728292a2b202c2d2e2f000c0000000000000000000000000000000000000000000000000000000000000000000000000000000000000000000000000000000000000000000000000000000000000000000000000000000000000000000000000000000000000000000000000000000000000000000000000000000000000000000000000000000000000000000000","PASS"
"case-26","calgary18","progl","9388db0cfb71ffbe5687d381819a5ff69cdd992d6931e0cf81a310a1caed0ba0","rans_native","rans","brotli_native_policy","0","71646","31942","32","32","12","12","163968","8","1280","16512","0","237704","4","70d7726dd8292e12","000000000000000000010200000000000000000000000000000000000000000003040506000005070704050503080303090909090909090909090a0603050504000000060b00000500060c00090b0606000906000506060b00090d0000000008030a0e0f10110d1213140c0c1516171819091a1b1c1d130b1e051f00090000000000000000000000000000000000000000000000000000000000000000000000000000000000000000000000000000000000000000000000000000000000000000000000000000000000000000000000000000000000000000000000000000000000000000000000000000000000000000000000000000000000000000000000","PASS"
"case-26","calgary18","progl","9388db0cfb71ffbe5687d381819a5ff69cdd992d6931e0cf81a310a1caed0ba0","huff_matched","huffman","matched_merge","0","71646","31421","48","40","12","1","215360","8","1536","12150","5","237669","0","8401143e397bf413","000000000000000000010200000000000000000000000000000000000000000003040506000004070708040403090a030b0b0b0b0b0b0b0b0b0b0c0003040004000d0e0f0e0e0d100f11120e0e0e0d0d1304130d101313120e0e1400000000090a0c15161718191a1b1c1d1a1e1f2021220b23051d241b25262714000b0000000000000000000000000000000000000000000000000000000000000000000000000000000000000000000000000000000000000000000000000000000000000000000000000000000000000000000000000000000000000000000000000000000000000000000000000000000000000000000000000000000000000000000000","PASS"
"case-26","calgary18","progl","9388db0cfb71ffbe5687d381819a5ff69cdd992d6931e0cf81a310a1caed0ba0","rans_matched","rans","matched_merge","0","71646","31558","32","31","12","12","158844","8","1280","15875","5","235264","4","c8618d6ef780dae9","0000000000000000000102000000000000000000000000000000000000000000030405060000070808040707030906030a0a0a0a0a040a0a0a0a0b0003070704000c0c0d0c0c0c070d0d0e0c0c0e0c0d0d070d0c070d0d0c0c0c0f0000000009060b10111213101415160e14171518191a0a1b051c1d150e1e0a0f000a0000000000000000000000000000000000000000000000000000000000000000000000000000000000000000000000000000000000000000000000000000000000000000000000000000000000000000000000000000000000000000000000000000000000000000000000000000000000000000000000000000000000000000000000","PASS"
"case-26","calgary18","progl","9388db0cfb71ffbe5687d381819a5ff69cdd992d6931e0cf81a310a1caed0ba0","huff_init_only","huffman","initialization_only","0","71646","31880","64","64","12","1","344576","8","1536","16762","4","236730","0","0cf9a2d24caefd0d","170000000000000000080c000000000000000000000000000000000000000000000c2d340000071f0405023520092c032a2231111210140d0a1336033a333808002e00323c280e3b0624253f2b0923370104262f1e05153d0f0b1600000000303e0f16111001121a180b291d0a17070613270e0d02152119141b1c00390000000000000000000000000000000000000000000000000000000000000000000000000000000000000000000000000000000000000000000000000000000000000000000000000000000000000000000000000000000000000000000000000000000000000000000000000000000000000000000000000000000000000000000000","PASS"
"case-26","calgary18","progl","9388db0cfb71ffbe5687d381819a5ff69cdd992d6931e0cf81a310a1caed0ba0","rans_init_only","rans","initialization_only","0","71646","32527","48","48","12","12","245952","8","1536","23220","4","235416","4","b9323cf2da57c696","270000000000000000080c000000000000000000000000000000000000000000001c2d040000171f0405120520092c132a2201212220241d1a2306030a030818002e10020c281e0b1624250f2b1923071114262f1e15250d1f1b2600000000000e0f16111001121a180b291d0a17070613270e0d02152119141b1c00090000000000000000000000000000000000000000000000000000000000000000000000000000000000000000000000000000000000000000000000000000000000000000000000000000000000000000000000000000000000000000000000000000000000000000000000000000000000000000000000000000000000000000000000","PASS"
"case-26","calgary18","progl","9388db0cfb71ffbe5687d381819a5ff69cdd992d6931e0cf81a310a1caed0ba0","huff_payload_only","huffman","reassignment","1","71646","31666","64","64","12","1","344576","8","1536","16324","2","235458","0","6b3ba1014f306b7f","030000000000000000080c000000000000000000000000000000000000000000002a2d3400001b1f04051b3520092c032a2231222a31312a313136033a333805002e28323c280e3b3224253f2b2b2337261e262f1e373f3d2b2f1c00000000303e0f16111001121a180b291d0a17070613270e0d02152119141b1c00390000000000000000000000000000000000000000000000000000000000000000000000000000000000000000000000000000000000000000000000000000000000000000000000000000000000000000000000000000000000000000000000000000000000000000000000000000000000000000000000000000000000000000000000","PASS"
"case-26","calgary18","progl","9388db0cfb71ffbe5687d381819a5ff69cdd992d6931e0cf81a310a1caed0ba0","rans_payload_only","rans","reassignment","1","71646","32614","64","64","12","12","327936","8","1536","28678","2","230656","4","e59158b38ee8fe4a","030000000000000000080c00000000000000000000000000000000000000000000052d340000351f04051b3520092c002a2231222a31312a313136033a333805002e28323c280e3b3224253f2b2b2337261e262f1e373f3d2b2f1200000000303e0f16111001121a180b291d0a17070613270e0d02152119141b1c00390000000000000000000000000000000000000000000000000000000000000000000000000000000000000000000000000000000000000000000000000000000000000000000000000000000000000000000000000000000000000000000000000000000000000000000000000000000000000000000000000000000000000000000000","PASS"
"case-26","calgary18","progl","9388db0cfb71ffbe5687d381819a5ff69cdd992d6931e0cf81a310a1caed0ba0","rans_estimated_total","rans","reassignment","2","71646","32143","48","48","12","1","245952","8","1536","23014","2","232552","4","b0b59a2debd86c8e","030000000000000000080c00000000000000000000000000000000000000000000052d040000271f0405272720092c132a2222222a052a2a23230f030a270805002e282f0228071e2624252f2b192307261e262f1e2626281f1b120000000009200f16111001121a180b291d0a17070613270e0d02152119141b1c00220000000000000000000000000000000000000000000000000000000000000000000000000000000000000000000000000000000000000000000000000000000000000000000000000000000000000000000000000000000000000000000000000000000000000000000000000000000000000000000000000000000000000000000000","PASS"
"case-26","calgary18","progl","9388db0cfb71ffbe5687d381819a5ff69cdd992d6931e0cf81a310a1caed0ba0","huff_single","huffman","reassignment","0","71646","43061","1","1","1","1","5384","8","0","620","5","343855","0","cc24fae8fba633d7","00000000000000000000000000000000000000000000000000000000000000000000000000000000000000000000000000000000000000000000000000000000000000000000000000000000000000000000000000000000000000000000000000000000000000000000000000000000000000000000000000000000000000000000000000000000000000000000000000000000000000000000000000000000000000000000000000000000000000000000000000000000000000000000000000000000000000000000000000000000000000000000000000000000000000000000000000000000000000000000000000000000000000000000000000000000","PASS"
"case-26","calgary18","progl","9388db0cfb71ffbe5687d381819a5ff69cdd992d6931e0cf81a310a1caed0ba0","rans_single","rans_highbits","fixed_reference","0","71646","42839","1","1","1","1","5124","8","0","813","3","341856","4","9e6520e97b6b0b2b","00000000000000000000000000000000000000000000000000000000000000000000000000000000000000000000000000000000000000000000000000000000000000000000000000000000000000000000000000000000000000000000000000000000000000000000000000000000000000000000000000000000000000000000000000000000000000000000000000000000000000000000000000000000000000000000000000000000000000000000000000000000000000000000000000000000000000000000000000000000000000000000000000000000000000000000000000000000000000000000000000000000000000000000000000000000","PASS"
"case-26","calgary18","progl","9388db0cfb71ffbe5687d381819a5ff69cdd992d6931e0cf81a310a1caed0ba0","rans_highbits","rans_highbits","fixed_reference","0","71646","35974","32","32","9","9","163968","8","0","12366","2","275384","4","47d6d459c77186bb","00000000000000000101010101010101020202020202020203030303030303030404040404040404050505050505050506060606060606060707070707070707080808080808080809090909090909090a0a0a0a0a0a0a0a0b0b0b0b0b0b0b0b0c0c0c0c0c0c0c0c0d0d0d0d0d0d0d0d0e0e0e0e0e0e0e0e0f0f0f0f0f0f0f0f10101010101010101111111111111111121212121212121213131313131313131414141414141414151515151515151516161616161616161717171717171717181818181818181819191919191919191a1a1a1a1a1a1a1a1b1b1b1b1b1b1b1b1c1c1c1c1c1c1c1c1d1d1d1d1d1d1d1d1e1e1e1e1e1e1e1e1f1f1f1f1f1f1f1f","PASS"
"case-26","calgary18","progl","9388db0cfb71ffbe5687d381819a5ff69cdd992d6931e0cf81a310a1caed0ba0","adaptive_order1","adaptive_order1","fixed_reference","0","71646","29964","256","256","1","1","132096","0","0","0","0","0","0","ab496211fe66fb21","00000000000000000000000000000000000000000000000000000000000000000000000000000000000000000000000000000000000000000000000000000000000000000000000000000000000000000000000000000000000000000000000000000000000000000000000000000000000000000000000000000000000000000000000000000000000000000000000000000000000000000000000000000000000000000000000000000000000000000000000000000000000000000000000000000000000000000000000000000000000000000000000000000000000000000000000000000000000000000000000000000000000000000000000000000000","PASS"
"case-27","calgary18","progp","d0cd70ab5f7381a8584b25fa73b3608571a17ee1042cc5c546f63b904614d1bc","huff_reassignment","huffman","reassignment","0","49379","22781","64","64","12","1","344576","8","1536","20388","0","160316","0","8b44ed7d97563404","2000000000000000001604000000000000000000000000000000000000000000000e000f0000002b1011373c14311505181f302828182b2b102b0d08380e3300003b002521263d15392a3030351a3234242f221c2f3a231c363f0f292b28000000061d1b090113120f03192b0a19020b1e1e070c05172327202e3e2c162d10000000000000000000000000000000000000000000000000000000000000000000000000000000000000000000000000000000000000000000000000000000000000000000000000000000000000000000000000000000000000000000000000000000000000000000000000000000000000000000000000000000000000000000","PASS"
"case-27","calgary18","progp","d0cd70ab5f7381a8584b25fa73b3608571a17ee1042cc5c546f63b904614d1bc","rans_reassignment","rans","reassignment","0","49379","23470","48","48","12","12","245952","8","1536","25186","6","160992","4","49a402331ec4b30c","2000000000000000001604000000000000000000000000000000000000000000001e00120000002b1011070e140e1515181f28282828201f101c0d08000e000000060025212621150f2a2828071a0204242f221c2f0a231c181f12292528160000061d1b090113120f0319130a19020b1e1e070c05172327202e1d2c262d10000000000000000000000000000000000000000000000000000000000000000000000000000000000000000000000000000000000000000000000000000000000000000000000000000000000000000000000000000000000000000000000000000000000000000000000000000000000000000000000000000000000000000000","PASS"
"case-27","calgary18","progp","d0cd70ab5f7381a8584b25fa73b3608571a17ee1042cc5c546f63b904614d1bc","huff_native","huffman","brotli_native_policy","0","49379","22654","48","48","12","1","258432","8","1536","17902","2","161784","0","3460f65bc6a490c6","00000000000000000001020000000000000000000000000000000000000000000304000500000306070806090a090b0c0d0d0d060606060607060e0f03101000001100121314130b1516140d1718191a1b1c1d1e1c00151e0d0d1f0c060d010000112021222324051f252606272628292a2a2b2c2d2e1504000d202f030f07000000000000000000000000000000000000000000000000000000000000000000000000000000000000000000000000000000000000000000000000000000000000000000000000000000000000000000000000000000000000000000000000000000000000000000000000000000000000000000000000000000000000000000","PASS"
"case-27","calgary18","progp","d0cd70ab5f7381a8584b25fa73b3608571a17ee1042cc5c546f63b904614d1bc","rans_native","rans","brotli_native_policy","0","49379","23145","32","32","12","12","163968","8","1280","17818","6","166016","4","05ef1885773a4139","00000000000000000001020000000000000000000000000000000000000000000304000500000306070806090a090b06080606060606060607080c0d03090900000e000f0404060b10040f0f1110120f13060406060010060614150916060100000e121317181905151a1b061c1b1d14061111161e1f101e0006120a030d07000000000000000000000000000000000000000000000000000000000000000000000000000000000000000000000000000000000000000000000000000000000000000000000000000000000000000000000000000000000000000000000000000000000000000000000000000000000000000000000000000000000000000000","PASS"
"case-27","calgary18","progp","d0cd70ab5f7381a8584b25fa73b3608571a17ee1042cc5c546f63b904614d1bc","huff_matched","huffman","matched_merge","0","49379","22569","48","42","12","1","226128","8","1536","15754","7","163247","0","85abfbd94924f530","000000000000000000010200000000000000000000000000000000000000000003040005000003060708060907090a060b0b0b0b0b06060607060c0d0e0f0e00001000111213120a12140404151617181519171919061a190b0b051b1c0b010000101d1e1f20210505142206232224251c1c261e27281a29001c1d071f0d07000000000000000000000000000000000000000000000000000000000000000000000000000000000000000000000000000000000000000000000000000000000000000000000000000000000000000000000000000000000000000000000000000000000000000000000000000000000000000000000000000000000000000000","PASS"
"case-27","calgary18","progp","d0cd70ab5f7381a8584b25fa73b3608571a17ee1042cc5c546f63b904614d1bc","rans_matched","rans","matched_merge","0","49379","22903","32","31","12","12","158844","8","1280","17265","7","164632","4","8e28e78c5e656e17","0000000000000000000102000000000000000000000000000000000000000000010300040000010506070508060809060a0a0a0a0a0a050506050b0c01080100000d000e0f050f090f100a0a110f120e13141214140511140a0a0408050a0100000d1113151617040410131819131a1b1c1c1d03181e0318001c1103010c06000000000000000000000000000000000000000000000000000000000000000000000000000000000000000000000000000000000000000000000000000000000000000000000000000000000000000000000000000000000000000000000000000000000000000000000000000000000000000000000000000000000000000000","PASS"
"case-27","calgary18","progp","d0cd70ab5f7381a8584b25fa73b3608571a17ee1042cc5c546f63b904614d1bc","huff_init_only","huffman","initialization_only","0","49379","22959","64","64","12","1","344576","8","1536","20682","7","161439","0","d180e6035ac144d8","1800000000000000001604000000000000000000000000000000000000000000000e00190000092b1011373c14311505181f30070a0b1011130c0d08380e3300003b002521263d06392a1401351a3234240d221c2f3a0f02363f00291528120000061d1b090113120f0308030a19020b1e04070c05172327202e3e2c162d17000000000000000000000000000000000000000000000000000000000000000000000000000000000000000000000000000000000000000000000000000000000000000000000000000000000000000000000000000000000000000000000000000000000000000000000000000000000000000000000000000000000000000000","PASS"
"case-27","calgary18","progp","d0cd70ab5f7381a8584b25fa73b3608571a17ee1042cc5c546f63b904614d1bc","rans_init_only","rans","initialization_only","0","49379","23929","48","48","12","12","245952","8","1536","25490","6","164360","4","d65d86b8a81923a4","2800000000000000001604000000000000000000000000000000000000000000001e00290000192b1011070c14011515181f00171a1b2021231c0d08080e0300000b002521260d16092a2411051a0204241d221c2f0a1f12060f10292528220000061d1b090113120f0318130a19020b1e14070c05172327202e0e2c262d27000000000000000000000000000000000000000000000000000000000000000000000000000000000000000000000000000000000000000000000000000000000000000000000000000000000000000000000000000000000000000000000000000000000000000000000000000000000000000000000000000000000000000000","PASS"
"case-27","calgary18","progp","d0cd70ab5f7381a8584b25fa73b3608571a17ee1042cc5c546f63b904614d1bc","huff_payload_only","huffman","reassignment","1","49379","22781","64","64","12","1","344576","8","1536","20388","0","160316","0","8b44ed7d97563404","2000000000000000001604000000000000000000000000000000000000000000000e000f0000002b1011373c14311505181f302828182b2b102b0d08380e3300003b002521263d15392a3030351a3234242f221c2f3a231c363f0f292b28000000061d1b090113120f03192b0a19020b1e1e070c05172327202e3e2c162d10000000000000000000000000000000000000000000000000000000000000000000000000000000000000000000000000000000000000000000000000000000000000000000000000000000000000000000000000000000000000000000000000000000000000000000000000000000000000000000000000000000000000000000","PASS"
"case-27","calgary18","progp","d0cd70ab5f7381a8584b25fa73b3608571a17ee1042cc5c546f63b904614d1bc","rans_payload_only","rans","reassignment","1","49379","23829","64","64","12","12","327936","8","1536","31018","6","158032","4","2a43dc5ddd18a59b","3a00000000000000001604000000000000000000000000000000000000000000000e00120000002b1011373c14311514181f302b2b2b2b2b102b0d08380e3300003b002521263d15392a2828351a3234242f221c2f3a231c363f12292b28160000061d1b090113120f03192b0a19020b1e1e070c05172327202e3e2c162d10000000000000000000000000000000000000000000000000000000000000000000000000000000000000000000000000000000000000000000000000000000000000000000000000000000000000000000000000000000000000000000000000000000000000000000000000000000000000000000000000000000000000000000","PASS"
"case-27","calgary18","progp","d0cd70ab5f7381a8584b25fa73b3608571a17ee1042cc5c546f63b904614d1bc","rans_estimated_total","rans","reassignment","2","49379","23470","48","48","12","1","245952","8","1536","25186","6","160992","4","49a402331ec4b30c","2000000000000000001604000000000000000000000000000000000000000000001e00120000002b1011070e140e1515181f28282828201f101c0d08000e000000060025212621150f2a2828071a0204242f221c2f0a231c181f12292528160000061d1b090113120f0319130a19020b1e1e070c05172327202e1d2c262d10000000000000000000000000000000000000000000000000000000000000000000000000000000000000000000000000000000000000000000000000000000000000000000000000000000000000000000000000000000000000000000000000000000000000000000000000000000000000000000000000000000000000000000","PASS"
"case-27","calgary18","progp","d0cd70ab5f7381a8584b25fa73b3608571a17ee1042cc5c546f63b904614d1bc","huff_single","huffman","reassignment","0","49379","30296","1","1","1","1","5384","8","0","646","6","241708","0","c30bddc76bd55b7d","00000000000000000000000000000000000000000000000000000000000000000000000000000000000000000000000000000000000000000000000000000000000000000000000000000000000000000000000000000000000000000000000000000000000000000000000000000000000000000000000000000000000000000000000000000000000000000000000000000000000000000000000000000000000000000000000000000000000000000000000000000000000000000000000000000000000000000000000000000000000000000000000000000000000000000000000000000000000000000000000000000000000000000000000000000000","PASS"
"case-27","calgary18","progp","d0cd70ab5f7381a8584b25fa73b3608571a17ee1042cc5c546f63b904614d1bc","rans_single","rans_highbits","fixed_reference","0","49379","30182","1","1","1","1","5124","8","0","879","1","240536","4","7aa40be92f0c5931","00000000000000000000000000000000000000000000000000000000000000000000000000000000000000000000000000000000000000000000000000000000000000000000000000000000000000000000000000000000000000000000000000000000000000000000000000000000000000000000000000000000000000000000000000000000000000000000000000000000000000000000000000000000000000000000000000000000000000000000000000000000000000000000000000000000000000000000000000000000000000000000000000000000000000000000000000000000000000000000000000000000000000000000000000000000","PASS"
"case-27","calgary18","progp","d0cd70ab5f7381a8584b25fa73b3608571a17ee1042cc5c546f63b904614d1bc","rans_highbits","rans_highbits","fixed_reference","0","49379","26215","32","32","9","9","163968","8","0","13582","2","196096","4","6ce93d55585ae778","00000000000000000101010101010101020202020202020203030303030303030404040404040404050505050505050506060606060606060707070707070707080808080808080809090909090909090a0a0a0a0a0a0a0a0b0b0b0b0b0b0b0b0c0c0c0c0c0c0c0c0d0d0d0d0d0d0d0d0e0e0e0e0e0e0e0e0f0f0f0f0f0f0f0f10101010101010101111111111111111121212121212121213131313131313131414141414141414151515151515151516161616161616161717171717171717181818181818181819191919191919191a1a1a1a1a1a1a1a1b1b1b1b1b1b1b1b1c1c1c1c1c1c1c1c1d1d1d1d1d1d1d1d1e1e1e1e1e1e1e1e1f1f1f1f1f1f1f1f","PASS"
"case-27","calgary18","progp","d0cd70ab5f7381a8584b25fa73b3608571a17ee1042cc5c546f63b904614d1bc","adaptive_order1","adaptive_order1","fixed_reference","0","49379","21043","256","256","1","1","132096","0","0","0","0","0","0","6eadbf78e70c24a3","00000000000000000000000000000000000000000000000000000000000000000000000000000000000000000000000000000000000000000000000000000000000000000000000000000000000000000000000000000000000000000000000000000000000000000000000000000000000000000000000000000000000000000000000000000000000000000000000000000000000000000000000000000000000000000000000000000000000000000000000000000000000000000000000000000000000000000000000000000000000000000000000000000000000000000000000000000000000000000000000000000000000000000000000000000000","PASS"
"case-28","calgary18","trans","117a00c6af3e1c57f20013a8f1b468158f70634f685a348bedb7e4069cdd576a","huff_reassignment","huffman","reassignment","0","93695","44358","64","64","12","1","344576","8","1536","24854","2","328464","0","920aa7e51c143635","04000000000000152a3e0900000f000000000000000000000000000200000000000e0b000004000034390d3d201c0b001213161b242617212d253f110020160f0429152831363c2e152b2c1e302738002e313235312b380a091030011d10201408072c18190322231f083a37100e050c14310d060a1a3a333b2f0a00200018000000000000000000000000000000000000000000000000000000000000000000000000000000000000000000000000000000000000000000000000000000000000000000000000000000000000000000000000000000000000000000000000000000000000000000000000000000000000000000000000000000000000000000","PASS"
"case-28","calgary18","trans","117a00c6af3e1c57f20013a8f1b468158f70634f685a348bedb7e4069cdd576a","rans_reassignment","rans","reassignment","0","93695","44269","64","64","12","12","327936","8","1536","33912","0","318664","4","b1cc21d40380c64a","04000000000000152a3e0900000f000000000000000000000000000200000000000e0b0000043f0034390d3d201c0b091213161b242617212d253f11002016051e290a2831363c2e152b2c1e302738002e313235312b383c092f30011d20381408072c18190322231f081f37100e050c14310d060a1a3a333b2f0a00200018000000000000000000000000000000000000000000000000000000000000000000000000000000000000000000000000000000000000000000000000000000000000000000000000000000000000000000000000000000000000000000000000000000000000000000000000000000000000000000000000000000000000000000","PASS"
"case-28","calgary18","trans","117a00c6af3e1c57f20013a8f1b468158f70634f685a348bedb7e4069cdd576a","huff_native","huffman","brotli_native_policy","0","93695","44192","64","64","12","1","344576","8","1536","24974","3","327015","0","3bf457e1e9d02894","00000000000000010203040000050000000000000000000000000006000000000708090a00090b0c0d0e0f101112130f1415161718191a1b1c1d0b1e07110f091f202122232425210126231f27282329212a23232a242a25270e272b2c110d09032d2e2f303132332534250a35083637380c393a3b3c253d3e3f390011000b000000000000000000000000000000000000000000000000000000000000000000000000000000000000000000000000000000000000000000000000000000000000000000000000000000000000000000000000000000000000000000000000000000000000000000000000000000000000000000000000000000000000000000","PASS"
"case-28","calgary18","trans","117a00c6af3e1c57f20013a8f1b468158f70634f685a348bedb7e4069cdd576a","rans_native","rans","brotli_native_policy","0","93695","44019","48","48","12","12","245952","8","1536","26954","6","323616","4","48e3ec0820297a36","000000000000000102030300000400000000000000000000000000050000000006070809000206080a0b0c0d0e0f0810111213141516171810190e1a060e140b1b1c0c1d0c1c0c03011e0c1b1f201f0a1f1c0c0a1d1e1f0c1f0c1f21220e0a100c232425092627090928250929072a2b2c09242d2e2f2e252d0b24000e0010000000000000000000000000000000000000000000000000000000000000000000000000000000000000000000000000000000000000000000000000000000000000000000000000000000000000000000000000000000000000000000000000000000000000000000000000000000000000000000000000000000000000000000","PASS"
"case-28","calgary18","trans","117a00c6af3e1c57f20013a8f1b468158f70634f685a348bedb7e4069cdd576a","huff_matched","huffman","matched_merge","0","93695","44095","64","64","12","1","344576","8","1536","23674","0","327542","0","aa6c71a5f52f3fbf","00000000000000010203030000040000000000000000000000000005000000000607080600090a0b0c090d0e0a0f100d111213141513161714180a19060a141a1b1c1d1e1f201f1d01211f22232425261d271f252720251f031d2328292a0c2b2c2d2e2f302c31323033343536073738392a3a3b3c3d343e3f3530000a002b000000000000000000000000000000000000000000000000000000000000000000000000000000000000000000000000000000000000000000000000000000000000000000000000000000000000000000000000000000000000000000000000000000000000000000000000000000000000000000000000000000000000000000","PASS"
"case-28","calgary18","trans","117a00c6af3e1c57f20013a8f1b468158f70634f685a348bedb7e4069cdd576a","rans_matched","rans","matched_merge","0","93695","43879","64","51","12","12","261324","8","1536","28307","5","321144","4","f265e3e4aa1070ac","000000000000000102030300000400000000000000000000000000050000000006070806000808090908070a0b0a0c070d0e0f10110f121310140815060b07081617181918071818011a18161b1c1d091b18181d181a18181b081b1e1f0b1d202122232425262728282928252a2b2c2d21252e2f3031282320322e000b0020000000000000000000000000000000000000000000000000000000000000000000000000000000000000000000000000000000000000000000000000000000000000000000000000000000000000000000000000000000000000000000000000000000000000000000000000000000000000000000000000000000000000000000","PASS"
"case-28","calgary18","trans","117a00c6af3e1c57f20013a8f1b468158f70634f685a348bedb7e4069cdd576a","huff_init_only","huffman","initialization_only","0","93695","44925","64","64","12","1","344576","8","1536","25524","6","332326","0","e14fc909c313be74","04000000000000212a3e0900000f000000000000000000000000000200000000001f0b1c00061a0434390d3d201c0b091213161b242617212d253f111b19160f0229002807363c0c152b051e302738032e1d323531110a0113121e011d10201408072c18190322231f080e37100e050c14150d060a1a3a333b2f1700220018000000000000000000000000000000000000000000000000000000000000000000000000000000000000000000000000000000000000000000000000000000000000000000000000000000000000000000000000000000000000000000000000000000000000000000000000000000000000000000000000000000000000000000","PASS"
"case-28","calgary18","trans","117a00c6af3e1c57f20013a8f1b468158f70634f685a348bedb7e4069cdd576a","rans_init_only","rans","initialization_only","0","93695","44910","64","64","12","12","327936","8","1536","34258","6","323440","4","f7bc475d3a6010a2","04000000000000212a3e0900000f000000000000000000000000000200000000001f0b1c00061a0434390d3d201c0b091213161b242617212d253f111b19160f0229002807363c0c152b051e302738032e1d323531110a0113121e011d10201408072c18190322231f080e37100e050c14150d060a1a3a333b2f1700220018000000000000000000000000000000000000000000000000000000000000000000000000000000000000000000000000000000000000000000000000000000000000000000000000000000000000000000000000000000000000000000000000000000000000000000000000000000000000000000000000000000000000000000","PASS"
"case-28","calgary18","trans","117a00c6af3e1c57f20013a8f1b468158f70634f685a348bedb7e4069cdd576a","huff_payload_only","huffman","reassignment","1","93695","44358","64","64","12","1","344576","8","1536","24854","2","328464","0","920aa7e51c143635","04000000000000152a3e0900000f000000000000000000000000000200000000000e0b000004000034390d3d201c0b001213161b242617212d253f110020160f0429152831363c2e152b2c1e302738002e313235312b380a091030011d10201408072c18190322231f083a37100e050c14310d060a1a3a333b2f0a00200018000000000000000000000000000000000000000000000000000000000000000000000000000000000000000000000000000000000000000000000000000000000000000000000000000000000000000000000000000000000000000000000000000000000000000000000000000000000000000000000000000000000000000000","PASS"
"case-28","calgary18","trans","117a00c6af3e1c57f20013a8f1b468158f70634f685a348bedb7e4069cdd576a","rans_payload_only","rans","reassignment","1","93695","44269","64","64","12","12","327936","8","1536","33912","0","318664","4","b1cc21d40380c64a","04000000000000152a3e0900000f000000000000000000000000000200000000000e0b0000043f0034390d3d201c0b091213161b242617212d253f11002016051e290a2831363c2e152b2c1e302738002e313235312b383c092f30011d20381408072c18190322231f081f37100e050c14310d060a1a3a333b2f0a00200018000000000000000000000000000000000000000000000000000000000000000000000000000000000000000000000000000000000000000000000000000000000000000000000000000000000000000000000000000000000000000000000000000000000000000000000000000000000000000000000000000000000000000000","PASS"
"case-28","calgary18","trans","117a00c6af3e1c57f20013a8f1b468158f70634f685a348bedb7e4069cdd576a","rans_estimated_total","rans","reassignment","2","93695","44269","64","64","12","1","327936","8","1536","33912","0","318664","4","b1cc21d40380c64a","04000000000000152a3e0900000f000000000000000000000000000200000000000e0b0000043f0034390d3d201c0b091213161b242617212d253f11002016051e290a2831363c2e152b2c1e302738002e313235312b383c092f30011d20381408072c18190322231f081f37100e050c14310d060a1a3a333b2f0a00200018000000000000000000000000000000000000000000000000000000000000000000000000000000000000000000000000000000000000000000000000000000000000000000000000000000000000000000000000000000000000000000000000000000000000000000000000000000000000000000000000000000000000000000","PASS"
"case-28","calgary18","trans","117a00c6af3e1c57f20013a8f1b468158f70634f685a348bedb7e4069cdd576a","huff_single","huffman","reassignment","0","93695","65307","1","1","1","1","5384","8","0","706","3","521739","0","75464621dc7fab3d","00000000000000000000000000000000000000000000000000000000000000000000000000000000000000000000000000000000000000000000000000000000000000000000000000000000000000000000000000000000000000000000000000000000000000000000000000000000000000000000000000000000000000000000000000000000000000000000000000000000000000000000000000000000000000000000000000000000000000000000000000000000000000000000000000000000000000000000000000000000000000000000000000000000000000000000000000000000000000000000000000000000000000000000000000000000","PASS"
"case-28","calgary18","trans","117a00c6af3e1c57f20013a8f1b468158f70634f685a348bedb7e4069cdd576a","rans_single","rans_highbits","fixed_reference","0","93695","64957","1","1","1","1","5124","8","0","973","3","518640","4","2bbc6f98df9db830","00000000000000000000000000000000000000000000000000000000000000000000000000000000000000000000000000000000000000000000000000000000000000000000000000000000000000000000000000000000000000000000000000000000000000000000000000000000000000000000000000000000000000000000000000000000000000000000000000000000000000000000000000000000000000000000000000000000000000000000000000000000000000000000000000000000000000000000000000000000000000000000000000000000000000000000000000000000000000000000000000000000000000000000000000000000","PASS"
"case-28","calgary18","trans","117a00c6af3e1c57f20013a8f1b468158f70634f685a348bedb7e4069cdd576a","rans_highbits","rans_highbits","fixed_reference","0","93695","48357","128","128","9","9","655872","8","0","47458","6","339352","4","60a1a10765a98aca","00000101020203030404050506060707080809090a0a0b0b0c0c0d0d0e0e0f0f10101111121213131414151516161717181819191a1a1b1b1c1c1d1d1e1e1f1f20202121222223232424252526262727282829292a2a2b2b2c2c2d2d2e2e2f2f30303131323233333434353536363737383839393a3a3b3b3c3c3d3d3e3e3f3f40404141424243434444454546464747484849494a4a4b4b4c4c4d4d4e4e4f4f50505151525253535454555556565757585859595a5a5b5b5c5c5d5d5e5e5f5f60606161626263636464656566666767686869696a6a6b6b6c6c6d6d6e6e6f6f70707171727273737474757576767777787879797a7a7b7b7c7c7d7d7e7e7f7f","PASS"
"case-28","calgary18","trans","117a00c6af3e1c57f20013a8f1b468158f70634f685a348bedb7e4069cdd576a","adaptive_order1","adaptive_order1","fixed_reference","0","93695","41166","256","256","1","1","132096","0","0","0","0","0","0","0b571eee4388ef1f","00000000000000000000000000000000000000000000000000000000000000000000000000000000000000000000000000000000000000000000000000000000000000000000000000000000000000000000000000000000000000000000000000000000000000000000000000000000000000000000000000000000000000000000000000000000000000000000000000000000000000000000000000000000000000000000000000000000000000000000000000000000000000000000000000000000000000000000000000000000000000000000000000000000000000000000000000000000000000000000000000000000000000000000000000000000","PASS"
"case-29","canterbury11","alice29.txt","7467306ee0feed4971260f3c87421154a05be571d944e9cb021a5713700c38f0","huff_reassignment","huffman","reassignment","0","152089","68579","48","48","12","1","258432","8","1536","15086","5","531997","0","1e22d84898ecf37a","1b0000000000000000000c00000d00000000000000000000000000000000000000212a000000001600132800111e1b000000130000000000001b242800000026001f292c292a290e221d2f1a2e27252b002f2e25202a2e230c25051f001b001d190318120a01140f05072f1a0b150604172f0908020e1c102d130900000000000000000000000000000000000000000000000000000000000000000000000000000000000000000000000000000000000000000000000000000000000000000000000000000000000000000000000000000000000000000000000000000000000000000000000000000000000000000000000000000000000000000000000000","PASS"
"case-29","canterbury11","alice29.txt","7467306ee0feed4971260f3c87421154a05be571d944e9cb021a5713700c38f0","rans_reassignment","rans","reassignment","0","152089","68298","32","32","12","12","163968","8","1280","16802","6","528256","4","9344486c8bf7c9db","1b0000000000000000000c00000d000000000000000000000000000000000000001b13000000001600131100111e1b000000130000000000001b11110000001b001f1500140a1417151d181a141514001c041402021b19020c141c1f001b001d190318120a01140f0507181a0b15060417040908020e1c100e131900000000000000000000000000000000000000000000000000000000000000000000000000000000000000000000000000000000000000000000000000000000000000000000000000000000000000000000000000000000000000000000000000000000000000000000000000000000000000000000000000000000000000000000000000","PASS"
"case-29","canterbury11","alice29.txt","7467306ee0feed4971260f3c87421154a05be571d944e9cb021a5713700c38f0","huff_native","huffman","brotli_native_policy","0","152089","68498","48","48","12","1","258432","8","1536","14726","6","531708","0","857be6e2b5bead09","00000000000000000000010000020000000000000000000000000000000000000304050000000006030707000809000000000a00000000000000070700000004000b0c0d0c050c0e0d0f1011120d12130c100d12140515161512170b0000000518191a1b1c1d1e1f20211022232425262728292a2b2c172d2e0a2f00000000000000000000000000000000000000000000000000000000000000000000000000000000000000000000000000000000000000000000000000000000000000000000000000000000000000000000000000000000000000000000000000000000000000000000000000000000000000000000000000000000000000000000000000","PASS"
"case-29","canterbury11","alice29.txt","7467306ee0feed4971260f3c87421154a05be571d944e9cb021a5713700c38f0","rans_native","rans","brotli_native_policy","0","152089","68214","32","32","12","12","163968","8","1280","16592","0","527800","4","f20019455b4c2197","00000000000000000000010000020000000000000000000000000000000000000304050000000006030707000809000000000a00000000000000070700000004000b0c0c0c050c0d0c0e0f100c0c0c050c0f050c05050511010c120b0000000e13140c111516171812190c101a0c1b0f0c0f1c1d1e0d121f0d0a1a00000000000000000000000000000000000000000000000000000000000000000000000000000000000000000000000000000000000000000000000000000000000000000000000000000000000000000000000000000000000000000000000000000000000000000000000000000000000000000000000000000000000000000000000000","PASS"
"case-29","canterbury11","alice29.txt","7467306ee0feed4971260f3c87421154a05be571d944e9cb021a5713700c38f0","huff_matched","huffman","matched_merge","0","152089","68436","48","40","12","1","215360","8","1536","13110","2","532832","0","ce02b2ead728dd28","00000000000000000000010000020000000000000000000000000000000000000304050000000006030707000809000000000700000000000000070700000004000a0b0c0b050b0b0c0d0e0f0c0c0c050c0e0c1010050f10010b110a0000000d1213141516171819111a0e1b1c1d1e1f200e21222324112526271400000000000000000000000000000000000000000000000000000000000000000000000000000000000000000000000000000000000000000000000000000000000000000000000000000000000000000000000000000000000000000000000000000000000000000000000000000000000000000000000000000000000000000000000000","PASS"
"case-29","canterbury11","alice29.txt","7467306ee0feed4971260f3c87421154a05be571d944e9cb021a5713700c38f0","rans_matched","rans","matched_merge","0","152089","67995","48","35","12","12","179340","8","1536","18007","1","524376","4","138011289a35cd68","00000000000000000000010000020000000000000000000000000000000000000304050000000006030708000809000000000700000000000000080800000004000a0b0c0c050c0c0c050d0e0c0c0c050c0d0c0c0f050c0f010c0e0a0000000510110b121314151617180d0e191a1b1c1d0d1e1f202117221e070b00000000000000000000000000000000000000000000000000000000000000000000000000000000000000000000000000000000000000000000000000000000000000000000000000000000000000000000000000000000000000000000000000000000000000000000000000000000000000000000000000000000000000000000000000","PASS"
"case-29","canterbury11","alice29.txt","7467306ee0feed4971260f3c87421154a05be571d944e9cb021a5713700c38f0","huff_init_only","huffman","initialization_only","0","152089","68843","64","64","12","1","344576","8","1536","18286","2","530912","0","15a2657df64e1b3a","060000000000000000000c00000d00000000000000000000000000000000000000213300000000163e3f3d00111e1b0000000700000000000008242800000026001f352c292a3a37221d01383427312b3c362e25203b00230232090400050003190318120a01140f05072f1a0b15060417300908020e1c102d133900000000000000000000000000000000000000000000000000000000000000000000000000000000000000000000000000000000000000000000000000000000000000000000000000000000000000000000000000000000000000000000000000000000000000000000000000000000000000000000000000000000000000000000000000","PASS"
"case-29","canterbury11","alice29.txt","7467306ee0feed4971260f3c87421154a05be571d944e9cb021a5713700c38f0","rans_init_only","rans","initialization_only","0","152089","68977","48","48","12","12","245952","8","1536","23516","4","526720","4","ae9c203058a8675e","160000000000000000000c00000d00000000000000000000000000000000000000210300000000160e0f0d00111e1b0000001700000000000018242800000026001f052c292a0a07221d11080427012b0c062e25200b10231202191400150013190318120a01140f05072f1a0b15060417000908020e1c102d130900000000000000000000000000000000000000000000000000000000000000000000000000000000000000000000000000000000000000000000000000000000000000000000000000000000000000000000000000000000000000000000000000000000000000000000000000000000000000000000000000000000000000000000000000","PASS"
"case-29","canterbury11","alice29.txt","7467306ee0feed4971260f3c87421154a05be571d944e9cb021a5713700c38f0","huff_payload_only","huffman","reassignment","1","152089","68781","64","64","12","1","344576","8","1536","18220","3","530481","0","c9c0cf9a2c8884ef","1b0000000000000000000c00000d00000000000000000000000000000000000000213300000000163e3f3d00111e1b000000360000000000001b242800000026001f352c292a3a37221d2f383427312b3c362e25203b2e233332051f001b0033190318120a01140f05072f1a0b15060417300908020e1c102d133900000000000000000000000000000000000000000000000000000000000000000000000000000000000000000000000000000000000000000000000000000000000000000000000000000000000000000000000000000000000000000000000000000000000000000000000000000000000000000000000000000000000000000000000000","PASS"
"case-29","canterbury11","alice29.txt","7467306ee0feed4971260f3c87421154a05be571d944e9cb021a5713700c38f0","rans_payload_only","rans","reassignment","1","152089","68946","64","64","12","12","327936","8","1536","29880","0","520112","4","7c3659f4eafa879e","1b0000000000000000000c00000d00000000000000000000000000000000000000213300000000163e3f3d00111e1b0000003f0000000000001b242800000026001f352c292a3a37221d2f383427312b3c362e25203b342333321c1f001b0033190318120a01140f05072f1a0b15060417300908020e1c102d133900000000000000000000000000000000000000000000000000000000000000000000000000000000000000000000000000000000000000000000000000000000000000000000000000000000000000000000000000000000000000000000000000000000000000000000000000000000000000000000000000000000000000000000000000","PASS"
"case-29","canterbury11","alice29.txt","7467306ee0feed4971260f3c87421154a05be571d944e9cb021a5713700c38f0","rans_estimated_total","rans","reassignment","2","152089","68298","32","32","12","1","163968","8","1280","16802","6","528256","4","9344486c8bf7c9db","1b0000000000000000000c00000d000000000000000000000000000000000000001b13000000001600131100111e1b000000130000000000001b11110000001b001f1500140a1417151d181a141514001c041402021b19020c141c1f001b001d190318120a01140f0507181a0b15060417040908020e1c100e131900000000000000000000000000000000000000000000000000000000000000000000000000000000000000000000000000000000000000000000000000000000000000000000000000000000000000000000000000000000000000000000000000000000000000000000000000000000000000000000000000000000000000000000000000","PASS"
"case-29","canterbury11","alice29.txt","7467306ee0feed4971260f3c87421154a05be571d944e9cb021a5713700c38f0","huff_single","huffman","reassignment","0","152089","87767","1","1","1","1","5384","8","0","626","0","701502","0","815fd76013dd431a","00000000000000000000000000000000000000000000000000000000000000000000000000000000000000000000000000000000000000000000000000000000000000000000000000000000000000000000000000000000000000000000000000000000000000000000000000000000000000000000000000000000000000000000000000000000000000000000000000000000000000000000000000000000000000000000000000000000000000000000000000000000000000000000000000000000000000000000000000000000000000000000000000000000000000000000000000000000000000000000000000000000000000000000000000000000","PASS"
"case-29","canterbury11","alice29.txt","7467306ee0feed4971260f3c87421154a05be571d944e9cb021a5713700c38f0","rans_single","rans_highbits","fixed_reference","0","152089","86999","1","1","1","1","5124","8","0","759","1","695192","4","58329a7e592fc520","00000000000000000000000000000000000000000000000000000000000000000000000000000000000000000000000000000000000000000000000000000000000000000000000000000000000000000000000000000000000000000000000000000000000000000000000000000000000000000000000000000000000000000000000000000000000000000000000000000000000000000000000000000000000000000000000000000000000000000000000000000000000000000000000000000000000000000000000000000000000000000000000000000000000000000000000000000000000000000000000000000000000000000000000000000000","PASS"
"case-29","canterbury11","alice29.txt","7467306ee0feed4971260f3c87421154a05be571d944e9cb021a5713700c38f0","rans_highbits","rans_highbits","fixed_reference","0","152089","74957","256","256","9","9","1311744","8","0","79598","2","520016","4","f82411f189a66180","000102030405060708090a0b0c0d0e0f101112131415161718191a1b1c1d1e1f202122232425262728292a2b2c2d2e2f303132333435363738393a3b3c3d3e3f404142434445464748494a4b4c4d4e4f505152535455565758595a5b5c5d5e5f606162636465666768696a6b6c6d6e6f707172737475767778797a7b7c7d7e7f808182838485868788898a8b8c8d8e8f909192939495969798999a9b9c9d9e9fa0a1a2a3a4a5a6a7a8a9aaabacadaeafb0b1b2b3b4b5b6b7b8b9babbbcbdbebfc0c1c2c3c4c5c6c7c8c9cacbcccdcecfd0d1d2d3d4d5d6d7d8d9dadbdcdddedfe0e1e2e3e4e5e6e7e8e9eaebecedeeeff0f1f2f3f4f5f6f7f8f9fafbfcfdfeff","PASS"
"case-29","canterbury11","alice29.txt","7467306ee0feed4971260f3c87421154a05be571d944e9cb021a5713700c38f0","adaptive_order1","adaptive_order1","fixed_reference","0","152089","66322","256","256","1","1","132096","0","0","0","0","0","0","43f7250aac445650","00000000000000000000000000000000000000000000000000000000000000000000000000000000000000000000000000000000000000000000000000000000000000000000000000000000000000000000000000000000000000000000000000000000000000000000000000000000000000000000000000000000000000000000000000000000000000000000000000000000000000000000000000000000000000000000000000000000000000000000000000000000000000000000000000000000000000000000000000000000000000000000000000000000000000000000000000000000000000000000000000000000000000000000000000000000","PASS"
"case-30","canterbury11","asyoulik.txt","eaa3526fe53859f34ecdf255712f9ecf0b2c903451d4755b2edaa2e2599cb0fc","huff_reassignment","huffman","reassignment","0","125179","56480","64","60","12","1","323040","8","1536","15834","1","434461","0","faa676342ae2a7a1","0a00000000000000000e0a000000000000000000000000000000000000000000003b0000000032240e3b0000122c28000000000000000000000026120000002800192b25231c31362a1434301d2e201a3537211f222733292f2d002f003b0000000417150c0113160509391e0b0f060318380807020d1b1132103a003b0000000000000000000000000000000000000000000000000000000000000000000000000000000000000000000000000000000000000000000000000000000000000000000000000000000000000000000000000000000000000000000000000000000000000000000000000000000000000000000000000000000000000000000000","PASS"
"case-30","canterbury11","asyoulik.txt","eaa3526fe53859f34ecdf255712f9ecf0b2c903451d4755b2edaa2e2599cb0fc","rans_reassignment","rans","reassignment","0","125179","56827","48","48","12","12","245952","8","1536","22930","6","430104","4","21a67d4caac34241","0a00000000000000000e0a0000000000000000000000000000000000000000000027000000002e250e1a0000122e1a000000000000000000000027280000002a00192d26241d05132c1420291e00211b262422202329212b202f0026001a0000000417150c0113160509171f0b0f0603182d0807020d1c11071008002a0000000000000000000000000000000000000000000000000000000000000000000000000000000000000000000000000000000000000000000000000000000000000000000000000000000000000000000000000000000000000000000000000000000000000000000000000000000000000000000000000000000000000000000000","PASS"
"case-30","canterbury11","asyoulik.txt","eaa3526fe53859f34ecdf255712f9ecf0b2c903451d4755b2edaa2e2599cb0fc","huff_native","huffman","brotli_native_policy","0","125179","56426","48","48","12","1","258432","8","1536","14478","0","435386","0","ed7020922ab92fe1","0000000000000000000100000000000000000000000000000000000000000000020300000000040506070000030807000000000000000000000003030000000700090a0b0c0d0e0e0f101112131114150b0c1611171812190616000600070000001a1b1c1d1e1f2021221b2324252627280a292a2b2c2d2e042f2900070000000000000000000000000000000000000000000000000000000000000000000000000000000000000000000000000000000000000000000000000000000000000000000000000000000000000000000000000000000000000000000000000000000000000000000000000000000000000000000000000000000000000000000000","PASS"
"case-30","canterbury11","asyoulik.txt","eaa3526fe53859f34ecdf255712f9ecf0b2c903451d4755b2edaa2e2599cb0fc","rans_native","rans","brotli_native_policy","0","125179","56734","48","48","12","12","245952","8","1536","23148","4","429144","4","dbc7b48f3ecddfc5","0000000000000000000100000000000000000000000000000000000000000000020300000000040506070000030807000000000000000000000003030000000700090a0b0c0d0e0e0f101112131114150b0c1611171812190616000600070000001a1b1c1d1e1f2021221b2324252627280a292a2b2c2d2e042f2900070000000000000000000000000000000000000000000000000000000000000000000000000000000000000000000000000000000000000000000000000000000000000000000000000000000000000000000000000000000000000000000000000000000000000000000000000000000000000000000000000000000000000000000000","PASS"
"case-30","canterbury11","asyoulik.txt","eaa3526fe53859f34ecdf255712f9ecf0b2c903451d4755b2edaa2e2599cb0fc","huff_matched","huffman","matched_merge","0","125179","56387","48","48","12","1","258432","8","1536","14046","2","435504","0","6dc492e3594f601e","00000000000000000001000000000000000000000000000000000000000000000203000000000405010600000304060000000000000000000000030300000006000708090a0b0c0c0d0e0f101112131409151612171810191a1b001a00060000001c1d1e1f20212223240825262728292a082b2c222d232e2c2f2b00060000000000000000000000000000000000000000000000000000000000000000000000000000000000000000000000000000000000000000000000000000000000000000000000000000000000000000000000000000000000000000000000000000000000000000000000000000000000000000000000000000000000000000000000","PASS"
"case-30","canterbury11","asyoulik.txt","eaa3526fe53859f34ecdf255712f9ecf0b2c903451d4755b2edaa2e2599cb0fc","rans_matched","rans","matched_merge","0","125179","56597","48","40","12","12","204960","8","1536","19840","0","431360","4","9b5e11428995334c","000000000000000000010200000000000000000000000000000000000000000003040000000005060107000004060700000000000000000000000404000000070008090a000b0c0c090d0e0f100e11120a00130e14150f140113000f0007000000161718191a1b1c1d1e171f202105220c091f231c2425261f271f00070000000000000000000000000000000000000000000000000000000000000000000000000000000000000000000000000000000000000000000000000000000000000000000000000000000000000000000000000000000000000000000000000000000000000000000000000000000000000000000000000000000000000000000000","PASS"
"case-30","canterbury11","asyoulik.txt","eaa3526fe53859f34ecdf255712f9ecf0b2c903451d4755b2edaa2e2599cb0fc","huff_init_only","huffman","initialization_only","0","125179","56532","64","64","12","1","344576","8","1536","16116","6","434590","0","a252f303ed1f1890","0400000000000000000e0a000000000000000000000000000000000000000000003100000000022500010000122e1a000000000000000000000027280000002a00192d26241d353a2c1438341e30211b393b22202329372b032f003200330000000417150c01131605093d1f0b0f0603183c0807020d1c1136103e003f0000000000000000000000000000000000000000000000000000000000000000000000000000000000000000000000000000000000000000000000000000000000000000000000000000000000000000000000000000000000000000000000000000000000000000000000000000000000000000000000000000000000000000000000","PASS"
"case-30","canterbury11","asyoulik.txt","eaa3526fe53859f34ecdf255712f9ecf0b2c903451d4755b2edaa2e2599cb0fc","rans_init_only","rans","initialization_only","0","125179","57260","64","64","12","12","327936","8","1536","28446","2","428056","4","4e6540c362352ca6","0400000000000000000e0a000000000000000000000000000000000000000000003100000000022500010000122e1a000000000000000000000027280000002a00192d26241d353a2c1438341e30211b393b22202329372b032f003200330000000417150c01131605093d1f0b0f0603183c0807020d1c1136103e003f0000000000000000000000000000000000000000000000000000000000000000000000000000000000000000000000000000000000000000000000000000000000000000000000000000000000000000000000000000000000000000000000000000000000000000000000000000000000000000000000000000000000000000000000","PASS"
"case-30","canterbury11","asyoulik.txt","eaa3526fe53859f34ecdf255712f9ecf0b2c903451d4755b2edaa2e2599cb0fc","huff_payload_only","huffman","reassignment","1","125179","56480","64","60","12","1","323040","8","1536","15834","1","434461","0","faa676342ae2a7a1","0a00000000000000000e0a000000000000000000000000000000000000000000003b0000000032240e3b0000122c28000000000000000000000026120000002800192b25231c31362a1434301d2e201a3537211f222733292f2d002f003b0000000417150c0113160509391e0b0f060318380807020d1b1132103a003b0000000000000000000000000000000000000000000000000000000000000000000000000000000000000000000000000000000000000000000000000000000000000000000000000000000000000000000000000000000000000000000000000000000000000000000000000000000000000000000000000000000000000000000000","PASS"
"case-30","canterbury11","asyoulik.txt","eaa3526fe53859f34ecdf255712f9ecf0b2c903451d4755b2edaa2e2599cb0fc","rans_payload_only","rans","reassignment","1","125179","57242","64","64","12","12","327936","8","1536","28442","6","427912","4","3732ba9444bc84cc","0a00000000000000000e0a00000000000000000000000000000000000000000000310000000036250e1a0000122e1a000000000000000000000027280000002a00192d26241d353a2c1438341e30211b393b22202329372b322f003200330000000417150c01131605093d1f0b0f0603183c0807020d1c1136103e003f0000000000000000000000000000000000000000000000000000000000000000000000000000000000000000000000000000000000000000000000000000000000000000000000000000000000000000000000000000000000000000000000000000000000000000000000000000000000000000000000000000000000000000000000","PASS"
"case-30","canterbury11","asyoulik.txt","eaa3526fe53859f34ecdf255712f9ecf0b2c903451d4755b2edaa2e2599cb0fc","rans_estimated_total","rans","reassignment","2","125179","56827","48","48","12","1","245952","8","1536","22930","6","430104","4","21a67d4caac34241","0a00000000000000000e0a0000000000000000000000000000000000000000000027000000002e250e1a0000122e1a000000000000000000000027280000002a00192d26241d05132c1420291e00211b262422202329212b202f0026001a0000000417150c0113160509171f0b0f0603182d0807020d1c11071008002a0000000000000000000000000000000000000000000000000000000000000000000000000000000000000000000000000000000000000000000000000000000000000000000000000000000000000000000000000000000000000000000000000000000000000000000000000000000000000000000000000000000000000000000000","PASS"
"case-30","canterbury11","asyoulik.txt","eaa3526fe53859f34ecdf255712f9ecf0b2c903451d4755b2edaa2e2599cb0fc","huff_single","huffman","reassignment","0","125179","75879","1","1","1","1","5384","8","0","576","0","606448","0","ba3e3efe3871405b","00000000000000000000000000000000000000000000000000000000000000000000000000000000000000000000000000000000000000000000000000000000000000000000000000000000000000000000000000000000000000000000000000000000000000000000000000000000000000000000000000000000000000000000000000000000000000000000000000000000000000000000000000000000000000000000000000000000000000000000000000000000000000000000000000000000000000000000000000000000000000000000000000000000000000000000000000000000000000000000000000000000000000000000000000000000","PASS"
"case-30","canterbury11","asyoulik.txt","eaa3526fe53859f34ecdf255712f9ecf0b2c903451d4755b2edaa2e2599cb0fc","rans_single","rans_highbits","fixed_reference","0","125179","75358","1","1","1","1","5124","8","0","795","5","602024","4","2bb7db1935b96500","00000000000000000000000000000000000000000000000000000000000000000000000000000000000000000000000000000000000000000000000000000000000000000000000000000000000000000000000000000000000000000000000000000000000000000000000000000000000000000000000000000000000000000000000000000000000000000000000000000000000000000000000000000000000000000000000000000000000000000000000000000000000000000000000000000000000000000000000000000000000000000000000000000000000000000000000000000000000000000000000000000000000000000000000000000000","PASS"
"case-30","canterbury11","asyoulik.txt","eaa3526fe53859f34ecdf255712f9ecf0b2c903451d4755b2edaa2e2599cb0fc","rans_highbits","rans_highbits","fixed_reference","0","125179","62778","128","128","9","9","655872","8","0","41652","4","460528","4","e820ed3a9d23b0d8","00000101020203030404050506060707080809090a0a0b0b0c0c0d0d0e0e0f0f10101111121213131414151516161717181819191a1a1b1b1c1c1d1d1e1e1f1f20202121222223232424252526262727282829292a2a2b2b2c2c2d2d2e2e2f2f30303131323233333434353536363737383839393a3a3b3b3c3c3d3d3e3e3f3f40404141424243434444454546464747484849494a4a4b4b4c4c4d4d4e4e4f4f50505151525253535454555556565757585859595a5a5b5b5c5c5d5d5e5e5f5f60606161626263636464656566666767686869696a6a6b6b6c6c6d6d6e6e6f6f70707171727273737474757576767777787879797a7a7b7b7c7c7d7d7e7e7f7f","PASS"
"case-30","canterbury11","asyoulik.txt","eaa3526fe53859f34ecdf255712f9ecf0b2c903451d4755b2edaa2e2599cb0fc","adaptive_order1","adaptive_order1","fixed_reference","0","125179","54859","256","256","1","1","132096","0","0","0","0","0","0","0397d9fa427cf797","00000000000000000000000000000000000000000000000000000000000000000000000000000000000000000000000000000000000000000000000000000000000000000000000000000000000000000000000000000000000000000000000000000000000000000000000000000000000000000000000000000000000000000000000000000000000000000000000000000000000000000000000000000000000000000000000000000000000000000000000000000000000000000000000000000000000000000000000000000000000000000000000000000000000000000000000000000000000000000000000000000000000000000000000000000000","PASS"
"case-31","canterbury11","cp.html","e0cd21cef5b6c4069461e949be100080c3ce887de6f1dd8626c480528efaaf61","huff_reassignment","huffman","reassignment","0","24603","13286","32","32","12","1","172288","8","1280","13438","3","91559","0","b5874ff617de76f8","0f0000000000000000000f000000000000000000000000000000000000000000010f150100000a000f0f0c001d180d031a070514170a170c01081c18061b071f0d0a191e1e100b1910021d1118091e011e0c1e011e0a1b091e1d1e000000000100021a10110016190b04120913120c0a0e1c080905170814091f130000000d00000000000000000000000000000000000000000000000000000000000000000000000000000000000000000000000000000000000000000000000000000000000000000000000000000000000000000000000000000000000000000000000000000000000000000000000000000000000000000000000000000000000b000000","PASS"
"case-31","canterbury11","cp.html","e0cd21cef5b6c4069461e949be100080c3ce887de6f1dd8626c480528efaaf61","rans_reassignment","rans","reassignment","0","24603","13686","24","24","12","12","122976","8","1280","14586","6","93576","4","0fb94c8b5fcb1de1","0f0000000000000000000f0000000000000000000000000000000000000000000107150100000a00170f0c0007000d030a0f04000000070411100607060307090d1201010101130b100a1112081101010b0c160c010a0b130b1101000000000000020210110016090b04050813120c0a0e110809051708140909090000000d00000000000000000000000000000000000000000000000000000000000000000000000000000000000000000000000000000000000000000000000000000000000000000000000000000000000000000000000000000000000000000000000000000000000000000000000000000000000000000000000000000000000b000000","PASS"
"case-31","canterbury11","cp.html","e0cd21cef5b6c4069461e949be100080c3ce887de6f1dd8626c480528efaaf61","huff_native","huffman","brotli_native_policy","0","24603","12923","32","32","12","1","172288","8","1280","11710","1","90385","0","cd19f298272e49a1","0000000000000000000000000000000000000000000000000000000000000000010203010000040501000200060708090a0a0a07070a0a0a0a0a0b060c0d0e0608010f0f0f01100f0f010f0f0f0f0f010f0f0f010f010f0f0f0f0f0000000001001110121305141516171815191a02041b131c1d181e1c1f1515190000001e000000000000000000000000000000000000000000000000000000000000000000000000000000000000000000000000000000000000000000000000000000000000000000000000000000000000000000000000000000000000000000000000000000000000000000000000000000000000000000000000000000000010000000","PASS"
"case-31","canterbury11","cp.html","e0cd21cef5b6c4069461e949be100080c3ce887de6f1dd8626c480528efaaf61","rans_native","rans","brotli_native_policy","0","24603","13356","24","24","12","12","122976","8","1280","13678","2","91848","4","924c0e7b0203c585","0000000000000000000000000000000000000000000000000000000000000000010102030000040506000400070608090a0a020606080608050a0a070b0c03070908080d08010e08080808080808080808080808080808080108080000000008000f100d110512080e1314081515160410041116140511171616160000000900000000000000000000000000000000000000000000000000000000000000000000000000000000000000000000000000000000000000000000000000000000000000000000000000000000000000000000000000000000000000000000000000000000000000000000000000000000000000000000000000000000000e000000","PASS"
"case-31","canterbury11","cp.html","e0cd21cef5b6c4069461e949be100080c3ce887de6f1dd8626c480528efaaf61","huff_matched","huffman","matched_merge","0","24603","12858","32","30","12","1","161520","8","1280","10882","4","90690","0","f52cb4c8fa55c3ff","0000000000000000000000000000000000000000000000000000000000000000010002010000030401000000050506070809090808080a08090908050b0c0d0e060f0f0f0f0f0f0f0f0f0f0f0f0f0f0f0f0f0f0f0f0f0f0f0f0f0f0000000001001011041112130e141516170e1819031a111b17161c1b1d17170e0000001c000000000000000000000000000000000000000000000000000000000000000000000000000000000000000000000000000000000000000000000000000000000000000000000000000000000000000000000000000000000000000000000000000000000000000000000000000000000000000000000000000000000014000000","PASS"
"case-31","canterbury11","cp.html","e0cd21cef5b6c4069461e949be100080c3ce887de6f1dd8626c480528efaaf61","rans_matched","rans","matched_merge","0","24603","13294","24","22","12","12","112728","8","1280","12612","4","92416","4","f0d2e697f16ef587","0000000000000000000000000000000000000000000000000000000000000000010203010000040506000200070708090a0606070706070606060a070a0b0c0208010d0d0d010e0d0d0f0d0d0d0d0d010d0d0d010d0f0d0d0d020d0000000001000f0e0d0e051002111213020213020414040e0213040e1502020200000008000000000000000000000000000000000000000000000000000000000000000000000000000000000000000000000000000000000000000000000000000000000000000000000000000000000000000000000000000000000000000000000000000000000000000000000000000000000000000000000000000000000011000000","PASS"
"case-31","canterbury11","cp.html","e0cd21cef5b6c4069461e949be100080c3ce887de6f1dd8626c480528efaaf61","huff_init_only","huffman","initialization_only","0","24603","13649","32","32","12","1","172288","8","1280","14390","6","93508","0","72cc3472832bdf58","150000000000000000000f000000000000000000000000000000000000000000010e150d00001f140f1311001d180d031a070508070a170c01081c0f061b07120b0a191e15100b0d00021d0218091e0303060e040c041b11131005000000000900021a10110016190b04120013120c0a0e1c080905170114141f1600000006000000000000000000000000000000000000000000000000000000000000000000000000000000000000000000000000000000000000000000000000000000000000000000000000000000000000000000000000000000000000000000000000000000000000000000000000000000000000000000000000000000000016000000","PASS"
"case-31","canterbury11","cp.html","e0cd21cef5b6c4069461e949be100080c3ce887de6f1dd8626c480528efaaf61","rans_init_only","rans","initialization_only","0","24603","14071","32","32","12","12","163968","8","1280","18958","2","92288","4","e2fbdcc7344f8c8a","150000000000000000000f000000000000000000000000000000000000000000010e150d00001f140f1311001d180d031a070508070a170c01081c0f061b07120b0a191e15100b0d00021d0218091e0303060e040c041b11131005000000000900021a10110016190b04120013120c0a0e1c080905170114141f1600000006000000000000000000000000000000000000000000000000000000000000000000000000000000000000000000000000000000000000000000000000000000000000000000000000000000000000000000000000000000000000000000000000000000000000000000000000000000000000000000000000000000000016000000","PASS"
"case-31","canterbury11","cp.html","e0cd21cef5b6c4069461e949be100080c3ce887de6f1dd8626c480528efaaf61","huff_payload_only","huffman","reassignment","1","24603","13609","64","64","12","1","344576","8","1536","19704","7","87617","0","ba057f3e9a7e0ce2","0f0000000000000000000f000000000000000000000000000000000000000000010f150100003f002f3333001d180d033a2725140b27370c27281c18061b072d0d2a391e35302b2d38223d0238293e0123232e242c043b31292905000000000100021a10110016190b04322013120c0a0e3c080905172114341f360000002600000000000000000000000000000000000000000000000000000000000000000000000000000000000000000000000000000000000000000000000000000000000000000000000000000000000000000000000000000000000000000000000000000000000000000000000000000000000000000000000000000000002b000000","PASS"
"case-31","canterbury11","cp.html","e0cd21cef5b6c4069461e949be100080c3ce887de6f1dd8626c480528efaaf61","rans_payload_only","rans","reassignment","1","24603","14955","64","64","12","12","327936","8","1536","32136","0","85928","4","7a495b30fe2e8ee0","330000000000000000000f000000000000000000000000000000000000000000011f150100003f092f3333001d180d033a2725140b27370c27281c1d061b072d0d2a391e35302b2d38223d0238293e0123202e242c043b31292905000000000100021a10110016190b04322013120c0a0e3c080905172114341f360000002600000000000000000000000000000000000000000000000000000000000000000000000000000000000000000000000000000000000000000000000000000000000000000000000000000000000000000000000000000000000000000000000000000000000000000000000000000000000000000000000000000000002b000000","PASS"
"case-31","canterbury11","cp.html","e0cd21cef5b6c4069461e949be100080c3ce887de6f1dd8626c480528efaaf61","rans_estimated_total","rans","reassignment","2","24603","13686","24","24","12","1","122976","8","1280","14586","6","93576","4","0fb94c8b5fcb1de1","0f0000000000000000000f0000000000000000000000000000000000000000000107150100000a00170f0c0007000d030a0f04000000070411100607060307090d1201010101130b100a1112081101010b0c160c010a0b130b1101000000000000020210110016090b04050813120c0a0e110809051708140909090000000d00000000000000000000000000000000000000000000000000000000000000000000000000000000000000000000000000000000000000000000000000000000000000000000000000000000000000000000000000000000000000000000000000000000000000000000000000000000000000000000000000000000000b000000","PASS"
"case-31","canterbury11","cp.html","e0cd21cef5b6c4069461e949be100080c3ce887de6f1dd8626c480528efaaf61","huff_single","huffman","reassignment","0","24603","16280","1","1","1","1","5384","8","0","642","2","129588","0","8540597c81559e7f","00000000000000000000000000000000000000000000000000000000000000000000000000000000000000000000000000000000000000000000000000000000000000000000000000000000000000000000000000000000000000000000000000000000000000000000000000000000000000000000000000000000000000000000000000000000000000000000000000000000000000000000000000000000000000000000000000000000000000000000000000000000000000000000000000000000000000000000000000000000000000000000000000000000000000000000000000000000000000000000000000000000000000000000000000000000","PASS"
"case-31","canterbury11","cp.html","e0cd21cef5b6c4069461e949be100080c3ce887de6f1dd8626c480528efaaf61","rans_single","rans_highbits","fixed_reference","0","24603","16203","1","1","1","1","5124","8","0","881","7","128696","4","afea8f162cde37f4","00000000000000000000000000000000000000000000000000000000000000000000000000000000000000000000000000000000000000000000000000000000000000000000000000000000000000000000000000000000000000000000000000000000000000000000000000000000000000000000000000000000000000000000000000000000000000000000000000000000000000000000000000000000000000000000000000000000000000000000000000000000000000000000000000000000000000000000000000000000000000000000000000000000000000000000000000000000000000000000000000000000000000000000000000000000","PASS"
"case-31","canterbury11","cp.html","e0cd21cef5b6c4069461e949be100080c3ce887de6f1dd8626c480528efaaf61","rans_highbits","rans_highbits","fixed_reference","0","24603","15150","16","16","9","9","81984","8","0","7276","4","113880","4","ba977a9793c2b622","000000000000000000000000000000000101010101010101010101010101010102020202020202020202020202020202030303030303030303030303030303030404040404040404040404040404040405050505050505050505050505050505060606060606060606060606060606060707070707070707070707070707070708080808080808080808080808080808090909090909090909090909090909090a0a0a0a0a0a0a0a0a0a0a0a0a0a0a0a0b0b0b0b0b0b0b0b0b0b0b0b0b0b0b0b0c0c0c0c0c0c0c0c0c0c0c0c0c0c0c0c0d0d0d0d0d0d0d0d0d0d0d0d0d0d0d0d0e0e0e0e0e0e0e0e0e0e0e0e0e0e0e0e0f0f0f0f0f0f0f0f0f0f0f0f0f0f0f0f","PASS"
"case-31","canterbury11","cp.html","e0cd21cef5b6c4069461e949be100080c3ce887de6f1dd8626c480528efaaf61","adaptive_order1","adaptive_order1","fixed_reference","0","24603","11967","256","256","1","1","132096","0","0","0","0","0","0","830182fe710c64fd","00000000000000000000000000000000000000000000000000000000000000000000000000000000000000000000000000000000000000000000000000000000000000000000000000000000000000000000000000000000000000000000000000000000000000000000000000000000000000000000000000000000000000000000000000000000000000000000000000000000000000000000000000000000000000000000000000000000000000000000000000000000000000000000000000000000000000000000000000000000000000000000000000000000000000000000000000000000000000000000000000000000000000000000000000000000","PASS"
"case-32","canterbury11","fields.c","85d73e354cc50cec76cb5a50537cf8dc035f8cbb8480f9e1cbe2f7d6c23393c7","huff_reassignment","huffman","reassignment","0","11150","5955","64","64","12","1","344576","8","1536","11880","1","34215","0","adbe263b3aa41bd0","0500000000000000000305000000000000000000000000000000000000000000003d0b0412001f1412130b19202431161c273e27273e3e1c27382a10350f260f003b1a032e32280f063f00081a1b293008363c2233250f3a1c000f092d18001e1c0d21110c01061d1702002f041b090e1821070a0815393a230a372b342c00000000000000000000000000000000000000000000000000000000000000000000000000000000000000000000000000000000000000000000000000000000000000000000000000000000000000000000000000000000000000000000000000000000000000000000000000000000000000000000000000000000000000000000","PASS"
"case-32","canterbury11","fields.c","85d73e354cc50cec76cb5a50537cf8dc035f8cbb8480f9e1cbe2f7d6c23393c7","rans_reassignment","rans","reassignment","0","11150","6462","4","4","12","12","20496","8","512","2830","2","48312","4","fb3d52a16a3b57e1","03000000000000000003030000000000000000000000000000000000000000000000000200000000000303030300000000030003000000000300000300000200000002010202020202000002020101000201020203020001000000010003000200010101000102010102000100010101000101020101020102030203000300000000000000000000000000000000000000000000000000000000000000000000000000000000000000000000000000000000000000000000000000000000000000000000000000000000000000000000000000000000000000000000000000000000000000000000000000000000000000000000000000000000000000000000","PASS"
"case-32","canterbury11","fields.c","85d73e354cc50cec76cb5a50537cf8dc035f8cbb8480f9e1cbe2f7d6c23393c7","huff_native","huffman","brotli_native_policy","0","11150","5738","32","32","12","1","172288","8","1280","8792","4","35820","0","b1ab38efcc6fa716","00000000000000000001010000000000000000000000000000000000000000000203040500000604070809060a0b000c0d0d0d0d0d0d0d0d0d0d0e0e0a0a030a000f1011120f1000030f00031013110f0211140003100a150d000a03040b000f0d1617151218191a131b001a0513141c0b1c1a1d171e1a17191a141f0a1f00000000000000000000000000000000000000000000000000000000000000000000000000000000000000000000000000000000000000000000000000000000000000000000000000000000000000000000000000000000000000000000000000000000000000000000000000000000000000000000000000000000000000000000","PASS"
"case-32","canterbury11","fields.c","85d73e354cc50cec76cb5a50537cf8dc035f8cbb8480f9e1cbe2f7d6c23393c7","rans_native","rans","brotli_native_policy","0","11150","6052","12","12","12","12","61488","8","1024","6760","0","40592","4","6fe64333e1c21a18","0000000000000000000000000000000000000000000000000000000000000000010102030200010201040005060207040707070707070707070707040101020800020202020202020202000202090202020208020202010907000806020a00020706090905060a05090b00050309080509090508090b05090a080804010400000000000000000000000000000000000000000000000000000000000000000000000000000000000000000000000000000000000000000000000000000000000000000000000000000000000000000000000000000000000000000000000000000000000000000000000000000000000000000000000000000000000000000000","PASS"
"case-32","canterbury11","fields.c","85d73e354cc50cec76cb5a50537cf8dc035f8cbb8480f9e1cbe2f7d6c23393c7","huff_matched","huffman","matched_merge","0","11150","5631","32","29","12","1","156136","8","1280","6944","0","36816","0","44ddf4cee1cf0151","000000000000000000000000000000000000000000000000000000000000000001020103010004050607080702090a0a050505050505050505050a0b02020102000c0d0e0f0c0d010c10000c0d110e12010e0f0c13100214050002150515000c05161411171518171119001a03111a1a111b1a1a141c181411151a0a020a00000000000000000000000000000000000000000000000000000000000000000000000000000000000000000000000000000000000000000000000000000000000000000000000000000000000000000000000000000000000000000000000000000000000000000000000000000000000000000000000000000000000000000000","PASS"
"case-32","canterbury11","fields.c","85d73e354cc50cec76cb5a50537cf8dc035f8cbb8480f9e1cbe2f7d6c23393c7","rans_matched","rans","matched_merge","0","11150","5991","16","13","12","12","66612","8","1024","7039","1","39824","4","a67646f463a64c63","00000000000000000000000000000000000000000000000000000000000000000102030405000205010606060202050705050505050505050505050702020102000308090908080508080008080a0909080909050908020b050002010503000805030b0b0a03040a0a0c000a040a0a0b0b0b0a0a0b0b040b0b030c07020700000000000000000000000000000000000000000000000000000000000000000000000000000000000000000000000000000000000000000000000000000000000000000000000000000000000000000000000000000000000000000000000000000000000000000000000000000000000000000000000000000000000000000000","PASS"
"case-32","canterbury11","fields.c","85d73e354cc50cec76cb5a50537cf8dc035f8cbb8480f9e1cbe2f7d6c23393c7","huff_init_only","huffman","initialization_only","0","11150","6076","64","64","12","1","344576","8","1536","12342","3","34719","0","16846bd88a9c3e94","1800000000000000000305000000000000000000000000000000000000000000003d0b0c12001f1412130b19202431161c273e01020d100713382a10350f2616003b05032e32280f063f00081a11293004363c2233251914170015092d0a001e1a0d21110c01061d1702002f041b090e1800070a0815393a230e372b342c00000000000000000000000000000000000000000000000000000000000000000000000000000000000000000000000000000000000000000000000000000000000000000000000000000000000000000000000000000000000000000000000000000000000000000000000000000000000000000000000000000000000000000000","PASS"
"case-32","canterbury11","fields.c","85d73e354cc50cec76cb5a50537cf8dc035f8cbb8480f9e1cbe2f7d6c23393c7","rans_init_only","rans","initialization_only","0","11150","6709","12","12","12","12","61488","8","1024","7642","6","44960","4","320061ca44d28385","0400000000000000000305000000000000000000000000000000000000000000000103040a00070806070b010800010a040302050605080b0b08060405030202000b09070a0204070a030000020905000806000a03010500030001010902000606010905000106050b02000b040309020004070a0809090a0b060707040800000000000000000000000000000000000000000000000000000000000000000000000000000000000000000000000000000000000000000000000000000000000000000000000000000000000000000000000000000000000000000000000000000000000000000000000000000000000000000000000000000000000000000000","PASS"
"case-32","canterbury11","fields.c","85d73e354cc50cec76cb5a50537cf8dc035f8cbb8480f9e1cbe2f7d6c23393c7","huff_payload_only","huffman","reassignment","1","11150","5955","64","64","12","1","344576","8","1536","11880","1","34215","0","adbe263b3aa41bd0","0500000000000000000305000000000000000000000000000000000000000000003d0b0412001f1412130b19202431161c273e27273e3e1c27382a10350f260f003b1a032e32280f063f00081a1b293008363c2233250f3a1c000f092d18001e1c0d21110c01061d1702002f041b090e1821070a0815393a230a372b342c00000000000000000000000000000000000000000000000000000000000000000000000000000000000000000000000000000000000000000000000000000000000000000000000000000000000000000000000000000000000000000000000000000000000000000000000000000000000000000000000000000000000000000000","PASS"
"case-32","canterbury11","fields.c","85d73e354cc50cec76cb5a50537cf8dc035f8cbb8480f9e1cbe2f7d6c23393c7","rans_payload_only","rans","reassignment","1","11150","7579","64","64","12","12","327936","8","1536","25608","0","33448","4","5898c2c5dd104a22","0500000000000000000305000000000000000000000000000000000000000000003d0b0412001f1412130b19202431161c273e27273e3e3e27382a10350f2620003b1a032e32280f063f00081a1b293008363c223325203a1c0020092d0a001e1c0d21110c01061d1702002f041b090e1821070a0815393a230a372b342c00000000000000000000000000000000000000000000000000000000000000000000000000000000000000000000000000000000000000000000000000000000000000000000000000000000000000000000000000000000000000000000000000000000000000000000000000000000000000000000000000000000000000000000","PASS"
"case-32","canterbury11","fields.c","85d73e354cc50cec76cb5a50537cf8dc035f8cbb8480f9e1cbe2f7d6c23393c7","rans_estimated_total","rans","reassignment","2","11150","6462","4","4","12","1","20496","8","512","2830","2","48312","4","fb3d52a16a3b57e1","03000000000000000003030000000000000000000000000000000000000000000000000200000000000303030300000000030003000000000300000300000200000002010202020202000002020101000201020203020001000000010003000200010101000102010102000100010101000101020101020102030203000300000000000000000000000000000000000000000000000000000000000000000000000000000000000000000000000000000000000000000000000000000000000000000000000000000000000000000000000000000000000000000000000000000000000000000000000000000000000000000000000000000000000000000000","PASS"
"case-32","canterbury11","fields.c","85d73e354cc50cec76cb5a50537cf8dc035f8cbb8480f9e1cbe2f7d6c23393c7","huff_single","huffman","reassignment","0","11150","7110","1","1","1","1","5384","8","0","666","0","56206","0","78a58f64264fe9d0","00000000000000000000000000000000000000000000000000000000000000000000000000000000000000000000000000000000000000000000000000000000000000000000000000000000000000000000000000000000000000000000000000000000000000000000000000000000000000000000000000000000000000000000000000000000000000000000000000000000000000000000000000000000000000000000000000000000000000000000000000000000000000000000000000000000000000000000000000000000000000000000000000000000000000000000000000000000000000000000000000000000000000000000000000000000","PASS"
"case-32","canterbury11","fields.c","85d73e354cc50cec76cb5a50537cf8dc035f8cbb8480f9e1cbe2f7d6c23393c7","rans_single","rans_highbits","fixed_reference","0","11150","7100","1","1","1","1","5124","8","0","909","3","55848","4","02e0e7f5e690803b","00000000000000000000000000000000000000000000000000000000000000000000000000000000000000000000000000000000000000000000000000000000000000000000000000000000000000000000000000000000000000000000000000000000000000000000000000000000000000000000000000000000000000000000000000000000000000000000000000000000000000000000000000000000000000000000000000000000000000000000000000000000000000000000000000000000000000000000000000000000000000000000000000000000000000000000000000000000000000000000000000000000000000000000000000000000","PASS"
"case-32","canterbury11","fields.c","85d73e354cc50cec76cb5a50537cf8dc035f8cbb8480f9e1cbe2f7d6c23393c7","rans_highbits","rans_highbits","fixed_reference","0","11150","6491","8","8","9","9","40992","8","0","3798","2","48088","4","dfd46c992b01dcff","00000000000000000000000000000000000000000000000000000000000000000101010101010101010101010101010101010101010101010101010101010101020202020202020202020202020202020202020202020202020202020202020203030303030303030303030303030303030303030303030303030303030303030404040404040404040404040404040404040404040404040404040404040404050505050505050505050505050505050505050505050505050505050505050506060606060606060606060606060606060606060606060606060606060606060707070707070707070707070707070707070707070707070707070707070707","PASS"
"case-32","canterbury11","fields.c","85d73e354cc50cec76cb5a50537cf8dc035f8cbb8480f9e1cbe2f7d6c23393c7","adaptive_order1","adaptive_order1","fixed_reference","0","11150","4957","256","256","1","1","132096","0","0","0","0","0","0","2d680e519721c3cf","00000000000000000000000000000000000000000000000000000000000000000000000000000000000000000000000000000000000000000000000000000000000000000000000000000000000000000000000000000000000000000000000000000000000000000000000000000000000000000000000000000000000000000000000000000000000000000000000000000000000000000000000000000000000000000000000000000000000000000000000000000000000000000000000000000000000000000000000000000000000000000000000000000000000000000000000000000000000000000000000000000000000000000000000000000000","PASS"
"case-33","canterbury11","grammar.lsp","1b0805dfc0ae706b35aac2bb4e15f02485efd24dda5dbd29de7b2f84d1a88c15","huff_reassignment","huffman","reassignment","0","3721","2141","4","4","12","1","21536","8","512","1920","6","14682","0","dea16ed520478c99","03000000000000000000030000000000000000000000000000000000000000000000030202000000020301020000000100030303030303000303000300000003010103010100000000030001010102000303030300000203000100000000000000010103010101010101030101010100020001030301030100030303000303000000000000000000000000000000000000000000000000000000000000000000000000000000000000000000000000000000000000000000000000000000000000000000000000000000000000000000000000000000000000000000000000000000000000000000000000000000000000000000000000000000000000000000","PASS"
"case-33","canterbury11","grammar.lsp","1b0805dfc0ae706b35aac2bb4e15f02485efd24dda5dbd29de7b2f84d1a88c15","rans_reassignment","rans","reassignment","0","3721","2198","2","2","12","12","10248","8","256","1416","0","15872","4","5101aca554523911","00000000000000000000000000000000000000000000000000000000000000000000010000000000000101000000000100000101010100000101000000000000010101010100000000000001010100000001010100000001000100000000000000010101010101010101010101010100010001010101010101010100000001000000000000000000000000000000000000000000000000000000000000000000000000000000000000000000000000000000000000000000000000000000000000000000000000000000000000000000000000000000000000000000000000000000000000000000000000000000000000000000000000000000000000000000","PASS"
"case-33","canterbury11","grammar.lsp","1b0805dfc0ae706b35aac2bb4e15f02485efd24dda5dbd29de7b2f84d1a88c15","huff_native","huffman","brotli_native_policy","0","3721","2086","8","8","12","1","43072","8","768","2554","0","13358","0","c221c24e284a15dc","00000000000000000000010000000000000000000000000000000000000000000200030204020002050306050100020001010303030301010303060100000101060700070000000000010000000700070007070000000007000000000000000000060000000600000007010600000007000000000006000006000003000300000000000000000000000000000000000000000000000000000000000000000000000000000000000000000000000000000000000000000000000000000000000000000000000000000000000000000000000000000000000000000000000000000000000000000000000000000000000000000000000000000000000000000000","PASS"
"case-33","canterbury11","grammar.lsp","1b0805dfc0ae706b35aac2bb4e15f02485efd24dda5dbd29de7b2f84d1a88c15","rans_native","rans","brotli_native_policy","0","3721","2156","4","4","12","12","20496","8","512","2390","2","14304","4","86cb0806a61ce2fb","00000000000000000000010000000000000000000000000000000000000000000200010200020002030100030103020001010101010101010101020000000101000300000000000000010000000000030000000000000300000000000000000000000000000000000000010000000000000000000000000002000001000100000000000000000000000000000000000000000000000000000000000000000000000000000000000000000000000000000000000000000000000000000000000000000000000000000000000000000000000000000000000000000000000000000000000000000000000000000000000000000000000000000000000000000000","PASS"
"case-33","canterbury11","grammar.lsp","1b0805dfc0ae706b35aac2bb4e15f02485efd24dda5dbd29de7b2f84d1a88c15","huff_matched","huffman","matched_merge","0","3721","2048","8","8","12","1","43072","8","768","2004","2","13602","0","f0c5b2ddc4a8f593","00000000000000000000010000000000000000000000000000000000000000000200010203020202020103020002020400000000000000000005020000000101060305070400000000000004040707060000000400000707000700000000000000030604040304040403000304040403040004040403050404040501000104000000000000000000000000000000000000000000000000000000000000000000000000000000000000000000000000000000000000000000000000000000000000000000000000000000000000000000000000000000000000000000000000000000000000000000000000000000000000000000000000000000000000000000","PASS"
"case-33","canterbury11","grammar.lsp","1b0805dfc0ae706b35aac2bb4e15f02485efd24dda5dbd29de7b2f84d1a88c15","rans_matched","rans","matched_merge","0","3721","2140","3","3","12","12","15372","8","512","1829","3","14736","4","2a6339b22ff83535","00000000000000000000000000000000000000000000000000000000000000000100000202010101010002010001010200000000000000000000010000000000020202020200000000000002020202020000000200000200000200000000000000020202020202020202000202020202020002020202020201020200000002000000000000000000000000000000000000000000000000000000000000000000000000000000000000000000000000000000000000000000000000000000000000000000000000000000000000000000000000000000000000000000000000000000000000000000000000000000000000000000000000000000000000000000","PASS"
"case-33","canterbury11","grammar.lsp","1b0805dfc0ae706b35aac2bb4e15f02485efd24dda5dbd29de7b2f84d1a88c15","huff_init_only","huffman","initialization_only","0","3721","2249","1","1","12","1","5384","8","0","624","4","17356","0","6b0684b4a2053645","00000000000000000000000000000000000000000000000000000000000000000000000000000000000000000000000000000000000000000000000000000000000000000000000000000000000000000000000000000000000000000000000000000000000000000000000000000000000000000000000000000000000000000000000000000000000000000000000000000000000000000000000000000000000000000000000000000000000000000000000000000000000000000000000000000000000000000000000000000000000000000000000000000000000000000000000000000000000000000000000000000000000000000000000000000000","PASS"
"case-33","canterbury11","grammar.lsp","1b0805dfc0ae706b35aac2bb4e15f02485efd24dda5dbd29de7b2f84d1a88c15","rans_init_only","rans","initialization_only","0","3721","2258","1","1","12","12","5124","8","0","791","1","17232","4","69745b741c0fcd3a","00000000000000000000000000000000000000000000000000000000000000000000000000000000000000000000000000000000000000000000000000000000000000000000000000000000000000000000000000000000000000000000000000000000000000000000000000000000000000000000000000000000000000000000000000000000000000000000000000000000000000000000000000000000000000000000000000000000000000000000000000000000000000000000000000000000000000000000000000000000000000000000000000000000000000000000000000000000000000000000000000000000000000000000000000000000","PASS"
"case-33","canterbury11","grammar.lsp","1b0805dfc0ae706b35aac2bb4e15f02485efd24dda5dbd29de7b2f84d1a88c15","huff_payload_only","huffman","reassignment","1","3721","2548","64","64","12","1","344576","8","1536","8080","7","10753","0","2c9172e269eb2183","3f0000000000000000000a00000000000000000000000000000000000000000000002f2a06343930020325310310342803222332353603033a1b2b2c000015373b1c2d2e1a0000000033001a24191f38183c3c2100001e3c003d000000000000000c110f13011a16190d14290e17050812000907040b1b20261d3e2f002f27000000000000000000000000000000000000000000000000000000000000000000000000000000000000000000000000000000000000000000000000000000000000000000000000000000000000000000000000000000000000000000000000000000000000000000000000000000000000000000000000000000000000000000","PASS"
"case-33","canterbury11","grammar.lsp","1b0805dfc0ae706b35aac2bb4e15f02485efd24dda5dbd29de7b2f84d1a88c15","rans_payload_only","rans","reassignment","1","3721","4364","64","64","12","12","327936","8","1536","22894","2","10440","4","f1970062c19311e1","3f0000000000000000000a00000000000000000000000000000000000000000000002f2a06343930020325313310342833222332353633333a1b2b2c000015373b1c2d2e1a0000000033001a242e1f38183c3c2100001e3c003d000000000000000c110f13011a16190d14290e17050812000907040b1b20261d3e2f002f27000000000000000000000000000000000000000000000000000000000000000000000000000000000000000000000000000000000000000000000000000000000000000000000000000000000000000000000000000000000000000000000000000000000000000000000000000000000000000000000000000000000000000000","PASS"
"case-33","canterbury11","grammar.lsp","1b0805dfc0ae706b35aac2bb4e15f02485efd24dda5dbd29de7b2f84d1a88c15","rans_estimated_total","rans","reassignment","2","3721","2198","2","2","12","1","10248","8","256","1416","0","15872","4","5101aca554523911","00000000000000000000000000000000000000000000000000000000000000000000010000000000000101000000000100000101010100000101000000000000010101010100000000000001010100000001010100000001000100000000000000010101010101010101010101010100010001010101010101010100000001000000000000000000000000000000000000000000000000000000000000000000000000000000000000000000000000000000000000000000000000000000000000000000000000000000000000000000000000000000000000000000000000000000000000000000000000000000000000000000000000000000000000000000","PASS"
"case-33","canterbury11","grammar.lsp","1b0805dfc0ae706b35aac2bb4e15f02485efd24dda5dbd29de7b2f84d1a88c15","huff_single","huffman","reassignment","0","3721","2249","1","1","1","1","5384","8","0","624","4","17356","0","6b0684b4a2053645","00000000000000000000000000000000000000000000000000000000000000000000000000000000000000000000000000000000000000000000000000000000000000000000000000000000000000000000000000000000000000000000000000000000000000000000000000000000000000000000000000000000000000000000000000000000000000000000000000000000000000000000000000000000000000000000000000000000000000000000000000000000000000000000000000000000000000000000000000000000000000000000000000000000000000000000000000000000000000000000000000000000000000000000000000000000","PASS"
"case-33","canterbury11","grammar.lsp","1b0805dfc0ae706b35aac2bb4e15f02485efd24dda5dbd29de7b2f84d1a88c15","rans_single","rans_highbits","fixed_reference","0","3721","2258","1","1","1","1","5124","8","0","791","1","17232","4","f8593c0b680ab17f","00000000000000000000000000000000000000000000000000000000000000000000000000000000000000000000000000000000000000000000000000000000000000000000000000000000000000000000000000000000000000000000000000000000000000000000000000000000000000000000000000000000000000000000000000000000000000000000000000000000000000000000000000000000000000000000000000000000000000000000000000000000000000000000000000000000000000000000000000000000000000000000000000000000000000000000000000000000000000000000000000000000000000000000000000000000","PASS"
"case-33","canterbury11","grammar.lsp","1b0805dfc0ae706b35aac2bb4e15f02485efd24dda5dbd29de7b2f84d1a88c15","rans_highbits","rans_highbits","fixed_reference","0","3721","2214","4","4","9","9","20496","8","0","1916","4","15752","4","5012134f1f2f505f","00000000000000000000000000000000000000000000000000000000000000000000000000000000000000000000000000000000000000000000000000000000010101010101010101010101010101010101010101010101010101010101010101010101010101010101010101010101010101010101010101010101010101010202020202020202020202020202020202020202020202020202020202020202020202020202020202020202020202020202020202020202020202020202020203030303030303030303030303030303030303030303030303030303030303030303030303030303030303030303030303030303030303030303030303030303","PASS"
"case-33","canterbury11","grammar.lsp","1b0805dfc0ae706b35aac2bb4e15f02485efd24dda5dbd29de7b2f84d1a88c15","adaptive_order1","adaptive_order1","fixed_reference","0","3721","1781","256","256","1","1","132096","0","0","0","0","0","0","60f9351cd2e28aaf","00000000000000000000000000000000000000000000000000000000000000000000000000000000000000000000000000000000000000000000000000000000000000000000000000000000000000000000000000000000000000000000000000000000000000000000000000000000000000000000000000000000000000000000000000000000000000000000000000000000000000000000000000000000000000000000000000000000000000000000000000000000000000000000000000000000000000000000000000000000000000000000000000000000000000000000000000000000000000000000000000000000000000000000000000000000","PASS"
"case-34","canterbury11","kennedy.xls","9af47239ca29dfe20e633f80bbbb9a4cc9783d0803d7b2b5626f42e4c3790420","huff_reassignment","huffman","reassignment","0","1029744","398674","16","16","12","1","86144","8","1024","11692","5","3176663","0","8c79c91d23df6a3a","000205010605070f09040d04040d0d040d030a04060a0d090c0308040404070c0b09040707050c0405060c06060d0609060b0b090909090909090a07060706040c0b0b090b03090b0f08090b030a0a08080e05080c0a090b0b050c0a09080d0e070a0a0b0c0a0c0d040e050a0a0e0a030904050a040a04030d0c040806040c050609060a060708090d0d0f0e030a0b0b0f0c0c0d090d0e0f0e070f070c070304030506070708090a080b0c0d0e0f070a0e0e0f0a0a0a0a0a0f0a0706070a03040804050a03060704030506070808090a03030b070c040c0d0c0e08030a09080405060f0709050d0e04060a0606060606060a0a0a060a06060a0e0c060a0a0f0a","PASS"
"case-34","canterbury11","kennedy.xls","9af47239ca29dfe20e633f80bbbb9a4cc9783d0803d7b2b5626f42e4c3790420","rans_reassignment","rans","reassignment","0","1029744","361321","12","12","12","12","61488","8","1024","7028","4","2882472","4","f30483f2b0ca4e0f","00020301060309090903080a080808090808080a080a0808080808080808080a0808080a0808080a08080808080808080b0b0b08080808080808080808080808090b0b08080808080808080808080808080b080808080808080808030404030b070403050403050503030303050503040504030305040503050305050305030506050505030404040904040304040504040405050403050505040305040505050705050504050505030504050505050404050504050505040b0405050505050304050504030505030405050505050505070505050404040504050405040503050505040503030303060304030303030304040404030303040303030303040303","PASS"
"case-34","canterbury11","kennedy.xls","9af47239ca29dfe20e633f80bbbb9a4cc9783d0803d7b2b5626f42e4c3790420","huff_native","huffman","brotli_native_policy","0","1029744","398140","32","30","12","1","161520","8","1280","10918","7","3172907","0","b3391d92c70a8ed2","0001020304050607060508090808080a0b080809080808080808080808080808080808080808080908080808080808080c0d0c0e0e0e0e0e0e0e0808080808080f0c0c0e0e0e0e0e0e0e0e0e0e0e0e1011120e0e100e0e0e10100a131313021415131313131313131313131313131313161313131316131313131313131313131513131313131313171313131313131313131313131313131313131316131313181313131613131313131313131313161313131313131313191313131313131313131316131313131a131313131313131b13131313131313131313131613131313131313051305051c1d161d1d1d131d1d1d1d1d1d1d1d1d1d13051d1d16051d","PASS"
"case-34","canterbury11","kennedy.xls","9af47239ca29dfe20e633f80bbbb9a4cc9783d0803d7b2b5626f42e4c3790420","rans_native","rans","brotli_native_policy","0","1029744","361194","24","24","12","12","122976","8","1280","11216","0","2877016","4","2940a1ccfe2a5673","0001020304020506050207080707070509070708070707070707070707070707070707070707070807070707070707070a0b0a0c0c0c0c0c0c0c0707070707070d0a0a0c0c0c0c0c0c0c0c0c0c0c0c0e0f100c0c0e0c0c0c0e0e05111111021213111111111111111111111111111111141111111114111111111111111111111311111111111111151111111111111111111111111111111111111114111111161111111411111111111111111111141111111111111111171111111111111111111114111111111311111111111111131111111111111111111111141111111111111102020202041114111111110202131302020202020211020202140202","PASS"
"case-34","canterbury11","kennedy.xls","9af47239ca29dfe20e633f80bbbb9a4cc9783d0803d7b2b5626f42e4c3790420","huff_matched","huffman","matched_merge","0","1029744","398035","32","25","12","1","134600","8","1280","9802","3","3173187","0","c0b8e9cdb194fe73","0001020304020202020205050505050506060605050505070707070707070707070707070205050507070707070707070809090a0a0a0a0a0a0a0707070707070b0909090a0a0a0a0a0a0a0a0a0a0a0c0c0d0a0a0a0a0a0a0a0a0a0e0e0f0a0d100e0e0e0e0e0e0e0e0e0e0e0e0e0e0e0e0e0e0e0e0e0e0e0e0e0e0e0e0e0e0e0e11110e0e0e0e0e120e0e0e0e0e0e0e0e0e0e0e0e0e11111111111111111111131111111110101010101010101010111111111111111111140e0e0e0e0e0e0e0f0f0f0f15151515151515151515150f1616161616160f1616160f0f0f0f0f0f0f0f0f16160808081717110404040c0c1818181818180c181817100c070f0f18","PASS"
"case-34","canterbury11","kennedy.xls","9af47239ca29dfe20e633f80bbbb9a4cc9783d0803d7b2b5626f42e4c3790420","rans_matched","rans","matched_merge","0","1029744","361066","24","20","12","12","102480","8","1280","9640","0","2877568","4","fac4f4211bc240e9","000102030405060706050807090908060a080b070809080908080b0b0b090b09090809090809090709090809080808080b0c0c0b0b0b0b0b0b0b090808080909070c0c0b0b0b0b0b0b0b0b0b0b0b0b0b0a0c0b0b0b0b0b0b0b0b06050d0d0d0e0e0d050d0d0d0d0d0d0d0d0d0d0d0d0d0f0d0d05050e05050f0f05050d0505050e050505101010100e1011050f1005100f1005050f0505050f0510050e050505120505050f050505100505050505050e0f0d0d0d0d0d0d0f0e0d050d110f0d0d110d0d0e110d0d0d130d0d0d0d0d11111305110511110f1111110f050f110f1105110f050502050513110e1111110505131313131305050513050505050e0505","PASS"
"case-34","canterbury11","kennedy.xls","9af47239ca29dfe20e633f80bbbb9a4cc9783d0803d7b2b5626f42e4c3790420","huff_init_only","huffman","initialization_only","0","1029744","400390","64","64","12","1","344576","8","1536","17592","6","3183978","0","4d512a21087e8118","000205010604070f09031d1211201e080d131a0c222a2d292c23181b142417152b3d04270e050c1625063e16110d1209260b212e312f323637300a0700170e011c191f393433023b3f080f0b13143a38281035183c1a191b10151c0a393f2d1e27280a0b3c3a0c0d340e3500012e02032904051a312532333d3b3408361b1c352609360a063738391d1d0f1e103a0b3b2f3c0c0d303d0e0f31101f1124121314031516173718191a381b1c1d1e1f2023113e3f200001023e1f212122071223133224252133262714221516171828292a20032b222c042b2d2c2e08232a192f3005060907393a3d3e242f253031323b332b29262a282d34352c2e3c3637273f38","PASS"
"case-34","canterbury11","kennedy.xls","9af47239ca29dfe20e633f80bbbb9a4cc9783d0803d7b2b5626f42e4c3790420","rans_init_only","rans","initialization_only","0","1029744","367414","64","64","12","12","327936","8","1536","23958","2","2913776","4","7e1f31688dbd6747","000205010604070f09031d1211201e080d131a0c222a2d292c23181b142417152b3d04270e050c1625063e16110d1209260b212e312f323637300a0700170e011c191f393433023b3f080f0b13143a38281035183c1a191b10151c0a393f2d1e27280a0b3c3a0c0d340e3500012e02032904051a312532333d3b3408361b1c352609360a063738391d1d0f1e103a0b3b2f3c0c0d303d0e0f31101f1124121314031516173718191a381b1c1d1e1f2023113e3f200001023e1f212122071223133224252133262714221516171828292a20032b222c042b2d2c2e08232a192f3005060907393a3d3e242f253031323b332b29262a282d34352c2e3c3637273f38","PASS"
"case-34","canterbury11","kennedy.xls","9af47239ca29dfe20e633f80bbbb9a4cc9783d0803d7b2b5626f42e4c3790420","huff_payload_only","huffman","reassignment","1","1029744","399045","64","64","12","1","344576","8","1536","17506","5","3173305","0","d337eccce3775126","000205010604070f09041d1211201e0c0d131a0c222a2d292c23181b142417152b3d04120e050c1625063e16110d1209260b212e312f323637300a070e170e2d1c191f393433083b3f08373513143a38281035183c1a191b10151c0a393f2d1e27280a133c3a0c0d340e3513172e3a032904051a312532333d3b3408361b1c352609220a063738391d1d0f1e103a0b3b2f3c0c0d303d0e0f31101f111c121314031516173718191a381b1c1d1e1f2023113e3f201414143e1f212122071223133224252133262714221516171828292a20032b222c042a2d2c2e08232a192f3005062f0739043d3e24062506060606062b2b2b2b2b2b062b2c2e3c062b2a3f2b","PASS"
"case-34","canterbury11","kennedy.xls","9af47239ca29dfe20e633f80bbbb9a4cc9783d0803d7b2b5626f42e4c3790420","rans_payload_only","rans","reassignment","1","1029744","361667","64","44","12","12","225456","8","1536","17430","2","2874328","4","7f8a9f5f1c21a7da","000205010605070d090516140f1916080b0f181419101910151916190c191510191515100c151514151515150f161015230a1729292929121129151515150c161a17171719131111112a11121112172b250e2a1613182a19191308050403051c242204040303040403030304030303032603050328222805030328280303052823280328032828281b28280303282828032828282205282803280328202828280128282803282828052828282828282003040403040404221d0328030403040303040422030404041f040404040428031e2828282828222828280328220305030328032804040404212720272727272727272727272727272703052727220427","PASS"
"case-34","canterbury11","kennedy.xls","9af47239ca29dfe20e633f80bbbb9a4cc9783d0803d7b2b5626f42e4c3790420","rans_estimated_total","rans","reassignment","2","1029744","361321","12","12","12","1","61488","8","1024","7028","4","2882472","4","f30483f2b0ca4e0f","00020301060309090903080a080808090808080a080a0808080808080808080a0808080a0808080a08080808080808080b0b0b08080808080808080808080808090b0b08080808080808080808080808080b080808080808080808030404030b070403050403050503030303050503040504030305040503050305050305030506050505030404040904040304040504040405050403050505040305040505050705050504050505030504050505050404050504050505040b0405050505050304050504030505030405050505050505070505050404040504050405040503050505040503030303060304030303030304040404030303040303030303040303","PASS"
"case-34","canterbury11","kennedy.xls","9af47239ca29dfe20e633f80bbbb9a4cc9783d0803d7b2b5626f42e4c3790420","huff_single","huffman","reassignment","0","1029744","462725","1","1","1","1","5384","8","0","1536","0","3700256","0","94e32aadc37e807e","00000000000000000000000000000000000000000000000000000000000000000000000000000000000000000000000000000000000000000000000000000000000000000000000000000000000000000000000000000000000000000000000000000000000000000000000000000000000000000000000000000000000000000000000000000000000000000000000000000000000000000000000000000000000000000000000000000000000000000000000000000000000000000000000000000000000000000000000000000000000000000000000000000000000000000000000000000000000000000000000000000000000000000000000000000000","PASS"
"case-34","canterbury11","kennedy.xls","9af47239ca29dfe20e633f80bbbb9a4cc9783d0803d7b2b5626f42e4c3790420","rans_single","rans_highbits","fixed_reference","0","1029744","460435","1","1","1","1","5124","8","0","1031","1","3682408","4","33083e2ffcf8f71b","00000000000000000000000000000000000000000000000000000000000000000000000000000000000000000000000000000000000000000000000000000000000000000000000000000000000000000000000000000000000000000000000000000000000000000000000000000000000000000000000000000000000000000000000000000000000000000000000000000000000000000000000000000000000000000000000000000000000000000000000000000000000000000000000000000000000000000000000000000000000000000000000000000000000000000000000000000000000000000000000000000000000000000000000000000000","PASS"
"case-34","canterbury11","kennedy.xls","9af47239ca29dfe20e633f80bbbb9a4cc9783d0803d7b2b5626f42e4c3790420","rans_highbits","rans_highbits","fixed_reference","0","1029744","368861","256","256","9","9","1311744","8","0","82186","6","2868656","4","c167b50adbd7a618","000102030405060708090a0b0c0d0e0f101112131415161718191a1b1c1d1e1f202122232425262728292a2b2c2d2e2f303132333435363738393a3b3c3d3e3f404142434445464748494a4b4c4d4e4f505152535455565758595a5b5c5d5e5f606162636465666768696a6b6c6d6e6f707172737475767778797a7b7c7d7e7f808182838485868788898a8b8c8d8e8f909192939495969798999a9b9c9d9e9fa0a1a2a3a4a5a6a7a8a9aaabacadaeafb0b1b2b3b4b5b6b7b8b9babbbcbdbebfc0c1c2c3c4c5c6c7c8c9cacbcccdcecfd0d1d2d3d4d5d6d7d8d9dadbdcdddedfe0e1e2e3e4e5e6e7e8e9eaebecedeeeff0f1f2f3f4f5f6f7f8f9fafbfcfdfeff","PASS"
"case-34","canterbury11","kennedy.xls","9af47239ca29dfe20e633f80bbbb9a4cc9783d0803d7b2b5626f42e4c3790420","adaptive_order1","adaptive_order1","fixed_reference","0","1029744","319358","256","256","1","1","132096","0","0","0","0","0","0","44ab94e3029be30d","00000000000000000000000000000000000000000000000000000000000000000000000000000000000000000000000000000000000000000000000000000000000000000000000000000000000000000000000000000000000000000000000000000000000000000000000000000000000000000000000000000000000000000000000000000000000000000000000000000000000000000000000000000000000000000000000000000000000000000000000000000000000000000000000000000000000000000000000000000000000000000000000000000000000000000000000000000000000000000000000000000000000000000000000000000000","PASS"
"case-35","canterbury11","lcet10.txt","5314ba1dbb03f471df88bec6cd120a938ef60d0fd3511c5c1dce61bf7463245f","huff_reassignment","huffman","reassignment","0","426754","193510","64","64","12","1","344576","8","1536","22804","0","1523732","0","43c511f03f441e27","110000000000000000001000000f000000000000000000000000000000000000001710003c00293a322d2411181e1a0f2a34353b3b3e3e3e3b3c37180000001a101c311d2c2033382e232c25252629282b252722213925362c3f3811001800000004170b0c01131409052f1b0a0e060312300807020d19161f153d00000000000000000000000000000000000000000000000000000000000000000000000000000000000000000000000000000000000000000000000000000000000000000000000000000000000000000000000000000000000000000000000000000000000000000000000000000000000000000000000000000000000000000000000000","PASS"
"case-35","canterbury11","lcet10.txt","5314ba1dbb03f471df88bec6cd120a938ef60d0fd3511c5c1dce61bf7463245f","rans_reassignment","rans","reassignment","0","426754","190918","48","48","12","12","245952","8","1536","25390","2","1500376","4","03041e2b6424ae54","1a0000000000000000001000000f000000000000000000000000000000000000001710002a001a1b102d2411181e1a1d2a2a2a2a2a2a2a2a2a2a1a180000001a001c2b1d2c2000102e232c25252629282b1c27222123251d2c291b10001a00000004170b0c01131409052f1b0a0e0603122f0807020d19161f151900000000000000000000000000000000000000000000000000000000000000000000000000000000000000000000000000000000000000000000000000000000000000000000000000000000000000000000000000000000000000000000000000000000000000000000000000000000000000000000000000000000000000000000000000","PASS"
"case-35","canterbury11","lcet10.txt","5314ba1dbb03f471df88bec6cd120a938ef60d0fd3511c5c1dce61bf7463245f","huff_native","huffman","brotli_native_policy","0","426754","193414","64","63","12","1","339192","8","1536","22376","1","1523391","0","4b109fb741e1f9a2","000000000000000000000100000200000000000000000000000000000000000003040100050000060708090a0b0c00070d0e0e0f0f0f0f0f0f050b0b000000001010111213141516171819111a1b1c1d1e1f202122231a24252616070000000000270428292a2b2c2d2e2f303132333435363738393a3b3c3d3e3b00000000000000000000000000000000000000000000000000000000000000000000000000000000000000000000000000000000000000000000000000000000000000000000000000000000000000000000000000000000000000000000000000000000000000000000000000000000000000000000000000000000000000000000000000","PASS"
"case-35","canterbury11","lcet10.txt","5314ba1dbb03f471df88bec6cd120a938ef60d0fd3511c5c1dce61bf7463245f","rans_native","rans","brotli_native_policy","0","426754","190887","48","48","12","12","245952","8","1536","25592","0","1499928","4","6a6f0f066792b91b","0000000000000000000001000002000000000000000000000000000000000000030401000500060708090a0b0a0c06080d0505050505050505050609000000060e0e0f1011120f0f00131100141100150f1600171819141111061608000a0000001a041b1c1d1e1f20212223242526272816292a2b2c2d2e2f092d00000000000000000000000000000000000000000000000000000000000000000000000000000000000000000000000000000000000000000000000000000000000000000000000000000000000000000000000000000000000000000000000000000000000000000000000000000000000000000000000000000000000000000000000000","PASS"
"case-35","canterbury11","lcet10.txt","5314ba1dbb03f471df88bec6cd120a938ef60d0fd3511c5c1dce61bf7463245f","huff_matched","huffman","matched_merge","0","426754","193351","64","54","12","1","290736","8","1536","19708","6","1525550","0","0f506f289aef15d2","0000000000000000000001000002000000000000000000000000000000000000030401000500060708090a000b0c0b080d0e0e0e0e0e0e0e0e050b0b0000000b080f10111213141015161215170606181019151a1b1c171d12061e06000b0000001f04202122232425262728292a2b2c2d192e2f3031323334353200000000000000000000000000000000000000000000000000000000000000000000000000000000000000000000000000000000000000000000000000000000000000000000000000000000000000000000000000000000000000000000000000000000000000000000000000000000000000000000000000000000000000000000000000","PASS"
"case-35","canterbury11","lcet10.txt","5314ba1dbb03f471df88bec6cd120a938ef60d0fd3511c5c1dce61bf7463245f","rans_matched","rans","matched_merge","0","426754","190617","48","46","12","12","235704","8","1536","24146","6","1499208","4","a11a018f0b5e44fe","0000000000000000000001000002000000000000000000000000000000000000030401000500060708090a0b0608090c050505050505050505050606000000090d0d0e0c0f100c0f0e110c12121313140e1516161711120e0f130f1300040000000018191a1b1c1d1e1f2021222324252615270428292a2b2c2d2a00000000000000000000000000000000000000000000000000000000000000000000000000000000000000000000000000000000000000000000000000000000000000000000000000000000000000000000000000000000000000000000000000000000000000000000000000000000000000000000000000000000000000000000000000","PASS"
"case-35","canterbury11","lcet10.txt","5314ba1dbb03f471df88bec6cd120a938ef60d0fd3511c5c1dce61bf7463245f","huff_init_only","huffman","initialization_only","0","426754","194517","64","64","12","1","344576","8","1536","23576","4","1531012","0","02bf20174979bc93","130000000000000000001000000f000000000000000000000000000000000000001409000e00103a322d2411181e1a0f2a34353b023e0300043c3701000000080d1c311d2c2033382e230506252629282b0c2722213907360a3f0b11001200000004170b0c01131409052f1b0a0e060312300807020d19161f153d00000000000000000000000000000000000000000000000000000000000000000000000000000000000000000000000000000000000000000000000000000000000000000000000000000000000000000000000000000000000000000000000000000000000000000000000000000000000000000000000000000000000000000000000000","PASS"
"case-35","canterbury11","lcet10.txt","5314ba1dbb03f471df88bec6cd120a938ef60d0fd3511c5c1dce61bf7463245f","rans_init_only","rans","initialization_only","0","426754","192054","64","64","12","12","327936","8","1536","32986","6","1501864","4","bb544dab3ce89995","130000000000000000001000000f000000000000000000000000000000000000001409000e00103a322d2411181e1a0f2a34353b023e0300043c3701000000080d1c311d2c2033382e230506252629282b0c2722213907360a3f0b11001200000004170b0c01131409052f1b0a0e060312300807020d19161f153d00000000000000000000000000000000000000000000000000000000000000000000000000000000000000000000000000000000000000000000000000000000000000000000000000000000000000000000000000000000000000000000000000000000000000000000000000000000000000000000000000000000000000000000000000","PASS"
"case-35","canterbury11","lcet10.txt","5314ba1dbb03f471df88bec6cd120a938ef60d0fd3511c5c1dce61bf7463245f","huff_payload_only","huffman","reassignment","1","426754","193510","64","64","12","1","344576","8","1536","22804","0","1523732","0","43c511f03f441e27","110000000000000000001000000f000000000000000000000000000000000000001710003c00293a322d2411181e1a0f2a34353b3b3e3e3e3b3c37180000001a101c311d2c2033382e232c25252629282b252722213925362c3f3811001800000004170b0c01131409052f1b0a0e060312300807020d19161f153d00000000000000000000000000000000000000000000000000000000000000000000000000000000000000000000000000000000000000000000000000000000000000000000000000000000000000000000000000000000000000000000000000000000000000000000000000000000000000000000000000000000000000000000000000","PASS"
"case-35","canterbury11","lcet10.txt","5314ba1dbb03f471df88bec6cd120a938ef60d0fd3511c5c1dce61bf7463245f","rans_payload_only","rans","reassignment","1","426754","191056","64","64","12","12","327936","8","1536","32824","0","1494048","4","e1082c8c8f90c2db","1a0000000000000000001000000f000000000000000000000000000000000000001710003c00293a322d2411181e1a1d2a34353b3b3e3b3e3e3c37180000001a001c311d2c2033382e232c25252629282b1c2722213925362c3f3810001a00000004170b0c01131409052f1b0a0e060312300807020d19161f153d00000000000000000000000000000000000000000000000000000000000000000000000000000000000000000000000000000000000000000000000000000000000000000000000000000000000000000000000000000000000000000000000000000000000000000000000000000000000000000000000000000000000000000000000000","PASS"
"case-35","canterbury11","lcet10.txt","5314ba1dbb03f471df88bec6cd120a938ef60d0fd3511c5c1dce61bf7463245f","rans_estimated_total","rans","reassignment","2","426754","190918","48","48","12","1","245952","8","1536","25390","2","1500376","4","03041e2b6424ae54","1a0000000000000000001000000f000000000000000000000000000000000000001710002a001a1b102d2411181e1a1d2a2a2a2a2a2a2a2a2a2a1a180000001a001c2b1d2c2000102e232c25252629282b1c27222123251d2c291b10001a00000004170b0c01131409052f1b0a0e0603122f0807020d19161f151900000000000000000000000000000000000000000000000000000000000000000000000000000000000000000000000000000000000000000000000000000000000000000000000000000000000000000000000000000000000000000000000000000000000000000000000000000000000000000000000000000000000000000000000000","PASS"
"case-35","canterbury11","lcet10.txt","5314ba1dbb03f471df88bec6cd120a938ef60d0fd3511c5c1dce61bf7463245f","huff_single","huffman","reassignment","0","426754","250644","1","1","1","1","5384","8","0","630","1","2004513","0","d12c84225ec52590","00000000000000000000000000000000000000000000000000000000000000000000000000000000000000000000000000000000000000000000000000000000000000000000000000000000000000000000000000000000000000000000000000000000000000000000000000000000000000000000000000000000000000000000000000000000000000000000000000000000000000000000000000000000000000000000000000000000000000000000000000000000000000000000000000000000000000000000000000000000000000000000000000000000000000000000000000000000000000000000000000000000000000000000000000000000","PASS"
"case-35","canterbury11","lcet10.txt","5314ba1dbb03f471df88bec6cd120a938ef60d0fd3511c5c1dce61bf7463245f","rans_single","rans_highbits","fixed_reference","0","426754","249318","1","1","1","1","5124","8","0","795","5","1993704","4","143d8f7b02f92777","00000000000000000000000000000000000000000000000000000000000000000000000000000000000000000000000000000000000000000000000000000000000000000000000000000000000000000000000000000000000000000000000000000000000000000000000000000000000000000000000000000000000000000000000000000000000000000000000000000000000000000000000000000000000000000000000000000000000000000000000000000000000000000000000000000000000000000000000000000000000000000000000000000000000000000000000000000000000000000000000000000000000000000000000000000000","PASS"
"case-35","canterbury11","lcet10.txt","5314ba1dbb03f471df88bec6cd120a938ef60d0fd3511c5c1dce61bf7463245f","rans_highbits","rans_highbits","fixed_reference","0","426754","197244","256","256","9","9","1311744","8","0","85170","6","1492736","4","e4520b5d09b6dead","000102030405060708090a0b0c0d0e0f101112131415161718191a1b1c1d1e1f202122232425262728292a2b2c2d2e2f303132333435363738393a3b3c3d3e3f404142434445464748494a4b4c4d4e4f505152535455565758595a5b5c5d5e5f606162636465666768696a6b6c6d6e6f707172737475767778797a7b7c7d7e7f808182838485868788898a8b8c8d8e8f909192939495969798999a9b9c9d9e9fa0a1a2a3a4a5a6a7a8a9aaabacadaeafb0b1b2b3b4b5b6b7b8b9babbbcbdbebfc0c1c2c3c4c5c6c7c8c9cacbcccdcecfd0d1d2d3d4d5d6d7d8d9dadbdcdddedfe0e1e2e3e4e5e6e7e8e9eaebecedeeeff0f1f2f3f4f5f6f7f8f9fafbfcfdfeff","PASS"
"case-35","canterbury11","lcet10.txt","5314ba1dbb03f471df88bec6cd120a938ef60d0fd3511c5c1dce61bf7463245f","adaptive_order1","adaptive_order1","fixed_reference","0","426754","187550","256","256","1","1","132096","0","0","0","0","0","0","2aa4803884e13c04","00000000000000000000000000000000000000000000000000000000000000000000000000000000000000000000000000000000000000000000000000000000000000000000000000000000000000000000000000000000000000000000000000000000000000000000000000000000000000000000000000000000000000000000000000000000000000000000000000000000000000000000000000000000000000000000000000000000000000000000000000000000000000000000000000000000000000000000000000000000000000000000000000000000000000000000000000000000000000000000000000000000000000000000000000000000","PASS"
"case-36","canterbury11","plrabn12.txt","07e2e0b461af78c7c647cb53dab39de560198e16f799b4516eccf0fbd69f764c","huff_reassignment","huffman","reassignment","0","481861","210019","48","48","12","1","258432","8","1536","13492","2","1665114","0","67fc351c60bda461","000000000000000000000e00000d0000000000000000000000001c000000000000190d000d000026001615000f281d000f0f0f0a190f0f0f0f0f23190000001d001c242c2f29252a1e1f2e122f272d202c241e211a1c2722262f2f0e00210000000417130a01111406092e1b0b10050315240807020c18122b160600000000000000000000000000000000000000000000000000000000000000000000000000000000000000000000000000000000000000000000000000000000000000000000000000000000000000000000000000000000000000000000000000000000000000000000000000000000000000000000000000000000000000000000000000","PASS"
"case-36","canterbury11","plrabn12.txt","07e2e0b461af78c7c647cb53dab39de560198e16f799b4516eccf0fbd69f764c","rans_reassignment","rans","reassignment","0","481861","206010","48","48","12","12","245952","8","1536","21964","4","1624536","4","7edc01ca110bc281","000000000000000000000e00000d0000000000000000000000001c0000000000001d260026000026001615000f281d000f101016191b0f0f171123190000001d001c242c2f29252a1e1f2e122f272d202c2e1e211a1c27222618180e00210000000417130a01111406092e1b0b100503152e0807020c18122b160600000000000000000000000000000000000000000000000000000000000000000000000000000000000000000000000000000000000000000000000000000000000000000000000000000000000000000000000000000000000000000000000000000000000000000000000000000000000000000000000000000000000000000000000000","PASS"
"case-36","canterbury11","plrabn12.txt","07e2e0b461af78c7c647cb53dab39de560198e16f799b4516eccf0fbd69f764c","huff_native","huffman","brotli_native_policy","0","481861","209979","64","52","12","1","279968","8","1536","13616","7","1664665","0","48b7fb5394c796b0","0000000000000000000001000002000000000000000000000000030000000000040506000600000604050700080905000a0a0a0b0a050a000a0a050800000005000c0d0e0f101112131400150f1617180e191a1b1c1d161e0613130000000000001f20212223242526270028292a2b2c2d192e2f30311332330b1a00000000000000000000000000000000000000000000000000000000000000000000000000000000000000000000000000000000000000000000000000000000000000000000000000000000000000000000000000000000000000000000000000000000000000000000000000000000000000000000000000000000000000000000000000","PASS"
"case-36","canterbury11","plrabn12.txt","07e2e0b461af78c7c647cb53dab39de560198e16f799b4516eccf0fbd69f764c","rans_native","rans","brotli_native_policy","0","481861","205937","48","48","12","12","245952","8","1536","22176","0","1623744","4","dcd0e192c29a0bd5","00000000000000000000010000020000000000000000000000000300000000000405060006000006040503000708050003030309030503000303050700000005000a0b0c0d0e0f10111200130d1415160c170d18191a141b0611110000000000001c1d1e1f20212223240025262728292a172b2c2d2e11132f090300000000000000000000000000000000000000000000000000000000000000000000000000000000000000000000000000000000000000000000000000000000000000000000000000000000000000000000000000000000000000000000000000000000000000000000000000000000000000000000000000000000000000000000000000","PASS"
"case-36","canterbury11","plrabn12.txt","07e2e0b461af78c7c647cb53dab39de560198e16f799b4516eccf0fbd69f764c","huff_matched","huffman","matched_merge","0","481861","209912","48","45","12","1","242280","8","1536","12696","2","1665054","0","93280f9f08fd395e","0000000000000000000001000000000000000000000000000000000000000000020304000300000402050300030603000707070807030707070703030000000300090a0b0c0d0e0e0c0f10110c1213140b150c1617181219040c0c0100000000001a1b1c081d1e1f2021102223242526271528292a2b0c112c050c00000000000000000000000000000000000000000000000000000000000000000000000000000000000000000000000000000000000000000000000000000000000000000000000000000000000000000000000000000000000000000000000000000000000000000000000000000000000000000000000000000000000000000000000000","PASS"
"case-36","canterbury11","plrabn12.txt","07e2e0b461af78c7c647cb53dab39de560198e16f799b4516eccf0fbd69f764c","rans_matched","rans","matched_merge","0","481861","205791","48","38","12","12","194712","8","1536","18500","4","1626248","4","ed78259a94fb93a5","000000000000000000000100000200000000000000000000000003000000000000040500040000050006030004030400030303070304030303030404000000040008090a0b0c0a0a0b0d090e0f0f0a100a110b1213080f14050b0b01000300000015161718191a1b1c1d091e1f2007112109222324250b0e12060b00000000000000000000000000000000000000000000000000000000000000000000000000000000000000000000000000000000000000000000000000000000000000000000000000000000000000000000000000000000000000000000000000000000000000000000000000000000000000000000000000000000000000000000000000","PASS"
"case-36","canterbury11","plrabn12.txt","07e2e0b461af78c7c647cb53dab39de560198e16f799b4516eccf0fbd69f764c","huff_init_only","huffman","initialization_only","0","481861","210242","64","64","12","1","344576","8","1536","15738","3","1664651","0","14b21b5f5e72e95e","0e0000000000000000000e00000d0000000000000000000000000c000000000000333d00020000263b3a05000f281d003f00080d090b060f0701231900000031001c242c2f29252a1e1f3c3e32272d20300335211a3739220a38041000110000000417130a01111406092e1b0b10050315340807020c18122b163600000000000000000000000000000000000000000000000000000000000000000000000000000000000000000000000000000000000000000000000000000000000000000000000000000000000000000000000000000000000000000000000000000000000000000000000000000000000000000000000000000000000000000000000000","PASS"
"case-36","canterbury11","plrabn12.txt","07e2e0b461af78c7c647cb53dab39de560198e16f799b4516eccf0fbd69f764c","rans_init_only","rans","initialization_only","0","481861","206606","64","64","12","12","327936","8","1536","27806","2","1623464","4","9be0c4f7cb3f9e7d","0e0000000000000000000e00000d0000000000000000000000000c000000000000333d00020000263b3a05000f281d003f00080d090b060f0701231900000031001c242c2f29252a1e1f3c3e32272d20300335211a3739220a38041000110000000417130a01111406092e1b0b10050315340807020c18122b163600000000000000000000000000000000000000000000000000000000000000000000000000000000000000000000000000000000000000000000000000000000000000000000000000000000000000000000000000000000000000000000000000000000000000000000000000000000000000000000000000000000000000000000000000","PASS"
"case-36","canterbury11","plrabn12.txt","07e2e0b461af78c7c647cb53dab39de560198e16f799b4516eccf0fbd69f764c","huff_payload_only","huffman","reassignment","1","481861","210116","64","64","12","1","344576","8","1536","15380","1","1664003","0","496f130c3c2b472e","000000000000000000000e00000d00000000000000000000000000000000000000333d003d0000263b3a05000f281d003f3f3f3a3f0f3f3f3f3f231900000031001c242c2f29252a1e1f3c3e32272d20303435211a3739223938380e00110000000417130a01111406092e1b0b10050315340807020c18122b163600000000000000000000000000000000000000000000000000000000000000000000000000000000000000000000000000000000000000000000000000000000000000000000000000000000000000000000000000000000000000000000000000000000000000000000000000000000000000000000000000000000000000000000000000","PASS"
"case-36","canterbury11","plrabn12.txt","07e2e0b461af78c7c647cb53dab39de560198e16f799b4516eccf0fbd69f764c","rans_payload_only","rans","reassignment","1","481861","206507","64","64","12","12","327936","8","1536","27814","2","1622664","4","998878b0458e29ab","000000000000000000000e00000d00000000000000000000000000000000000000333d003d0000263b3a05000f281d003f3f3f3a3f313f3f3f3f231900000031001c242c2f29252a1e1f3c3e32272d20303435211a3739223938380e00110000000417130a01111406092e1b0b10050315340807020c18122b163600000000000000000000000000000000000000000000000000000000000000000000000000000000000000000000000000000000000000000000000000000000000000000000000000000000000000000000000000000000000000000000000000000000000000000000000000000000000000000000000000000000000000000000000000","PASS"
"case-36","canterbury11","plrabn12.txt","07e2e0b461af78c7c647cb53dab39de560198e16f799b4516eccf0fbd69f764c","rans_estimated_total","rans","reassignment","2","481861","206010","48","48","12","1","245952","8","1536","21964","4","1624536","4","7edc01ca110bc281","000000000000000000000e00000d0000000000000000000000001c0000000000001d260026000026001615000f281d000f101016191b0f0f171123190000001d001c242c2f29252a1e1f2e122f272d202c2e1e211a1c27222618180e00210000000417130a01111406092e1b0b100503152e0807020c18122b160600000000000000000000000000000000000000000000000000000000000000000000000000000000000000000000000000000000000000000000000000000000000000000000000000000000000000000000000000000000000000000000000000000000000000000000000000000000000000000000000000000000000000000000000000","PASS"
"case-36","canterbury11","plrabn12.txt","07e2e0b461af78c7c647cb53dab39de560198e16f799b4516eccf0fbd69f764c","huff_single","huffman","reassignment","0","481861","275670","1","1","1","1","5384","8","0","668","6","2204678","0","96e798f466940dbf","00000000000000000000000000000000000000000000000000000000000000000000000000000000000000000000000000000000000000000000000000000000000000000000000000000000000000000000000000000000000000000000000000000000000000000000000000000000000000000000000000000000000000000000000000000000000000000000000000000000000000000000000000000000000000000000000000000000000000000000000000000000000000000000000000000000000000000000000000000000000000000000000000000000000000000000000000000000000000000000000000000000000000000000000000000000","PASS"
"case-36","canterbury11","plrabn12.txt","07e2e0b461af78c7c647cb53dab39de560198e16f799b4516eccf0fbd69f764c","rans_single","rans_highbits","fixed_reference","0","481861","273385","1","1","1","1","5124","8","0","761","7","2186272","4","72bed0b87e59cb67","00000000000000000000000000000000000000000000000000000000000000000000000000000000000000000000000000000000000000000000000000000000000000000000000000000000000000000000000000000000000000000000000000000000000000000000000000000000000000000000000000000000000000000000000000000000000000000000000000000000000000000000000000000000000000000000000000000000000000000000000000000000000000000000000000000000000000000000000000000000000000000000000000000000000000000000000000000000000000000000000000000000000000000000000000000000","PASS"
"case-36","canterbury11","plrabn12.txt","07e2e0b461af78c7c647cb53dab39de560198e16f799b4516eccf0fbd69f764c","rans_highbits","rans_highbits","fixed_reference","0","481861","212565","256","256","9","9","1311744","8","0","78050","6","1622424","4","6b780d668fb74645","000102030405060708090a0b0c0d0e0f101112131415161718191a1b1c1d1e1f202122232425262728292a2b2c2d2e2f303132333435363738393a3b3c3d3e3f404142434445464748494a4b4c4d4e4f505152535455565758595a5b5c5d5e5f606162636465666768696a6b6c6d6e6f707172737475767778797a7b7c7d7e7f808182838485868788898a8b8c8d8e8f909192939495969798999a9b9c9d9e9fa0a1a2a3a4a5a6a7a8a9aaabacadaeafb0b1b2b3b4b5b6b7b8b9babbbcbdbebfc0c1c2c3c4c5c6c7c8c9cacbcccdcecfd0d1d2d3d4d5d6d7d8d9dadbdcdddedfe0e1e2e3e4e5e6e7e8e9eaebecedeeeff0f1f2f3f4f5f6f7f8f9fafbfcfdfeff","PASS"
"case-36","canterbury11","plrabn12.txt","07e2e0b461af78c7c647cb53dab39de560198e16f799b4516eccf0fbd69f764c","adaptive_order1","adaptive_order1","fixed_reference","0","481861","204546","256","256","1","1","132096","0","0","0","0","0","0","f1abb2bc589cf270","00000000000000000000000000000000000000000000000000000000000000000000000000000000000000000000000000000000000000000000000000000000000000000000000000000000000000000000000000000000000000000000000000000000000000000000000000000000000000000000000000000000000000000000000000000000000000000000000000000000000000000000000000000000000000000000000000000000000000000000000000000000000000000000000000000000000000000000000000000000000000000000000000000000000000000000000000000000000000000000000000000000000000000000000000000000","PASS"
"case-37","canterbury11","ptt5","0ec3a75089bb52342813496b17e51377bc9eba3cb519a444d67025354841d650","huff_reassignment","huffman","reassignment","0","513216","98679","16","16","12","1","86144","8","1024","11106","3","777291","0","6a83651eca080456","000c000a00020504050c000a050c0002000c00040000000a050c0004000c00030004000400000004050000000000000b050a0d040000000a000c000c050c0f030802000400000004000000000700000b000000010000000000010000000a00040504000400000004000000000900000a000c00040000000a050c050a050c0f0b000c0f0a0009060b0e00000e08000e0b090c000c000000000e01000c0500000300000000000000000000000000000000000c000b00000000080c000005080f09000c00040000000b0901000e05000f0b000a0000000000000e0c00010504050b050c0f0405010f040b0100000301090b050c000c05000e04050c0e0c050c0501","PASS"
"case-37","canterbury11","ptt5","0ec3a75089bb52342813496b17e51377bc9eba3cb519a444d67025354841d650","rans_reassignment","rans","reassignment","0","513216","56480","12","12","12","12","61488","8","1024","8312","0","442464","4","9b61b786f7005f37","000a080a080b0604060a000a070b0802080a00040000000a080a0004060a080308040004000000040000000000000004080a080a0000090a080a000a070a070b08040004000000020000000006000004000000010000000000010000000a00040801000a08000004000000000b000002080a000a0000000a070a090a060a090b080a080a0004090406000005060007040905000100000000060100050600070300000000000000000000000000000000000a0004000000000a0a0000060a090b070a080a000007040601000506000904090a000000000000050a000106040604060a070a090107040b01000009010904060a070a0500080a090a070a090a0901","PASS"
"case-37","canterbury11","ptt5","0ec3a75089bb52342813496b17e51377bc9eba3cb519a444d67025354841d650","huff_native","huffman","brotli_native_policy","0","513216","98508","12","12","12","1","64608","8","1024","10926","6","776100","0","fac95c556185ffa9","0001020302030204020100030201000502030004000000030201000602010207000400080000000400000000000000080201090600000203020a000102010207000500040000000400000000030000040000000b00000000000b000000030004000300060200000400000000010000040201000600000006020102010201020902030003020902080200000a02000209020a000100000000020b00010200020900000000000000000000000000000000000a00080000000003010000020a0209020a020600000208070b000a020002090201000000000000070a000b02060209020a0206020b0206000b0000020b0209020a020602000206020a020a020a020b","PASS"
"case-37","canterbury11","ptt5","0ec3a75089bb52342813496b17e51377bc9eba3cb519a444d67025354841d650","rans_native","rans","brotli_native_policy","0","513216","56343","16","16","12","12","81984","8","1024","11172","4","438504","4","d2d64bef8ddd5897","00010203020402050201000302010006020300050000000302010007020108090205000a00000005000000000000000a0201080700000203020b000108010809020600050000000500000000030000050000000c00000000000c00000003000502030007080000050000000001000005020100070000000708010d010d010d0402030003020e0d0a0200000f0200080e020b000f00000000020c00040200080e00000000000000000000000000000000000b000a00000000030f0000080b0d0e020b02070000080a090c000f02000d0e0201000000000000040f000f0207020e020b08070d0c0807000c00000d0c0d0e020b0807020008070d0f080b0d0f0d0c","PASS"
"case-37","canterbury11","ptt5","0ec3a75089bb52342813496b17e51377bc9eba3cb519a444d67025354841d650","huff_matched","huffman","matched_merge","0","513216","98406","12","9","12","1","48456","8","1024","8668","5","777543","0","f180162f7ce4b99f","00010201020102030201000102010004000100030000000102050003020100040003000300000003000000000000000302010006000000010005000102010204000400030000000300000000020000030000000700000000000700000001000302060006000000030000000001000008000100060000000602010201020502010001020100080208020000050200000800050005000000000207000102000208000000000000000000000000000000000005000600000000010500000205000802050006000002080207000502000208000100000000000004050005020602080205000602070006060700000207020802050006080000060205020602050207","PASS"
"case-37","canterbury11","ptt5","0ec3a75089bb52342813496b17e51377bc9eba3cb519a444d67025354841d650","rans_matched","rans","matched_merge","0","513216","56271","12","11","12","12","56364","8","1024","7799","1","441304","4","e379769d769bbc68","000102010203020402010005060100050201000300000001060700040601080502030004000000090000000000000004060108030000050106070001080108050205000400000004000000000000000a000000090000000000090000000500050601000302000004000000000a0000040601000300000003080702010807080a06010003020a020a020000070200080a0207000900000000080900010200080a000000000000000000000000000000000007000300000000020700000007000a060700030000080a090900070200020a050500000000000002070007020a020a0207020302090803030900000209020a02070203020002030207080702070209","PASS"
"case-37","canterbury11","ptt5","0ec3a75089bb52342813496b17e51377bc9eba3cb519a444d67025354841d650","huff_init_only","huffman","initialization_only","0","513216","100618","48","48","12","1","258432","8","1536","31738","6","771656","0","1da08720c6d549d6","000c0c0a0a0b04040b090022032915020d04002d2300001a021d000c2a190e030f1b240500000006250000000000001c052e1d180000262f2c13001b13110f0b080a000700000026000000002700001f000000280000000000290000002a0012010800242b000014000000002c0000272e172d150000001c142f1e0e12061a11082d0027132e25222a00002f01001a1f14000001000000002802000316000021000000000000000000000000000000000415000500000000022b00001206072907241f202000211b0d0700082000101c09210000000000002c16000e22170926061d18170f0a23190b0c0000030d1e230516101811001925091e0e280d2b1001","PASS"
"case-37","canterbury11","ptt5","0ec3a75089bb52342813496b17e51377bc9eba3cb519a444d67025354841d650","rans_init_only","rans","initialization_only","0","513216","58692","48","48","12","12","245952","8","1536","31716","4","436240","4","af425fd6421331eb","000c0c0a0a0b04040b090022032915020d04002d2300001a021d000c2a190e030f1b240500000006250000000000001c052e1d180000262f2c13001b13110f0b080a000700000026000000002700001f000000280000000000290000002a0012010800242b000014000000002c0000272e172d150000001c142f1e0e12061a11082d0027132e25222a00002f01001a1f14000001000000002802000316000021000000000000000000000000000000000415000500000000022b00001206072907241f202000211b0d0700082000101c09210000000000002c16000e22170926061d18170f0a23190b0c0000030d1e230516101811001925091e0e280d2b1001","PASS"
"case-37","canterbury11","ptt5","0ec3a75089bb52342813496b17e51377bc9eba3cb519a444d67025354841d650","huff_payload_only","huffman","reassignment","1","513216","100588","64","64","12","1","344576","8","1536","35012","6","768142","0","7041ec3c534508bd","000c3c0a3a0434043b2d000a330c15023d1d00040000003a321600042a2d0e033f3b0019000000040500000000000004350c3d200000060a2c16002f130c0f0b38020004000000040000000007000004000000010000000000010000000a000c312000193c000004000000000c0000172e0c0d1700000017142f093e12361a11082d38273a2615223100001e38000e1f34160024000000000901003614003021000000000000000000000000000000000018001700000000271e0000121d372907243f2000002e1b1401001e1200121c000c0000000000000b28002b05193926061d0f1705010e191b01000013011a230516301831003925091e13280d2b1001","PASS"
"case-37","canterbury11","ptt5","0ec3a75089bb52342813496b17e51377bc9eba3cb519a444d67025354841d650","rans_payload_only","rans","reassignment","1","513216","59113","64","64","12","12","327936","8","1536","38960","0","432368","4","5f0c10d62419c6cf","000c3c0a3a1134043b2d000a330c15023d2d00040000000a320c00042a0c0e033f3b001900000004000000000000001b352f3d2000002a0a2c16000c130c0f0b381f0004000000040000000014000004000000010000000000010000000a0004312000253c000004000000000c0000172e0c001700000017142f0d3e12361a11082d38273a2609220600001e38000e1f3424002400000000090100361400302100000000000000000000000000000000001d001900000000271e00001228372907242a2000000e1b2d01001e1200121c320c0000000000000b2b002b05193926061d0f170d010e191b01000009011a230516301831003925091e13280d2b1001","PASS"
"case-37","canterbury11","ptt5","0ec3a75089bb52342813496b17e51377bc9eba3cb519a444d67025354841d650","rans_estimated_total","rans","reassignment","2","513216","56505","16","16","12","1","81984","8","1024","10094","2","440880","4","824ee56e03c81933","000c050a05040504050c000a050c0002050c00040000000a050c0004050c0e0305040004000000040000000000000004050a0e0a0000070a050c000c0f0c0f030502000400000004000000000600000b000000010000000000010000000a0004050a000a06000004000000000600000a050c000a0000000a0e0c0d0a0f0c0f0b050c000a000b050b0500000c05000e0b09060001000000000e01000c06000e0b00000000000000000000000000000000000c000a00000000010c00000f0c0f03050c070a00000e0b0601000c06000f0b070c000000000000030c0001060b0f0b050c0f0a08010e0b0b0100000d01090b050c0e0a05000e0a050c090c0d0c0f01","PASS"
"case-37","canterbury11","ptt5","0ec3a75089bb52342813496b17e51377bc9eba3cb519a444d67025354841d650","huff_single","huffman","reassignment","0","513216","106738","1","1","1","1","5384","8","0","1486","3","852407","0","264081a39b57d478","00000000000000000000000000000000000000000000000000000000000000000000000000000000000000000000000000000000000000000000000000000000000000000000000000000000000000000000000000000000000000000000000000000000000000000000000000000000000000000000000000000000000000000000000000000000000000000000000000000000000000000000000000000000000000000000000000000000000000000000000000000000000000000000000000000000000000000000000000000000000000000000000000000000000000000000000000000000000000000000000000000000000000000000000000000000","PASS"
"case-37","canterbury11","ptt5","0ec3a75089bb52342813496b17e51377bc9eba3cb519a444d67025354841d650","rans_single","rans_highbits","fixed_reference","0","513216","79585","1","1","1","1","5124","8","0","739","5","635896","4","f2853f0db9f9def0","00000000000000000000000000000000000000000000000000000000000000000000000000000000000000000000000000000000000000000000000000000000000000000000000000000000000000000000000000000000000000000000000000000000000000000000000000000000000000000000000000000000000000000000000000000000000000000000000000000000000000000000000000000000000000000000000000000000000000000000000000000000000000000000000000000000000000000000000000000000000000000000000000000000000000000000000000000000000000000000000000000000000000000000000000000000","PASS"
"case-37","canterbury11","ptt5","0ec3a75089bb52342813496b17e51377bc9eba3cb519a444d67025354841d650","rans_highbits","rans_highbits","fixed_reference","0","513216","64773","128","128","9","9","655872","8","0","55302","2","462840","4","4f6f5e4b320c4aa6","00000101020203030404050506060707080809090a0a0b0b0c0c0d0d0e0e0f0f10101111121213131414151516161717181819191a1a1b1b1c1c1d1d1e1e1f1f20202121222223232424252526262727282829292a2a2b2b2c2c2d2d2e2e2f2f30303131323233333434353536363737383839393a3a3b3b3c3c3d3d3e3e3f3f40404141424243434444454546464747484849494a4a4b4b4c4c4d4d4e4e4f4f50505151525253535454555556565757585859595a5a5b5b5c5c5d5d5e5e5f5f60606161626263636464656566666767686869696a6a6b6b6c6c6d6d6e6e6f6f70707171727273737474757576767777787879797a7a7b7b7c7c7d7d7e7e7f7f","PASS"
"case-37","canterbury11","ptt5","0ec3a75089bb52342813496b17e51377bc9eba3cb519a444d67025354841d650","adaptive_order1","adaptive_order1","fixed_reference","0","513216","53833","256","256","1","1","132096","0","0","0","0","0","0","f5f70cde49ee06d5","00000000000000000000000000000000000000000000000000000000000000000000000000000000000000000000000000000000000000000000000000000000000000000000000000000000000000000000000000000000000000000000000000000000000000000000000000000000000000000000000000000000000000000000000000000000000000000000000000000000000000000000000000000000000000000000000000000000000000000000000000000000000000000000000000000000000000000000000000000000000000000000000000000000000000000000000000000000000000000000000000000000000000000000000000000000","PASS"
"case-38","canterbury11","sum","ee5733cd76ecc2f9d8ff156adc3c02a7a851051dcf43a2d56ff4ee4ff606bdb3","huff_reassignment","huffman","reassignment","0","38240","21664","16","16","12","1","86144","8","1024","15716","1","156563","0","81ce88fc6ea1ff7e","00000f0000000a00000000000007070000000707000700000c0000070000020f08070f0f000f0008000f0100060b0d050c0b0b010b0b0b060b0b0203000d0708000209040003040907030f0a010a06050108040e010f0a0004030700000707050005030a0e0a080e0403040e0404050d050d0e09010e040a020d040707000708070b0707000f0007070c0707000007070b0d0b0d000a0b0d070707070005070f0007080800080f0f00070700000707070c070c0707070007070700000f0f0708000707070007000707070f0700070707090f090f00070900000f08070c00070f000f000c0007000000070700000f070700070000000f000f0007000700000f02","PASS"
"case-38","canterbury11","sum","ee5733cd76ecc2f9d8ff156adc3c02a7a851051dcf43a2d56ff4ee4ff606bdb3","rans_reassignment","rans","reassignment","0","38240","20999","24","24","12","12","122976","8","1280","18098","6","148568","4","4de33da06c62892d","00100f1010011010101010101017101008000f070f001000101010071010100f0807120f10170710000f0210060b15150c040b110b0404160b04020310050f020002011400130c11170d0f0a060a060d0b0d0606060f0b100d0d100000000f0508150302170a090a1413140e140a120d090d0e0901061717080a170707070702071310100f100f081010080f0f070f10130d130d1017100d10071007100d0f101007080f100f100f00081007100710101017100f1010100f100f0007100f0f020f0f100f1010000f07070f10070f0710110f110f110f1107000f020710070f0f1007100c10070000100f0700100f100f10070710100f0f0f10100f0710100f02","PASS"
"case-38","canterbury11","sum","ee5733cd76ecc2f9d8ff156adc3c02a7a851051dcf43a2d56ff4ee4ff606bdb3","huff_native","huffman","brotli_native_policy","0","38240","20377","32","32","12","1","172288","8","1280","16386","1","145341","0","aea936f380a47cd3","0001010101010101010101010101010101000100010001000101010101010102020103010101010100010401050406030708090a09080b0c0d08040e000f0101101111110011111101110101111111111101111111110101110101001012011302140315121603171218150619191a1b1c03061d1e1f1215171b12101010010110030101010101020001010101100101010d0101010101010110011001030101010102010102010100010110000101010101010101010101010100100101011501010101010100030001010100010101020101010101011000010101011001010101010701100000000101000101010101101001010101010110010101010101","PASS"
"case-38","canterbury11","sum","ee5733cd76ecc2f9d8ff156adc3c02a7a851051dcf43a2d56ff4ee4ff606bdb3","rans_native","rans","brotli_native_policy","0","38240","20542","32","32","12","12","163968","8","1280","19762","6","143248","4","beaa435936119831","0001010101010101010101010101010101000100010001000101010101010102020103010101010100010401050406030708090a09080b0c0d08040e000f0101101111110011111101110101111111111101111111110101110101001012011302140315121603171218150619191a1b1c03061d1e1f1215171b12101010010110030101010101020001010101100101010d0101010101010110011001030101010102010102010100010110000101010101010101010101010100100101011501010101010100030001010100010101020101010101011000010101011001010101010701100000000101000101010101101001010101010110010101010101","PASS"
"case-38","canterbury11","sum","ee5733cd76ecc2f9d8ff156adc3c02a7a851051dcf43a2d56ff4ee4ff606bdb3","huff_matched","huffman","matched_merge","0","38240","20161","32","32","12","1","172288","8","1280","16336","6","143658","0","931b9092cce2d950","00010101010101010101010101010101010002000300010301010101010101010401010101010101000105010604040708090a0b0a090a0c0a09050d030e0301030f0f0f000f0f0f0f0f010f0f0f0f0f0f0f0f0f0f0f0f010f0f03000303031003111212131412151316131713130718070217191a171318071513030303031b1c1d03030303030303010203030303031e0f1e0f1e0f1e0f1e031e03030203011e1d1e031e151e1e031e01001e0303031e031e0303030303030300000103031b0302031e03031f1e03030303030303031f021f021f031f0003031b03030303030301030203030300030303000303030303030303030303010303030303010301","PASS"
"case-38","canterbury11","sum","ee5733cd76ecc2f9d8ff156adc3c02a7a851051dcf43a2d56ff4ee4ff606bdb3","rans_matched","rans","matched_merge","0","38240","20186","24","22","12","12","112728","8","1280","14686","2","145480","4","62c4f5a7c3fb91ec","000101010101010101010101010101010202010201020302010101010101020104020101010101010202040105040404060707080707070907070a0b020c0201020d0d0d020d0d0d020d030d0d0d0d0d0d0d0d0d0d0d0d020d0d02020208020e040f101110121011100f100e10100e0f0e0e1313130f100e110e1002021402011415020201010301020102020214010203010301030203010202030202150201030203020303030302020114030201010301030201010302010200140101020101020102010215150202010202020202150115011502151402010102011402010101011502020200010202000101020101021402020101010201010201010101","PASS"
"case-38","canterbury11","sum","ee5733cd76ecc2f9d8ff156adc3c02a7a851051dcf43a2d56ff4ee4ff606bdb3","huff_init_only","huffman","initialization_only","0","38240","23354","64","64","12","1","344576","8","1536","42764","0","142524","0","14483de63818f543","00100f2523313a01301f002506371a12202627052c18300f3c210017311d023b0837020d3e2f10381a3c0d18063b2d380c040b111b2a19161f2e0203281d3120242239041803141907133a32112a2615092a240e3d2f331c3d052b0c191d24051015331a170a281c361332171422120d21330e09011e34033f393e063a280d11071b0e0708343b0f1b2c101e2c29083c2b2d0a3d1e09152d3f1f20350e0511251201352e233a2e21042026121c3e362a1c27213b0b283f130600332b0f0114080b2222020c2c2d073738033c232e34232935163d2915131634243e172736372f0c1e1f090a2504181d383900351930262b32391a142f1b30360a0b3116292732","PASS"
"case-38","canterbury11","sum","ee5733cd76ecc2f9d8ff156adc3c02a7a851051dcf43a2d56ff4ee4ff606bdb3","rans_init_only","rans","initialization_only","0","38240","22724","32","32","12","12","163968","8","1280","26284","4","154184","4","9d66476eb2f033af","00100f0503111a01101f000506171a12000607050c18100f1c010017111d021b0817020d1e0f10181a1c0d18061b0d180c040b111b0a19161f0e0203081d1100040219041803141907131a12110a0615090a040e1d0f131c1d050b0c191d04051015131a170a081c161312171402120d01130e09011e14031f191e061a080d11071b0e0708141b0f1b0c101e0c09081c0b0d0a1d1e09150d1f1f00150e0511051201150e031a0e01040006121c1e160a1c07011b0b081f130600130b0f0114080b0202020c0c0d071718031c030e14030915161d0915131614041e170716170f0c1e1f090a0504181d181900151910060b12191a140f1b10160a0b1116090712","PASS"
"case-38","canterbury11","sum","ee5733cd76ecc2f9d8ff156adc3c02a7a851051dcf43a2d56ff4ee4ff606bdb3","huff_payload_only","huffman","reassignment","1","38240","22124","64","64","12","1","344576","8","1536","37798","1","137649","0","7193fc4ca3882911","00100f2523313a00302310251037231020262723001830233c1010233125253b083702003e2f23381a3c2e18063b2d380c040b111b2a19161f2e0203001d2020242239041803141907133a32112a26150918240e3d2f33253d182018232720050015331a170a281c361336171422120d21330e09011e34093f39222020002020071b262608100024232c20203f0027202b2d2b2d2b2d2b2d262020200005232500373520233a2e10002026002b2627302b272b20102726203c2700002c0f2008002020232b2700072623103a002720232935292729202900002320202700200f003725273020000000232300350f26202b20003000103630362730232c292732","PASS"
"case-38","canterbury11","sum","ee5733cd76ecc2f9d8ff156adc3c02a7a851051dcf43a2d56ff4ee4ff606bdb3","rans_payload_only","rans","reassignment","1","38240","22148","64","64","12","12","327936","8","1536","40258","6","135344","4","8ae74d85bd458dd5","00100f2523313a103023102510372310202627002c1830003c1010233125253b083702103e2f3a381a3c2e10063b2d380c040b111b2a19161f2e0203301d2020242239041803141907133a32112a26150918240e3d2f33253d242018302720051015331a170a281c361336171422120d21330e09011e34093f39222626182020071b262608233b24242c20203c1827202b2d2b2d2b2d2b2d2626202623053e251037352023352e353c202018302627302b272b2010273f203c2700182c10200810203023103010232630103a302720302935292729302918003c20302c18303e103725273026100010233000351020201026183010103030363030302c292732","PASS"
"case-38","canterbury11","sum","ee5733cd76ecc2f9d8ff156adc3c02a7a851051dcf43a2d56ff4ee4ff606bdb3","rans_estimated_total","rans","reassignment","2","38240","20999","24","24","12","1","122976","8","1280","18098","6","148568","4","4de33da06c62892d","00100f1010011010101010101017101008000f070f001000101010071010100f0807120f10170710000f0210060b15150c040b110b0404160b04020310050f020002011400130c11170d0f0a060a060d0b0d0606060f0b100d0d100000000f0508150302170a090a1413140e140a120d090d0e0901061717080a170707070702071310100f100f081010080f0f070f10130d130d1017100d10071007100d0f101007080f100f100f00081007100710101017100f1010100f100f0007100f0f020f0f100f1010000f07070f10070f0710110f110f110f1107000f020710070f0f1007100c10070000100f0700100f100f10070710100f0f0f10100f0710100f02","PASS"
"case-38","canterbury11","sum","ee5733cd76ecc2f9d8ff156adc3c02a7a851051dcf43a2d56ff4ee4ff606bdb3","huff_single","huffman","reassignment","0","38240","25839","1","1","1","1","5384","8","0","1544","1","205159","0","f09d2066d8e54f98","00000000000000000000000000000000000000000000000000000000000000000000000000000000000000000000000000000000000000000000000000000000000000000000000000000000000000000000000000000000000000000000000000000000000000000000000000000000000000000000000000000000000000000000000000000000000000000000000000000000000000000000000000000000000000000000000000000000000000000000000000000000000000000000000000000000000000000000000000000000000000000000000000000000000000000000000000000000000000000000000000000000000000000000000000000000","PASS"
"case-38","canterbury11","sum","ee5733cd76ecc2f9d8ff156adc3c02a7a851051dcf43a2d56ff4ee4ff606bdb3","rans_single","rans_highbits","fixed_reference","0","38240","25676","1","1","1","1","5124","8","0","1337","7","204024","4","1cc1daae376de2ba","00000000000000000000000000000000000000000000000000000000000000000000000000000000000000000000000000000000000000000000000000000000000000000000000000000000000000000000000000000000000000000000000000000000000000000000000000000000000000000000000000000000000000000000000000000000000000000000000000000000000000000000000000000000000000000000000000000000000000000000000000000000000000000000000000000000000000000000000000000000000000000000000000000000000000000000000000000000000000000000000000000000000000000000000000000000","PASS"
"case-38","canterbury11","sum","ee5733cd76ecc2f9d8ff156adc3c02a7a851051dcf43a2d56ff4ee4ff606bdb3","rans_highbits","rans_highbits","fixed_reference","0","38240","21636","16","16","9","9","81984","8","0","12420","4","160624","4","598ed852b3f03d60","000000000000000000000000000000000101010101010101010101010101010102020202020202020202020202020202030303030303030303030303030303030404040404040404040404040404040405050505050505050505050505050505060606060606060606060606060606060707070707070707070707070707070708080808080808080808080808080808090909090909090909090909090909090a0a0a0a0a0a0a0a0a0a0a0a0a0a0a0a0b0b0b0b0b0b0b0b0b0b0b0b0b0b0b0b0c0c0c0c0c0c0c0c0c0c0c0c0c0c0c0c0d0d0d0d0d0d0d0d0d0d0d0d0d0d0d0d0e0e0e0e0e0e0e0e0e0e0e0e0e0e0e0e0f0f0f0f0f0f0f0f0f0f0f0f0f0f0f0f","PASS"
"case-38","canterbury11","sum","ee5733cd76ecc2f9d8ff156adc3c02a7a851051dcf43a2d56ff4ee4ff606bdb3","adaptive_order1","adaptive_order1","fixed_reference","0","38240","18466","256","256","1","1","132096","0","0","0","0","0","0","b305b64ecc89a06f","00000000000000000000000000000000000000000000000000000000000000000000000000000000000000000000000000000000000000000000000000000000000000000000000000000000000000000000000000000000000000000000000000000000000000000000000000000000000000000000000000000000000000000000000000000000000000000000000000000000000000000000000000000000000000000000000000000000000000000000000000000000000000000000000000000000000000000000000000000000000000000000000000000000000000000000000000000000000000000000000000000000000000000000000000000000","PASS"
"case-39","canterbury11","xargs.1","c58aeb5d2d1e12751d47e7412b45784405fc30a5671b03d480fa05776e183619","huff_reassignment","huffman","reassignment","0","4227","2667","3","3","12","1","16152","8","512","1810","1","19005","0","cb970b3f352ba6e2","02000000000000000000020000000000000000000000000000000000000000000000020000000002000201000200020001010002020202020000020200000000000001020202020202020000020202020200020202010000020100000102000000000001020102010200000100000100000101020200020201020201000000000000000000000000000000000000000000000000000000000000000000000000000000000000000000000000000000000000000000000000000000000000000000000000000000000000000000000000000000000000000000000000000000000000000000000000000000000000000000000000000000000000000000000000","PASS"
"case-39","canterbury11","xargs.1","c58aeb5d2d1e12751d47e7412b45784405fc30a5671b03d480fa05776e183619","rans_reassignment","rans","reassignment","0","4227","2694","1","1","12","12","5124","8","0","793","7","20712","4","92d37210ecee512e","00000000000000000000000000000000000000000000000000000000000000000000000000000000000000000000000000000000000000000000000000000000000000000000000000000000000000000000000000000000000000000000000000000000000000000000000000000000000000000000000000000000000000000000000000000000000000000000000000000000000000000000000000000000000000000000000000000000000000000000000000000000000000000000000000000000000000000000000000000000000000000000000000000000000000000000000000000000000000000000000000000000000000000000000000000000","PASS"
"case-39","canterbury11","xargs.1","c58aeb5d2d1e12751d47e7412b45784405fc30a5671b03d480fa05776e183619","huff_native","huffman","brotli_native_policy","0","4227","2615","4","4","12","1","21536","8","512","1562","7","18831","0","e880aa828945a129","00000000000000000000000000000000000000000000000000000000000000000000010000000000000002000100010300000001010001010000010100030000000000010000030001000000000000000100000001000000000000000201000002000000000001000300000003030000000000000300030303000300000000000000000000000000000000000000000000000000000000000000000000000000000000000000000000000000000000000000000000000000000000000000000000000000000000000000000000000000000000000000000000000000000000000000000000000000000000000000000000000000000000000000000000000000","PASS"
"case-39","canterbury11","xargs.1","c58aeb5d2d1e12751d47e7412b45784405fc30a5671b03d480fa05776e183619","rans_native","rans","brotli_native_policy","0","4227","2684","4","4","12","12","20496","8","512","2228","4","18688","4","dbc95a44d6951bff","00000000000000000000000000000000000000000000000000000000000000000000010000000000000002000100010300000001010001010000010100030000000000010000030001000000000000000100000001000000000000000201000002000000000001000300000003030000000000000300030303000300000000000000000000000000000000000000000000000000000000000000000000000000000000000000000000000000000000000000000000000000000000000000000000000000000000000000000000000000000000000000000000000000000000000000000000000000000000000000000000000000000000000000000000000000","PASS"
"case-39","canterbury11","xargs.1","c58aeb5d2d1e12751d47e7412b45784405fc30a5671b03d480fa05776e183619","huff_matched","huffman","matched_merge","0","4227","2568","8","8","12","1","43072","8","768","2506","4","17258","0","6bc12d2c733369b2","00000000000000000000000000000000000000000000000000000000000000000000010000000001000102000100030405010001010101010000010100060000000000030000040001000000010000000100060003060000000000000201000200070505050603050400000505040506050505050500040505010400000200000000000000000000000000000000000000000000000000000000000000000000000000000000000000000000000000000000000000000000000000000000000000000000000000000000000000000000000000000000000000000000000000000000000000000000000000000000000000000000000000000000000000000000","PASS"
"case-39","canterbury11","xargs.1","c58aeb5d2d1e12751d47e7412b45784405fc30a5671b03d480fa05776e183619","rans_matched","rans","matched_merge","0","4227","2657","4","4","12","12","20496","8","512","2352","0","18352","4","bbda283715c835c9","00000000000000000000010000000000000000000000000000000000000000000100000000000000010002000001000101000100000000000000000000030000000101000000010100030000000001010000000000030000010100010200000101030101000300000103000101010103010001010103010101000101000100000000000000000000000000000000000000000000000000000000000000000000000000000000000000000000000000000000000000000000000000000000000000000000000000000000000000000000000000000000000000000000000000000000000000000000000000000000000000000000000000000000000000000000","PASS"
"case-39","canterbury11","xargs.1","c58aeb5d2d1e12751d47e7412b45784405fc30a5671b03d480fa05776e183619","huff_init_only","huffman","initialization_only","0","4227","2687","1","1","12","1","5384","8","0","668","7","20813","0","be14fa6b9862f608","00000000000000000000000000000000000000000000000000000000000000000000000000000000000000000000000000000000000000000000000000000000000000000000000000000000000000000000000000000000000000000000000000000000000000000000000000000000000000000000000000000000000000000000000000000000000000000000000000000000000000000000000000000000000000000000000000000000000000000000000000000000000000000000000000000000000000000000000000000000000000000000000000000000000000000000000000000000000000000000000000000000000000000000000000000000","PASS"
"case-39","canterbury11","xargs.1","c58aeb5d2d1e12751d47e7412b45784405fc30a5671b03d480fa05776e183619","rans_init_only","rans","initialization_only","0","4227","2694","1","1","12","12","5124","8","0","793","7","20712","4","92d37210ecee512e","00000000000000000000000000000000000000000000000000000000000000000000000000000000000000000000000000000000000000000000000000000000000000000000000000000000000000000000000000000000000000000000000000000000000000000000000000000000000000000000000000000000000000000000000000000000000000000000000000000000000000000000000000000000000000000000000000000000000000000000000000000000000000000000000000000000000000000000000000000000000000000000000000000000000000000000000000000000000000000000000000000000000000000000000000000000","PASS"
"case-39","canterbury11","xargs.1","c58aeb5d2d1e12751d47e7412b45784405fc30a5671b03d480fa05776e183619","huff_payload_only","huffman","reassignment","1","4227","3156","64","64","12","1","344576","8","1536","9916","7","13781","0","7af631ca23d5f10b","3f0000000000000000000e00000000000000000000000000000000000000000000001a000000003528293a001b09133b2d222a0f0f2f0f0f00001a3600270000003325333c30373831170000323c2b2e1d001f23202c00002b3d00180a19000a39031c100f010b16110600240c0d0408143407050212261e15213e09000a00000000000000000000000000000000000000000000000000000000000000000000000000000000000000000000000000000000000000000000000000000000000000000000000000000000000000000000000000000000000000000000000000000000000000000000000000000000000000000000000000000000000000000000","PASS"
"case-39","canterbury11","xargs.1","c58aeb5d2d1e12751d47e7412b45784405fc30a5671b03d480fa05776e183619","rans_payload_only","rans","reassignment","1","4227","4957","64","64","12","12","327936","8","1536","24560","0","13520","4","3f223ad4aaf899c1","3f0000000000000000000e00000000000000000000000000000000000000000000001a000000003528293a001b09133b2d222a31312f31310000363600270000003325333c30373831170000323c2b2e1d001f23202c00002b3d00180a19002d39031c100f010b16110600240c0d0408143407050212261e15213e09002d00000000000000000000000000000000000000000000000000000000000000000000000000000000000000000000000000000000000000000000000000000000000000000000000000000000000000000000000000000000000000000000000000000000000000000000000000000000000000000000000000000000000000000000","PASS"
"case-39","canterbury11","xargs.1","c58aeb5d2d1e12751d47e7412b45784405fc30a5671b03d480fa05776e183619","rans_estimated_total","rans","reassignment","2","4227","2694","1","1","12","1","5124","8","0","793","7","20712","4","92d37210ecee512e","00000000000000000000000000000000000000000000000000000000000000000000000000000000000000000000000000000000000000000000000000000000000000000000000000000000000000000000000000000000000000000000000000000000000000000000000000000000000000000000000000000000000000000000000000000000000000000000000000000000000000000000000000000000000000000000000000000000000000000000000000000000000000000000000000000000000000000000000000000000000000000000000000000000000000000000000000000000000000000000000000000000000000000000000000000000","PASS"
"case-39","canterbury11","xargs.1","c58aeb5d2d1e12751d47e7412b45784405fc30a5671b03d480fa05776e183619","huff_single","huffman","reassignment","0","4227","2687","1","1","1","1","5384","8","0","668","7","20813","0","be14fa6b9862f608","00000000000000000000000000000000000000000000000000000000000000000000000000000000000000000000000000000000000000000000000000000000000000000000000000000000000000000000000000000000000000000000000000000000000000000000000000000000000000000000000000000000000000000000000000000000000000000000000000000000000000000000000000000000000000000000000000000000000000000000000000000000000000000000000000000000000000000000000000000000000000000000000000000000000000000000000000000000000000000000000000000000000000000000000000000000","PASS"
"case-39","canterbury11","xargs.1","c58aeb5d2d1e12751d47e7412b45784405fc30a5671b03d480fa05776e183619","rans_single","rans_highbits","fixed_reference","0","4227","2694","1","1","1","1","5124","8","0","793","7","20712","4","1faff5f8feb1162b","00000000000000000000000000000000000000000000000000000000000000000000000000000000000000000000000000000000000000000000000000000000000000000000000000000000000000000000000000000000000000000000000000000000000000000000000000000000000000000000000000000000000000000000000000000000000000000000000000000000000000000000000000000000000000000000000000000000000000000000000000000000000000000000000000000000000000000000000000000000000000000000000000000000000000000000000000000000000000000000000000000000000000000000000000000000","PASS"
"case-39","canterbury11","xargs.1","c58aeb5d2d1e12751d47e7412b45784405fc30a5671b03d480fa05776e183619","rans_highbits","rans_highbits","fixed_reference","0","4227","2694","1","1","9","9","5124","8","0","793","7","20712","4","1faff5f8feb1162b","00000000000000000000000000000000000000000000000000000000000000000000000000000000000000000000000000000000000000000000000000000000000000000000000000000000000000000000000000000000000000000000000000000000000000000000000000000000000000000000000000000000000000000000000000000000000000000000000000000000000000000000000000000000000000000000000000000000000000000000000000000000000000000000000000000000000000000000000000000000000000000000000000000000000000000000000000000000000000000000000000000000000000000000000000000000","PASS"
"case-39","canterbury11","xargs.1","c58aeb5d2d1e12751d47e7412b45784405fc30a5671b03d480fa05776e183619","adaptive_order1","adaptive_order1","fixed_reference","0","4227","2242","256","256","1","1","132096","0","0","0","0","0","0","3929b893b1b743b6","00000000000000000000000000000000000000000000000000000000000000000000000000000000000000000000000000000000000000000000000000000000000000000000000000000000000000000000000000000000000000000000000000000000000000000000000000000000000000000000000000000000000000000000000000000000000000000000000000000000000000000000000000000000000000000000000000000000000000000000000000000000000000000000000000000000000000000000000000000000000000000000000000000000000000000000000000000000000000000000000000000000000000000000000000000000","PASS"
"case-40","silesia","dickens","b24c37886142e11d0ee687db6ab06f936207aa7f2ea1fd1d9a36763c7a507e6a","huff_reassignment","huffman","reassignment","0","10192446","4549863","64","64","12","1","344576","8","1536","26988","5","36370367","0","f5f803467b40f9fe","3f0000000000000000210d00000e0000000000000000000000000000000000000024200e0e0a2719393a3f18101d182f0e0e0e0e0e0e0e0e0e0e38211f3d202b0c2329262a2c3533251c373b321e2f312e2934221f3d3e282c36340e00180024200317120a0113140706301b0b0f0504162d0908020c1a1127153c0e000a2400000000350000002a270005000000000000000000000000000000000000000000000000000000000000000000000000000000000000000000000000000000000000000000000000000000000000000000000000000000000000000000000000000000000000000000000000000000000000000000000000000000000000000000","PASS"
"case-40","silesia","dickens","b24c37886142e11d0ee687db6ab06f936207aa7f2ea1fd1d9a36763c7a507e6a","rans_reassignment","rans","reassignment","0","10192446","4474012","64","64","12","12","327936","8","1536","33110","2","35757408","4","166f1640167302f7","3f0000000000000000210d00000e0000000000000000000000000000000000000024201419212719393a3f38101d180f0a0a0a0a0a0a0a0a0a0a38211f3d202b0c2329262a2c3533251c373b321e2f312e2d34221f3d3e282c3634000038003f200317120a0113140706301b0b0f0504162d0908020c1a1127153c2700213f000000003500000036270005000000000000000000000000000000000000000000000000000000000000000000000000000000000000000000000000000000000000000000000000000000000000000000000000000000000000000000000000000000000000000000000000000000000000000000000000000000000000000000","PASS"
"case-40","silesia","dickens","b24c37886142e11d0ee687db6ab06f936207aa7f2ea1fd1d9a36763c7a507e6a","huff_native","huffman","brotli_native_policy","0","10192446","4549744","64","64","12","1","344576","8","1536","26836","4","36369568","0","7f5f6a327920f1e5","00000000000000000001020000030000000000000000000000000000000000000405060000010708090a000b0c0d0e0f000000000000000000000b0110110612131415161718191a1b1c1d1e1f20212223240f251011262700280f00000b000506292a2b2c2d2e2f30313233343536373824393a3b133c3d073e3f00000100000000001900000028070036000000000000000000000000000000000000000000000000000000000000000000000000000000000000000000000000000000000000000000000000000000000000000000000000000000000000000000000000000000000000000000000000000000000000000000000000000000000000000000","PASS"
"case-40","silesia","dickens","b24c37886142e11d0ee687db6ab06f936207aa7f2ea1fd1d9a36763c7a507e6a","rans_native","rans","brotli_native_policy","0","10192446","4472287","64","64","12","12","327936","8","1536","33290","6","35743424","4","f63b878e251b0e6f","00000000000000000001020000030000000000000000000000000000000000000405060000010708090a000b0c0d0e0f000000000000000000000b0110110612131415161718191a1b1c1d1e1f20212223240f251011262700280f00000b000506292a2b2c2d2e2f30313233343536373824393a3b133c3d073e3f00000100000000001900000028070036000000000000000000000000000000000000000000000000000000000000000000000000000000000000000000000000000000000000000000000000000000000000000000000000000000000000000000000000000000000000000000000000000000000000000000000000000000000000000000","PASS"
"case-40","silesia","dickens","b24c37886142e11d0ee687db6ab06f936207aa7f2ea1fd1d9a36763c7a507e6a","huff_matched","huffman","matched_merge","0","10192446","4549277","64","64","12","1","344576","8","1536","27460","3","36365209","0","81bb109b812a9fa0","000000000000000000010200000300000000000000000000000000000000000004050607030108090a0100060b0c0d0e0f0707070707070707070d0d1011060512131415161718191a1b1c1d1e1f20212223242510110e2627282403000d002327292a2b2c2d2e2f30313233343536373823393a3b123c3d083e3f07000123000000001800000016230036000000000000000000000000000000000000000000000000000000000000000000000000000000000000000000000000000000000000000000000000000000000000000000000000000000000000000000000000000000000000000000000000000000000000000000000000000000000000000000","PASS"
"case-40","silesia","dickens","b24c37886142e11d0ee687db6ab06f936207aa7f2ea1fd1d9a36763c7a507e6a","rans_matched","rans","matched_merge","0","10192446","4472155","64","64","12","12","327936","8","1536","33622","2","35742040","4","37d8062e2e2d2fa6","0000000000000000000102000003000000000000000000000000000000000000040506070708090a0b0c000d0e0f101112070707070707070707100113140d050915161718191a1b1c1d1e1f2021112223242526271428130029250000100005002a2b2c0d2d082e2f3031323334350936243738393a3b3c3d3e3f1200010d000000001a0000001c3d0015000000000000000000000000000000000000000000000000000000000000000000000000000000000000000000000000000000000000000000000000000000000000000000000000000000000000000000000000000000000000000000000000000000000000000000000000000000000000000000","PASS"
"case-40","silesia","dickens","b24c37886142e11d0ee687db6ab06f936207aa7f2ea1fd1d9a36763c7a507e6a","huff_init_only","huffman","initialization_only","0","10192446","4553447","64","64","12","1","344576","8","1536","27796","2","36398234","0","134a3fa36285cdb6","200000000000000000210d00000e0000000000000000000000000000000000000024201419111319393a3f1b101d180f010306090a0c0d0e0b0838211a15172b102329262a2c3533251c373b321e2f312e0234221f3d3e280436120700050018000317120a0113140706301b0b0f0504162d0908020c1a1127153c1d001e16000000001c0000001f220023000000000000000000000000000000000000000000000000000000000000000000000000000000000000000000000000000000000000000000000000000000000000000000000000000000000000000000000000000000000000000000000000000000000000000000000000000000000000000000","PASS"
"case-40","silesia","dickens","b24c37886142e11d0ee687db6ab06f936207aa7f2ea1fd1d9a36763c7a507e6a","rans_init_only","rans","initialization_only","0","10192446","4477591","64","64","12","12","327936","8","1536","33294","2","35785856","4","aaff866edd32065b","200000000000000000210d00000e0000000000000000000000000000000000000024201419111319393a3f1b101d180f010306090a0c0d0e0b0838211a15172b102329262a2c3533251c373b321e2f312e0234221f3d3e280436120700050018000317120a0113140706301b0b0f0504162d0908020c1a1127153c1d001e16000000001c0000001f220023000000000000000000000000000000000000000000000000000000000000000000000000000000000000000000000000000000000000000000000000000000000000000000000000000000000000000000000000000000000000000000000000000000000000000000000000000000000000000000","PASS"
"case-40","silesia","dickens","b24c37886142e11d0ee687db6ab06f936207aa7f2ea1fd1d9a36763c7a507e6a","huff_payload_only","huffman","reassignment","1","10192446","4549863","64","64","12","1","344576","8","1536","26988","5","36370367","0","f5f803467b40f9fe","3f0000000000000000210d00000e0000000000000000000000000000000000000024200e0e0a2719393a3f18101d182f0e0e0e0e0e0e0e0e0e0e38211f3d202b0c2329262a2c3533251c373b321e2f312e2934221f3d3e282c36340e00180024200317120a0113140706301b0b0f0504162d0908020c1a1127153c0e000a2400000000350000002a270005000000000000000000000000000000000000000000000000000000000000000000000000000000000000000000000000000000000000000000000000000000000000000000000000000000000000000000000000000000000000000000000000000000000000000000000000000000000000000000","PASS"
"case-40","silesia","dickens","b24c37886142e11d0ee687db6ab06f936207aa7f2ea1fd1d9a36763c7a507e6a","rans_payload_only","rans","reassignment","1","10192446","4474012","64","64","12","12","327936","8","1536","33110","2","35757408","4","166f1640167302f7","3f0000000000000000210d00000e0000000000000000000000000000000000000024201419212719393a3f38101d180f0a0a0a0a0a0a0a0a0a0a38211f3d202b0c2329262a2c3533251c373b321e2f312e2d34221f3d3e282c3634000038003f200317120a0113140706301b0b0f0504162d0908020c1a1127153c2700213f000000003500000036270005000000000000000000000000000000000000000000000000000000000000000000000000000000000000000000000000000000000000000000000000000000000000000000000000000000000000000000000000000000000000000000000000000000000000000000000000000000000000000000","PASS"
"case-40","silesia","dickens","b24c37886142e11d0ee687db6ab06f936207aa7f2ea1fd1d9a36763c7a507e6a","rans_estimated_total","rans","reassignment","2","10192446","4474012","64","64","12","1","327936","8","1536","33110","2","35757408","4","166f1640167302f7","3f0000000000000000210d00000e0000000000000000000000000000000000000024201419212719393a3f38101d180f0a0a0a0a0a0a0a0a0a0a38211f3d202b0c2329262a2c3533251c373b321e2f312e2d34221f3d3e282c3634000038003f200317120a0113140706301b0b0f0504162d0908020c1a1127153c2700213f000000003500000036270005000000000000000000000000000000000000000000000000000000000000000000000000000000000000000000000000000000000000000000000000000000000000000000000000000000000000000000000000000000000000000000000000000000000000000000000000000000000000000000","PASS"
"case-40","silesia","dickens","b24c37886142e11d0ee687db6ab06f936207aa7f2ea1fd1d9a36763c7a507e6a","huff_single","huffman","reassignment","0","10192446","5826017","1","1","1","1","5384","8","0","754","6","46607368","0","3356136aa9050174","00000000000000000000000000000000000000000000000000000000000000000000000000000000000000000000000000000000000000000000000000000000000000000000000000000000000000000000000000000000000000000000000000000000000000000000000000000000000000000000000000000000000000000000000000000000000000000000000000000000000000000000000000000000000000000000000000000000000000000000000000000000000000000000000000000000000000000000000000000000000000000000000000000000000000000000000000000000000000000000000000000000000000000000000000000000","PASS"
"case-40","silesia","dickens","b24c37886142e11d0ee687db6ab06f936207aa7f2ea1fd1d9a36763c7a507e6a","rans_single","rans_highbits","fixed_reference","0","10192446","5789090","1","1","1","1","5124","8","0","795","5","46311880","4","d83cd78b3825b45a","00000000000000000000000000000000000000000000000000000000000000000000000000000000000000000000000000000000000000000000000000000000000000000000000000000000000000000000000000000000000000000000000000000000000000000000000000000000000000000000000000000000000000000000000000000000000000000000000000000000000000000000000000000000000000000000000000000000000000000000000000000000000000000000000000000000000000000000000000000000000000000000000000000000000000000000000000000000000000000000000000000000000000000000000000000000","PASS"
"case-40","silesia","dickens","b24c37886142e11d0ee687db6ab06f936207aa7f2ea1fd1d9a36763c7a507e6a","rans_highbits","rans_highbits","fixed_reference","0","10192446","4477894","256","256","9","9","1311744","8","0","86632","0","35736480","4","4254f3bcec2fdf30","000102030405060708090a0b0c0d0e0f101112131415161718191a1b1c1d1e1f202122232425262728292a2b2c2d2e2f303132333435363738393a3b3c3d3e3f404142434445464748494a4b4c4d4e4f505152535455565758595a5b5c5d5e5f606162636465666768696a6b6c6d6e6f707172737475767778797a7b7c7d7e7f808182838485868788898a8b8c8d8e8f909192939495969798999a9b9c9d9e9fa0a1a2a3a4a5a6a7a8a9aaabacadaeafb0b1b2b3b4b5b6b7b8b9babbbcbdbebfc0c1c2c3c4c5c6c7c8c9cacbcccdcecfd0d1d2d3d4d5d6d7d8d9dadbdcdddedfe0e1e2e3e4e5e6e7e8e9eaebecedeeeff0f1f2f3f4f5f6f7f8f9fafbfcfdfeff","PASS"
"case-40","silesia","dickens","b24c37886142e11d0ee687db6ab06f936207aa7f2ea1fd1d9a36763c7a507e6a","adaptive_order1","adaptive_order1","fixed_reference","0","10192446","4427378","256","256","1","1","132096","0","0","0","0","0","0","897a0c8b996021b2","00000000000000000000000000000000000000000000000000000000000000000000000000000000000000000000000000000000000000000000000000000000000000000000000000000000000000000000000000000000000000000000000000000000000000000000000000000000000000000000000000000000000000000000000000000000000000000000000000000000000000000000000000000000000000000000000000000000000000000000000000000000000000000000000000000000000000000000000000000000000000000000000000000000000000000000000000000000000000000000000000000000000000000000000000000000","PASS"
"case-41","silesia","mozilla","657fc3764b0c75ac9de9623125705831ebbfbe08fed248df73bc2dc66e2a963b","huff_reassignment","huffman","reassignment","0","51220480","31166081","64","64","12","1","344576","8","1536","98304","3","249228797","0","626d6c6c24e71ce2","00080b0205361d1d1d11113d3d3d3d3f11243d3d3d3d3f3f1d3f3d3d3f311c2404311607252b2b0d1d2a31312b290412282d2d320f32323228322b2b26312a3303202b2c3232320636382b2b1e193738262b19190f3637372e2b2b172b3127153321302c300a30192c1e2b0930301423292b1b190f1e2c192c3837172b1f27331a3a3a3a3a3a3a3a3f3a3a3a3a3a3a3a3f3a3a3a3a3a3a3a3f3a3a3a3a3a2a35222222222525250c3f3a3c3c3c3c3c3c3e3c3e3e25253e3e283c18183c102f2f332f3c123c3c2b3c3f3c3c3c3c3c3c3c3c3c3c253c3c3c3c373c3c3c3c3c35331339393c34341d3c3c133939393939393939393b3e3e3e3c3c3c173c2f2f0e01","PASS"
"case-41","silesia","mozilla","657fc3764b0c75ac9de9623125705831ebbfbe08fed248df73bc2dc66e2a963b","rans_reassignment","rans","reassignment","0","51220480","30914427","64","64","12","12","327936","8","1536","86556","4","247227280","4","506fa45d8bfc1c55","00080b0205361d1d1d3b113d3d3d3d3f11243d3d343d3f2b1d2b2b3d2b311c24043116072b2b2b0d3f2a312b2b260412282d32320f32323228322b2626312a3303202b2c3232320639382b371e192c38262b37190f3639372e2b2b172b3127153321302c300a30192c1e2c0930301423292b1b190f1e2c192c3837172b1f27331a3a3a3a3a3a3a3a3f3a3a3a3a3a3a3a333a3a3a3a3a3a3a3f3a3a3a3a3a2a35222222222531250c3f3a3c3c3c3c3c2b2b2b2b2b25313e3e283c18182b102f2f333c2b252b2b2b2b2b3a2b2b2b2b2b2b332b2b252b3c2b2b372b2b3c3c3c3533133c3c3c3434342b2b13133c3c3c3c3c3c3c3c3b092b3c2b3c2b173c3c2f0e01","PASS"
"case-41","silesia","mozilla","657fc3764b0c75ac9de9623125705831ebbfbe08fed248df73bc2dc66e2a963b","huff_native","huffman","brotli_native_policy","0","51220480","31248810","64","64","12","1","344576","8","1536","98304","1","249890631","0","b1446d8c0183cd14","0001020304050506060707050505050508090a0a0505050b060b0b050b070c0d0e0b0f10110b0b120613130b0b1415161717171718170b0b05180b0e0b13190d1a1b151c1c1d1c11051d0b0b1e1e1c1d140b1f201c1d0b1f210b0b220b1323240d2515261f271f1f282915112a1e2b2c28152d2e2f30281f28281f310b32130d330b0b0b0b0b0b0b0b340b0b0b0b0b0b0b0b0b0b0b0b0b0b0b0b0b0b351313360d0b0f0b37373737050b0b0b0b0b0b0b0b0b0b0b37373737280b38350b39343a0d340b160b0b0b0b0b0b0b0b0b0b0b0b0b0b0b370b0b0b0b0b0b0b0b0b0b360b3b3c3c0b0a0b050b0b3c3c3c3c3c3c3c3c3c3c3c0b0b340b0b0b310b3d3d3e3f","PASS"
"case-41","silesia","mozilla","657fc3764b0c75ac9de9623125705831ebbfbe08fed248df73bc2dc66e2a963b","rans_native","rans","brotli_native_policy","0","51220480","30899258","64","64","12","12","327936","8","1536","82936","0","247109552","4","356bbc86fc436394","0001020304050506060707050505050508090a0a0505050b060b0b050b070c0d0e0b0f10110b0b120613130b0b1415161717171718170b0b05180b0e0b13190d1a1b151c1c1d1c11051d0b0b1e1e1c1d140b1f201c1d0b1f210b0b220b1323240d2515261f271f1f282915112a1e2b2c28152d2e2f30281f28281f310b32130d330b0b0b0b0b0b0b0b340b0b0b0b0b0b0b0b0b0b0b0b0b0b0b0b0b0b351313360d0b0f0b37373737050b0b0b0b0b0b0b0b0b0b0b37373737280b38350b39343a0d340b160b0b0b0b0b0b0b0b0b0b0b0b0b0b0b370b0b0b0b0b0b0b0b0b0b360b3b3c3c0b0a0b050b0b3c3c3c3c3c3c3c3c3c3c3c0b0b340b0b0b310b3d3d3e3f","PASS"
"case-41","silesia","mozilla","657fc3764b0c75ac9de9623125705831ebbfbe08fed248df73bc2dc66e2a963b","huff_matched","huffman","matched_merge","0","51220480","31281976","64","64","12","1","344576","8","1536","98304","1","250155959","0","9ed101b41926a282","00010203040202030305050505050505030603050507070703070705070508090a0b0c0d0e070b0f031010070711121314141414151407071617070b0710180a191a1b1b1b171b1c071707071b1d1b171e071f201b17071f2107072207102324122512261f271f1f11281216291d2a2b11072c2d2e2f1f1f11111f220730100731070707070707070707070707070731070707070707070707070707323310340e0e35070e0b0e360707073307333307070707070e350e0e090737320738393a073307130707070707070707070707070707070e0707070707070707073334073b3c3c070e070707073c3c3c3c3c3c3c3c3c3c090e07330707073d3d33333e3f","PASS"
"case-41","silesia","mozilla","657fc3764b0c75ac9de9623125705831ebbfbe08fed248df73bc2dc66e2a963b","rans_matched","rans","matched_merge","0","51220480","30901583","64","64","12","12","327936","8","1536","82956","4","247128128","4","5d656199411671ce","0001020304050506060707050505050508090a0a0505050b060b05050b070c0d0e0b0f10110b0b120613130b0b0b141516161616170b0b0b05170b0e0b13180d191a141b1b1c1b11051c0b0b1d1d1b1c1e1e1f201b1c1f1f210b0b220b1323240d2514261f271f1f282914112a1d2b2c28142d2e2f30281f28281f310b32130d330b0b0b0b0b0b0b0b340b0b0b0b0b0b0b0b0b0b0b0b0b0b0b0b0b0b351313360d0b0f0b37373737050b0b0b0b0b0b0b0b0b0b0b37373737280b38350b39343a0d340b150b0b0b0b0b0b0b0b0b0b0b0b0b0b0f370b0b0b0b0b0b0b0b0b34360b3b3c3c0b0a0b050b0b3c3c3c3c3c3c3c3c3c3c3c0b0b340b0b0b310b3d3d3e3f","PASS"
"case-41","silesia","mozilla","657fc3764b0c75ac9de9623125705831ebbfbe08fed248df73bc2dc66e2a963b","huff_init_only","huffman","initialization_only","0","51220480","32861493","64","64","12","1","344576","8","1536","98304","3","262792093","0","4d0cb7bfb7b340d0","00080b020536050d1d3b112229003e0311243d0434353f263f1c230d3d0b1c24042616071f1c120d0e061e383d111a12282d32190f31293210270b2f0e312a2403202b0132231706393807251e350d0c262d2a02183636342e0614173c0827153321192c370a3014081e2c093003142329301b190f161c1406383a23051f203b1a221b1a163739032c2102161f0720010c0c003e2b151f1e332b31263a20011822021d1d25312b0c270e24193f101a373a28170a09041b3e282a182d1b100b2f072e2e00222c3036052d353d213f3b3c1538292f0934323937333e3a110a3528131318253410251d092139132a0412273c15083b13332e0f3c2f12170f0a0e01","PASS"
"case-41","silesia","mozilla","657fc3764b0c75ac9de9623125705831ebbfbe08fed248df73bc2dc66e2a963b","rans_init_only","rans","initialization_only","0","51220480","32663287","64","64","12","12","327936","8","1536","96336","0","261208384","4","8b0679c55ac180bd","00080b020536050d1d3b112229003e0311243d0434353f263f1c230d3d0b1c24042616071f1c120d0e061e383d111a12282d32190f31293210270b2f0e312a2403202b0132231706393807251e350d0c262d2a02183636342e0614173c0827153321192c370a3014081e2c093003142329301b190f161c1406383a23051f203b1a221b1a163739032c2102161f0720010c0c003e2b151f1e332b31263a20011822021d1d25312b0c270e24193f101a373a28170a09041b3e282a182d1b100b2f072e2e00222c3036052d353d213f3b3c1538292f0934323937333e3a110a3528131318253410251d092139132a0412273c15083b13332e0f3c2f12170f0a0e01","PASS"
"case-41","silesia","mozilla","657fc3764b0c75ac9de9623125705831ebbfbe08fed248df73bc2dc66e2a963b","huff_payload_only","huffman","reassignment","1","51220480","31166081","64","64","12","1","344576","8","1536","98304","3","249228797","0","626d6c6c24e71ce2","00080b0205361d1d1d11113d3d3d3d3f11243d3d3d3d3f3f1d3f3d3d3f311c2404311607252b2b0d1d2a31312b290412282d2d320f32323228322b2b26312a3303202b2c3232320636382b2b1e193738262b19190f3637372e2b2b172b3127153321302c300a30192c1e2b0930301423292b1b190f1e2c192c3837172b1f27331a3a3a3a3a3a3a3a3f3a3a3a3a3a3a3a3f3a3a3a3a3a3a3a3f3a3a3a3a3a2a35222222222525250c3f3a3c3c3c3c3c3c3e3c3e3e25253e3e283c18183c102f2f332f3c123c3c2b3c3f3c3c3c3c3c3c3c3c3c3c253c3c3c3c373c3c3c3c3c35331339393c34341d3c3c133939393939393939393b3e3e3e3c3c3c173c2f2f0e01","PASS"
"case-41","silesia","mozilla","657fc3764b0c75ac9de9623125705831ebbfbe08fed248df73bc2dc66e2a963b","rans_payload_only","rans","reassignment","1","51220480","30914427","64","64","12","12","327936","8","1536","86556","4","247227280","4","506fa45d8bfc1c55","00080b0205361d1d1d3b113d3d3d3d3f11243d3d343d3f2b1d2b2b3d2b311c24043116072b2b2b0d3f2a312b2b260412282d32320f32323228322b2626312a3303202b2c3232320639382b371e192c38262b37190f3639372e2b2b172b3127153321302c300a30192c1e2c0930301423292b1b190f1e2c192c3837172b1f27331a3a3a3a3a3a3a3a3f3a3a3a3a3a3a3a333a3a3a3a3a3a3a3f3a3a3a3a3a2a35222222222531250c3f3a3c3c3c3c3c2b2b2b2b2b25313e3e283c18182b102f2f333c2b252b2b2b2b2b3a2b2b2b2b2b2b332b2b252b3c2b2b372b2b3c3c3c3533133c3c3c3434342b2b13133c3c3c3c3c3c3c3c3b092b3c2b3c2b173c3c2f0e01","PASS"
"case-41","silesia","mozilla","657fc3764b0c75ac9de9623125705831ebbfbe08fed248df73bc2dc66e2a963b","rans_estimated_total","rans","reassignment","2","51220480","30914427","64","64","12","1","327936","8","1536","86556","4","247227280","4","506fa45d8bfc1c55","00080b0205361d1d1d3b113d3d3d3d3f11243d3d343d3f2b1d2b2b3d2b311c24043116072b2b2b0d3f2a312b2b260412282d32320f32323228322b2626312a3303202b2c3232320639382b371e192c38262b37190f3639372e2b2b172b3127153321302c300a30192c1e2c0930301423292b1b190f1e2c192c3837172b1f27331a3a3a3a3a3a3a3a3f3a3a3a3a3a3a3a333a3a3a3a3a3a3a3f3a3a3a3a3a2a35222222222531250c3f3a3c3c3c3c3c2b2b2b2b2b25313e3e283c18182b102f2f333c2b252b2b2b2b2b3a2b2b2b2b2b2b332b2b252b3c2b2b372b2b3c3c3c3533133c3c3c3434342b2b13133c3c3c3c3c3c3c3c3b092b3c2b3c2b173c3c2f0e01","PASS"
"case-41","silesia","mozilla","657fc3764b0c75ac9de9623125705831ebbfbe08fed248df73bc2dc66e2a963b","huff_single","huffman","reassignment","0","51220480","39977057","1","1","1","1","5384","8","0","1536","3","319814909","0","262aeb528c70bad2","00000000000000000000000000000000000000000000000000000000000000000000000000000000000000000000000000000000000000000000000000000000000000000000000000000000000000000000000000000000000000000000000000000000000000000000000000000000000000000000000000000000000000000000000000000000000000000000000000000000000000000000000000000000000000000000000000000000000000000000000000000000000000000000000000000000000000000000000000000000000000000000000000000000000000000000000000000000000000000000000000000000000000000000000000000000","PASS"
"case-41","silesia","mozilla","657fc3764b0c75ac9de9623125705831ebbfbe08fed248df73bc2dc66e2a963b","rans_single","rans_highbits","fixed_reference","0","51220480","39872260","1","1","1","1","5124","8","0","1633","7","318976400","4","9f32f61e1b8fe246","00000000000000000000000000000000000000000000000000000000000000000000000000000000000000000000000000000000000000000000000000000000000000000000000000000000000000000000000000000000000000000000000000000000000000000000000000000000000000000000000000000000000000000000000000000000000000000000000000000000000000000000000000000000000000000000000000000000000000000000000000000000000000000000000000000000000000000000000000000000000000000000000000000000000000000000000000000000000000000000000000000000000000000000000000000000","PASS"
"case-41","silesia","mozilla","657fc3764b0c75ac9de9623125705831ebbfbe08fed248df73bc2dc66e2a963b","rans_highbits","rans_highbits","fixed_reference","0","51220480","30088185","256","256","9","9","1311744","8","0","402018","6","240303416","4","9162144e1ef33e93","000102030405060708090a0b0c0d0e0f101112131415161718191a1b1c1d1e1f202122232425262728292a2b2c2d2e2f303132333435363738393a3b3c3d3e3f404142434445464748494a4b4c4d4e4f505152535455565758595a5b5c5d5e5f606162636465666768696a6b6c6d6e6f707172737475767778797a7b7c7d7e7f808182838485868788898a8b8c8d8e8f909192939495969798999a9b9c9d9e9fa0a1a2a3a4a5a6a7a8a9aaabacadaeafb0b1b2b3b4b5b6b7b8b9babbbcbdbebfc0c1c2c3c4c5c6c7c8c9cacbcccdcecfd0d1d2d3d4d5d6d7d8d9dadbdcdddedfe0e1e2e3e4e5e6e7e8e9eaebecedeeeff0f1f2f3f4f5f6f7f8f9fafbfcfdfeff","PASS"
"case-41","silesia","mozilla","657fc3764b0c75ac9de9623125705831ebbfbe08fed248df73bc2dc66e2a963b","adaptive_order1","adaptive_order1","fixed_reference","0","51220480","26347021","256","256","1","1","132096","0","0","0","0","0","0","aeeda0590a32a353","00000000000000000000000000000000000000000000000000000000000000000000000000000000000000000000000000000000000000000000000000000000000000000000000000000000000000000000000000000000000000000000000000000000000000000000000000000000000000000000000000000000000000000000000000000000000000000000000000000000000000000000000000000000000000000000000000000000000000000000000000000000000000000000000000000000000000000000000000000000000000000000000000000000000000000000000000000000000000000000000000000000000000000000000000000000","PASS"
"case-42","silesia","mr","68637ed52e3e4860174ed2dc0840ac77d5f1a60abbcb13770d5754e3774d53e6","huff_reassignment","huffman","reassignment","0","9970564","4246061","32","32","12","1","172288","8","1280","13436","2","33953762","0","5a72c6da31efabe5","000102071803040608090a0b0c0d0e0f1011121314151a1a1a1a1a1a1a1a1a1a1c1a1a1a1a1a1a1a1a1a1a1a1a1a1c1a1c1c1c1a1c1c1c1a1c1c1a1a1a1a1a1a1a1a1a1c0e15190e0e050a11190e12161f1b171715121814081d081e150606091d0b0d1303031f1b1e041d1718130b0b1e12160f1011080b030d0a06180c06041d06181d06191b0611030618081111131e06060c060506180d170614060606060603061e18091816060606060606060f0b1b0d0806060c0606030c06151d1e1e040604190618150606130606110c060d0a0b08060606030606081e1d1b19180616140611100e0d0c1808060504030303151e17191618151312060a0d090b0c04","PASS"
"case-42","silesia","mr","68637ed52e3e4860174ed2dc0840ac77d5f1a60abbcb13770d5754e3774d53e6","rans_reassignment","rans","reassignment","0","9970564","4022047","64","33","12","12","169092","8","1536","14909","3","32159888","4","d218870d12b24178","00010204050505050505060606070708090a0b0b1012120e0e0e0d0d0d0d0d0d110d1111111111111111111111111e111e1111111111111111110d0d0d191919191f1f1f1d20201d1d20141414181814180f141d0f0f0f0f0f0f0f0c0c0c0c0c0c0c0c0c15151515151515151315151313131313131313131313131313131c131c1c1c1c1c1c1c1c1c1c1c1c1c1c1c1c1c1b1b1b1b1b1b1b1b1b1b1b1b1b1b1b1b1b1b1b1b1b1a1b1a1a1a1a1a1a1a1a1a1a1a1a1a1a1a1a1a1a1a1a17171a1a17171717171717171717171716171717161616161616161616161616161616161616031603030303030303030303030303030303030303030303030303030303","PASS"
"case-42","silesia","mr","68637ed52e3e4860174ed2dc0840ac77d5f1a60abbcb13770d5754e3774d53e6","huff_native","huffman","brotli_native_policy","0","9970564","4245883","24","24","12","1","129216","8","1280","12494","0","33953282","0","5942307415397789","000102030404040404040404040405050505060708090a0a0b0b0b0c0c0c0c0c0d0e0e0e0e0e0e0e0e0e0e0e0e0e0f0e100d0d0d0d0d0d0d0d0d0c0c0c0c1111111111111212121212121212131313121313131313131313131313141314141314141414141414141414141415151515151515151515151515151515151515151616161616161616161616161616161616161616161616161616161616161616161616161616161616161616161616041616161616040404040404040404040404040404040404040404040404040404040404040404040404041704171717171717171717171717171717171717171717171717171717171717171717171717","PASS"
"case-42","silesia","mr","68637ed52e3e4860174ed2dc0840ac77d5f1a60abbcb13770d5754e3774d53e6","rans_native","rans","brotli_native_policy","0","9970564","4021662","48","42","12","12","215208","8","1536","17698","6","32154016","4","be2767faa6f6fc9e","0001020304040404040505060708090a0b0c0d0e0f101111121213131414141415161616171717171717171717171817191515151515151515151a1a1a1a1a1b1c1c1c1c1d1d1d1d1d1d1d1d1e1e1e1d1e1e1e1e1e1e1e1e1e1e1e1f1e1f1f1e1f1f1f1f1f1f1f1f1f1f1f2020202020212020202020212021212121212121212222222122222222222222222222222222222222222223222323232323232323232323232324242324242424242424252424242425252425252525252525252525262626262626262626262626262626272727272727272727272727282828282828282828282828292829292929292929292929292929292929292929292929","PASS"
"case-42","silesia","mr","68637ed52e3e4860174ed2dc0840ac77d5f1a60abbcb13770d5754e3774d53e6","huff_matched","huffman","matched_merge","0","9970564","4245355","12","12","12","1","64608","8","1024","9248","3","33952557","0","6b6fa0098b40fb57","0001020304040404040404040404040404040404040405050505050506050607060707080706050605050507050609060a060606060606060606060606060508060606060404040404040404040404040404040404040404040404040404040404040404040404040404040404040404040404040404040404040b040404040404040404040404040404040404040404040404040404040404040404040404040404040404040404040404040404040404040404040404040404040404040404040404040404040404040404040404040b04040404040b040404040b04040b04040404040b0b040404040b0b040b0b0b040b04040b0b040b0b040b0b040b0404","PASS"
"case-42","silesia","mr","68637ed52e3e4860174ed2dc0840ac77d5f1a60abbcb13770d5754e3774d53e6","rans_matched","rans","matched_merge","0","9970564","4022018","48","42","12","12","215208","8","1536","17678","2","32156888","4","3bc17ff2e95517bf","00010203040405060705070809080a0a0b0c0d0d0e0e0f0f101010111112121314151313131315131315131515151614171416141416141414141118181818181819191919191a1a1a1a1a1a1a1a1a1a1a1b1b1a1b1b1b1a1c1a1b1b1b1c1c1b1c1b1d1b1c1c1c1b1b1c1c1c1d1e1d1d1e1e1d1c1e1f1d1d1e1e20202020201d1d201d1f1d2021212121212120201f1f201f1f211f20222021201f2222230a201f1f2020232321231f222224252222242425242425092522252322252525252225262625262625052626262626242405262426262626260426042704272726272626262828052826272826292727292929292929292929292929292929292929","PASS"
"case-42","silesia","mr","68637ed52e3e4860174ed2dc0840ac77d5f1a60abbcb13770d5754e3774d53e6","huff_init_only","huffman","initialization_only","0","9970564","4276723","64","64","12","1","344576","8","1536","17648","2","34194590","0","05926931a8376423","000102070503040608090a0b0c0d0e0f101112131415161718191a1b1c1d1e1f202122232628272e2c31342f3a3d3b3f3c070a0b0f12151a1c2024292f3b010a111a203c0e15192022252a31392e32363f3b373a3c303834283d2c3e353326292f2b2d2127231f1b1e241d1718131a1c1412160f1011080b070d0a06380c09023d01040539003b3531033f3228303a333e36342c2f25272e2d37262b23292a2221241f1e181b19161d171c141312150f0e100d080b090c0607030402003f053e3d3a3c393438353637333230312c2e2d2a2b282726252322211f1e1d1b19181716141311100e0d0c0908060504030002013e37393638353332302a2d292b2524","PASS"
"case-42","silesia","mr","68637ed52e3e4860174ed2dc0840ac77d5f1a60abbcb13770d5754e3774d53e6","rans_init_only","rans","initialization_only","0","9970564","4077420","64","64","12","12","327936","8","1536","24926","2","32592856","4","688be941b56bcab8","000102070503040608090a0b0c0d0e0f101112131415161718191a1b1c1d1e1f202122232628272e2c31342f3a3d3b3f3c070a0b0f12151a1c2024292f3b010a111a203c0e15192022252a31392e32363f3b373a3c303834283d2c3e353326292f2b2d2127231f1b1e241d1718131a1c1412160f1011080b070d0a06380c09023d01040539003b3531033f3228303a333e36342c2f25272e2d37262b23292a2221241f1e181b19161d171c141312150f0e100d080b090c0607030402003f053e3d3a3c393438353637333230312c2e2d2a2b282726252322211f1e1d1b19181716141311100e0d0c0908060504030002013e37393638353332302a2d292b2524","PASS"
"case-42","silesia","mr","68637ed52e3e4860174ed2dc0840ac77d5f1a60abbcb13770d5754e3774d53e6","huff_payload_only","huffman","reassignment","1","9970564","4246324","64","64","12","1","344576","8","1536","16344","5","33952699","0","559b9c02c7a49559","000102070503040608090a0b0c0d0e0f1011121314152f2f2f2f1a2f1c2f1a1a201a1a1a1a202f202f2f2f2f2f1a3b1a3c20202020203b1a1c20201a2f1a2f201c1a203c0e15193222252a31392e32363f10373a3a303834283d2c3e35332629362b2d2127231f1b1e241d1718130b0b0512160f1011080b230d0a06380c09243d05051d0519030531030518283030332d05342c2d252d182d37262b05052d2d05032d1e2d1b18162d17052d05052d0f2b3f2d082d2d0c0605030c2d153d053e042d0439342d352d2d332d2d312d2d2d2a2b2d272605232d05081e1d1b191817162b2d11100e2d0c1f2d060504030303353e373936383533322d2a2d1b2b0c24","PASS"
"case-42","silesia","mr","68637ed52e3e4860174ed2dc0840ac77d5f1a60abbcb13770d5754e3774d53e6","rans_payload_only","rans","reassignment","1","9970564","4022047","64","33","12","12","169092","8","1536","14909","3","32159888","4","d218870d12b24178","00010204050505050505060606070708090a0b0b1012120e0e0e0d0d0d0d0d0d110d1111111111111111111111111e111e1111111111111111110d0d0d191919191f1f1f1d20201d1d20141414181814180f141d0f0f0f0f0f0f0f0c0c0c0c0c0c0c0c0c15151515151515151315151313131313131313131313131313131c131c1c1c1c1c1c1c1c1c1c1c1c1c1c1c1c1c1b1b1b1b1b1b1b1b1b1b1b1b1b1b1b1b1b1b1b1b1b1a1b1a1a1a1a1a1a1a1a1a1a1a1a1a1a1a1a1a1a1a1a17171a1a17171717171717171717171716171717161616161616161616161616161616161616031603030303030303030303030303030303030303030303030303030303","PASS"
"case-42","silesia","mr","68637ed52e3e4860174ed2dc0840ac77d5f1a60abbcb13770d5754e3774d53e6","rans_estimated_total","rans","reassignment","2","9970564","4022047","64","33","12","1","169092","8","1536","14909","3","32159888","4","d218870d12b24178","00010204050505050505060606070708090a0b0b1012120e0e0e0d0d0d0d0d0d110d1111111111111111111111111e111e1111111111111111110d0d0d191919191f1f1f1d20201d1d20141414181814180f141d0f0f0f0f0f0f0f0c0c0c0c0c0c0c0c0c15151515151515151315151313131313131313131313131313131c131c1c1c1c1c1c1c1c1c1c1c1c1c1c1c1c1c1b1b1b1b1b1b1b1b1b1b1b1b1b1b1b1b1b1b1b1b1b1a1b1a1a1a1a1a1a1a1a1a1a1a1a1a1a1a1a1a1a1a1a17171a1a17171717171717171717171716171717161616161616161616161616161616161616031603030303030303030303030303030303030303030303030303030303","PASS"
"case-42","silesia","mr","68637ed52e3e4860174ed2dc0840ac77d5f1a60abbcb13770d5754e3774d53e6","huff_single","huffman","reassignment","0","9970564","4623068","1","1","1","1","5384","8","0","1536","5","36982995","0","313ceab81bde4635","00000000000000000000000000000000000000000000000000000000000000000000000000000000000000000000000000000000000000000000000000000000000000000000000000000000000000000000000000000000000000000000000000000000000000000000000000000000000000000000000000000000000000000000000000000000000000000000000000000000000000000000000000000000000000000000000000000000000000000000000000000000000000000000000000000000000000000000000000000000000000000000000000000000000000000000000000000000000000000000000000000000000000000000000000000000","PASS"
"case-42","silesia","mr","68637ed52e3e4860174ed2dc0840ac77d5f1a60abbcb13770d5754e3774d53e6","rans_single","rans_highbits","fixed_reference","0","9970564","4606254","1","1","1","1","5124","8","0","1109","3","36848880","4","a6cf867eaf6e5df4","00000000000000000000000000000000000000000000000000000000000000000000000000000000000000000000000000000000000000000000000000000000000000000000000000000000000000000000000000000000000000000000000000000000000000000000000000000000000000000000000000000000000000000000000000000000000000000000000000000000000000000000000000000000000000000000000000000000000000000000000000000000000000000000000000000000000000000000000000000000000000000000000000000000000000000000000000000000000000000000000000000000000000000000000000000000","PASS"
"case-42","silesia","mr","68637ed52e3e4860174ed2dc0840ac77d5f1a60abbcb13770d5754e3774d53e6","rans_highbits","rans_highbits","fixed_reference","0","9970564","4028764","256","256","9","9","1311744","8","0","85270","2","32144800","4","b10b961e78fff769","000102030405060708090a0b0c0d0e0f101112131415161718191a1b1c1d1e1f202122232425262728292a2b2c2d2e2f303132333435363738393a3b3c3d3e3f404142434445464748494a4b4c4d4e4f505152535455565758595a5b5c5d5e5f606162636465666768696a6b6c6d6e6f707172737475767778797a7b7c7d7e7f808182838485868788898a8b8c8d8e8f909192939495969798999a9b9c9d9e9fa0a1a2a3a4a5a6a7a8a9aaabacadaeafb0b1b2b3b4b5b6b7b8b9babbbcbdbebfc0c1c2c3c4c5c6c7c8c9cacbcccdcecfd0d1d2d3d4d5d6d7d8d9dadbdcdddedfe0e1e2e3e4e5e6e7e8e9eaebecedeeeff0f1f2f3f4f5f6f7f8f9fafbfcfdfeff","PASS"
"case-42","silesia","mr","68637ed52e3e4860174ed2dc0840ac77d5f1a60abbcb13770d5754e3774d53e6","adaptive_order1","adaptive_order1","fixed_reference","0","9970564","3762858","256","256","1","1","132096","0","0","0","0","0","0","42f2052ef18a9518","00000000000000000000000000000000000000000000000000000000000000000000000000000000000000000000000000000000000000000000000000000000000000000000000000000000000000000000000000000000000000000000000000000000000000000000000000000000000000000000000000000000000000000000000000000000000000000000000000000000000000000000000000000000000000000000000000000000000000000000000000000000000000000000000000000000000000000000000000000000000000000000000000000000000000000000000000000000000000000000000000000000000000000000000000000000","PASS"
"case-43","silesia","nci","fc63a31770947b8c2062d3b19ca94c00485a232bb91b502021948fee983e1635","huff_reassignment","huffman","reassignment","0","33553445","8552039","64","63","12","1","339192","8","1536","12230","4","68402534","0","3920f25728cf8f2f","3e00000000000000000004000000000000000000000000000000000000000000000000341535000016170030000e0300010205060907080a0c0b000018131000001f310d1b1c2e320f2300002b1a1211330020143c002a0000003d270028002f0029261d24192d3b393600001e00373a0000212522382c0000000000000000000000000000000000000000000000000000000000000000000000000000000000000000000000000000000000000000000000000000000000000000000000000000000000000000000000000000000000000000000000000000000000000000000000000000000000000000000000000000000000000000000000000000000000","PASS"
"case-43","silesia","nci","fc63a31770947b8c2062d3b19ca94c00485a232bb91b502021948fee983e1635","rans_reassignment","rans","reassignment","0","33553445","8179656","64","62","12","12","317688","8","1536","23876","4","65411792","4","f72b42e88801e217","3d0000000000000000000400000000000000000000000000000000000000000000000033153400001617002f000e0300010205060907080a0c0b000018131000001e300d101b2d310f2200002a1a121132001f143b00290000003c260027002e0028251c23192c3a383500001d0036390000202421372b0000000000000000000000000000000000000000000000000000000000000000000000000000000000000000000000000000000000000000000000000000000000000000000000000000000000000000000000000000000000000000000000000000000000000000000000000000000000000000000000000000000000000000000000000000000000","PASS"
"case-43","silesia","nci","fc63a31770947b8c2062d3b19ca94c00485a232bb91b502021948fee983e1635","huff_native","huffman","brotli_native_policy","0","33553445","8551945","64","52","12","1","279968","8","1536","11124","0","68402892","0","16db0e8927a70a1c","0000000000000000000001000000000000000000000000000000000000000000020000030400000005060007000809000a0b0c0d0e0f1011121300001415160000171819161a1b1c1d1e00001f2021222300242500002600000027280029002a002b2b2c2b2d2b2e2e2e00002f002e2e00003031322e330000000000000000000000000000000000000000000000000000000000000000000000000000000000000000000000000000000000000000000000000000000000000000000000000000000000000000000000000000000000000000000000000000000000000000000000000000000000000000000000000000000000000000000000000000000000","PASS"
"case-43","silesia","nci","fc63a31770947b8c2062d3b19ca94c00485a232bb91b502021948fee983e1635","rans_native","rans","brotli_native_policy","0","33553445","8179223","64","52","12","12","266448","8","1536","20214","2","65411992","4","75236504535e284c","0000000000000000000001000000000000000000000000000000000000000000020000030400000005060007000809000a0b0c0d0e0f1011121300001415160000171819161a1b1c1d1e00001f2021222300242500002600000027280029002a002b2b2c2b2d2b2e2e2e00002f002e2e00003031322e330000000000000000000000000000000000000000000000000000000000000000000000000000000000000000000000000000000000000000000000000000000000000000000000000000000000000000000000000000000000000000000000000000000000000000000000000000000000000000000000000000000000000000000000000000000000","PASS"
"case-43","silesia","nci","fc63a31770947b8c2062d3b19ca94c00485a232bb91b502021948fee983e1635","huff_matched","huffman","matched_merge","0","33553445","8551930","64","50","12","1","269200","8","1536","11056","0","68402840","0","28dd11d02699f046","0000000000000000000001000000000000000000000000000000000000000000020000030400000005060007000809000a0b0c0d0e0f1011121300001415160000171819161a1b1c1d1e00001f202122230024251f0026000000272800290027002a2a2b2a2c2a2d2d2d00002e002d2d00002f30312d300000000000000000000000000000000000000000000000000000000000000000000000000000000000000000000000000000000000000000000000000000000000000000000000000000000000000000000000000000000000000000000000000000000000000000000000000000000000000000000000000000000000000000000000000000000000","PASS"
"case-43","silesia","nci","fc63a31770947b8c2062d3b19ca94c00485a232bb91b502021948fee983e1635","rans_matched","rans","matched_merge","0","33553445","8179206","64","49","12","12","251076","8","1536","19325","3","65412744","4","3f74dfa2a94104d9","0000000000000000000001000000000000000000000000000000000000000000020000030400000005060007000809000a0b0c0d0e0f1011121300001415160000171819161a1b1c1d1e00001f202122230024252600270000001c280029002a002b2b262b2c2b1c1c1c00002d001c1c00002e2f301c2f0000000000000000000000000000000000000000000000000000000000000000000000000000000000000000000000000000000000000000000000000000000000000000000000000000000000000000000000000000000000000000000000000000000000000000000000000000000000000000000000000000000000000000000000000000000000","PASS"
"case-43","silesia","nci","fc63a31770947b8c2062d3b19ca94c00485a232bb91b502021948fee983e1635","huff_init_only","huffman","initialization_only","0","33553445","8552039","64","63","12","1","339192","8","1536","12230","4","68402534","0","3920f25728cf8f2f","3e00000000000000000004000000000000000000000000000000000000000000000000341535000016170030000e0300010205060907080a0c0b000018131000001f310d1b1c2e320f2300002b1a1211330020143c002a0000003d270028002f0029261d24192d3b393600001e00373a0000212522382c0000000000000000000000000000000000000000000000000000000000000000000000000000000000000000000000000000000000000000000000000000000000000000000000000000000000000000000000000000000000000000000000000000000000000000000000000000000000000000000000000000000000000000000000000000000000","PASS"
"case-43","silesia","nci","fc63a31770947b8c2062d3b19ca94c00485a232bb91b502021948fee983e1635","rans_init_only","rans","initialization_only","0","33553445","8179693","64","63","12","12","322812","8","1536","24177","7","65411784","4","c5976ea07d896071","3e00000000000000000004000000000000000000000000000000000000000000000000341535000016170030000e0300010205060907080a0c0b000018131000001f310d1b1c2e320f2300002b1a1211330020143c002a0000003d270028002f0029261d24192d3b393600001e00373a0000212522382c0000000000000000000000000000000000000000000000000000000000000000000000000000000000000000000000000000000000000000000000000000000000000000000000000000000000000000000000000000000000000000000000000000000000000000000000000000000000000000000000000000000000000000000000000000000000","PASS"
"case-43","silesia","nci","fc63a31770947b8c2062d3b19ca94c00485a232bb91b502021948fee983e1635","huff_payload_only","huffman","reassignment","1","33553445","8552039","64","63","12","1","339192","8","1536","12230","4","68402534","0","3920f25728cf8f2f","3e00000000000000000004000000000000000000000000000000000000000000000000341535000016170030000e0300010205060907080a0c0b000018131000001f310d1b1c2e320f2300002b1a1211330020143c002a0000003d270028002f0029261d24192d3b393600001e00373a0000212522382c0000000000000000000000000000000000000000000000000000000000000000000000000000000000000000000000000000000000000000000000000000000000000000000000000000000000000000000000000000000000000000000000000000000000000000000000000000000000000000000000000000000000000000000000000000000000","PASS"
"case-43","silesia","nci","fc63a31770947b8c2062d3b19ca94c00485a232bb91b502021948fee983e1635","rans_payload_only","rans","reassignment","1","33553445","8179656","64","62","12","12","317688","8","1536","23876","4","65411792","4","f72b42e88801e217","3d0000000000000000000400000000000000000000000000000000000000000000000033153400001617002f000e0300010205060907080a0c0b000018131000001e300d101b2d310f2200002a1a121132001f143b00290000003c260027002e0028251c23192c3a383500001d0036390000202421372b0000000000000000000000000000000000000000000000000000000000000000000000000000000000000000000000000000000000000000000000000000000000000000000000000000000000000000000000000000000000000000000000000000000000000000000000000000000000000000000000000000000000000000000000000000000000","PASS"
"case-43","silesia","nci","fc63a31770947b8c2062d3b19ca94c00485a232bb91b502021948fee983e1635","rans_estimated_total","rans","reassignment","2","33553445","8179656","64","62","12","1","317688","8","1536","23876","4","65411792","4","f72b42e88801e217","3d0000000000000000000400000000000000000000000000000000000000000000000033153400001617002f000e0300010205060907080a0c0b000018131000001e300d101b2d310f2200002a1a121132001f143b00290000003c260027002e0028251c23192c3a383500001d0036390000202421372b0000000000000000000000000000000000000000000000000000000000000000000000000000000000000000000000000000000000000000000000000000000000000000000000000000000000000000000000000000000000000000000000000000000000000000000000000000000000000000000000000000000000000000000000000000000000","PASS"
"case-43","silesia","nci","fc63a31770947b8c2062d3b19ca94c00485a232bb91b502021948fee983e1635","huff_single","huffman","reassignment","0","33553445","10223988","1","1","1","1","5384","8","0","652","6","81791238","0","6851b64f24b69720","00000000000000000000000000000000000000000000000000000000000000000000000000000000000000000000000000000000000000000000000000000000000000000000000000000000000000000000000000000000000000000000000000000000000000000000000000000000000000000000000000000000000000000000000000000000000000000000000000000000000000000000000000000000000000000000000000000000000000000000000000000000000000000000000000000000000000000000000000000000000000000000000000000000000000000000000000000000000000000000000000000000000000000000000000000000","PASS"
"case-43","silesia","nci","fc63a31770947b8c2062d3b19ca94c00485a232bb91b502021948fee983e1635","rans_single","rans_highbits","fixed_reference","0","33553445","10207555","1","1","1","1","5124","8","0","557","3","81659840","4","c9a4f0ae8ad53eab","00000000000000000000000000000000000000000000000000000000000000000000000000000000000000000000000000000000000000000000000000000000000000000000000000000000000000000000000000000000000000000000000000000000000000000000000000000000000000000000000000000000000000000000000000000000000000000000000000000000000000000000000000000000000000000000000000000000000000000000000000000000000000000000000000000000000000000000000000000000000000000000000000000000000000000000000000000000000000000000000000000000000000000000000000000000","PASS"
"case-43","silesia","nci","fc63a31770947b8c2062d3b19ca94c00485a232bb91b502021948fee983e1635","rans_highbits","rans_highbits","fixed_reference","0","33553445","8185701","256","256","9","9","1311744","8","0","73778","6","65411784","4","b2d2c92a3ba6f229","000102030405060708090a0b0c0d0e0f101112131415161718191a1b1c1d1e1f202122232425262728292a2b2c2d2e2f303132333435363738393a3b3c3d3e3f404142434445464748494a4b4c4d4e4f505152535455565758595a5b5c5d5e5f606162636465666768696a6b6c6d6e6f707172737475767778797a7b7c7d7e7f808182838485868788898a8b8c8d8e8f909192939495969798999a9b9c9d9e9fa0a1a2a3a4a5a6a7a8a9aaabacadaeafb0b1b2b3b4b5b6b7b8b9babbbcbdbebfc0c1c2c3c4c5c6c7c8c9cacbcccdcecfd0d1d2d3d4d5d6d7d8d9dadbdcdddedfe0e1e2e3e4e5e6e7e8e9eaebecedeeeff0f1f2f3f4f5f6f7f8f9fafbfcfdfeff","PASS"
"case-43","silesia","nci","fc63a31770947b8c2062d3b19ca94c00485a232bb91b502021948fee983e1635","adaptive_order1","adaptive_order1","fixed_reference","0","33553445","8188158","256","256","1","1","132096","0","0","0","0","0","0","b409068b8f819ce5","00000000000000000000000000000000000000000000000000000000000000000000000000000000000000000000000000000000000000000000000000000000000000000000000000000000000000000000000000000000000000000000000000000000000000000000000000000000000000000000000000000000000000000000000000000000000000000000000000000000000000000000000000000000000000000000000000000000000000000000000000000000000000000000000000000000000000000000000000000000000000000000000000000000000000000000000000000000000000000000000000000000000000000000000000000000","PASS"
"case-44","silesia","ooffice","e7ee013880d34dd5208283d0d3d91b07f442e067454276095ded14f322a656eb","huff_reassignment","huffman","reassignment","0","6152192","4028128","64","63","12","1","339192","8","1536","97240","0","32126240","0","4bb2f50dce79783a","000e1c270a332433111119191733191f1424191914330019141919191419071925191919023219192419282624282f19282828203d2828282828282628282828292d2d2d09222d2d292d292808222d2a0b161a361b3a1d1d19262a2e09342e0a3e3c383815391038223913381b383839383538380c213131292d31351b312d352b2b3d0f1e2022042f0d2f011b062222053d3d311e22223d3d3d3d3d3d3d223d3d353d3d3d3d3d3d313d3d3d3d3d3d32133d3d323d323d3d3d3232323d32223d1235343b183e372c30123e30233030303e3e123e3d3e3e3e3d3232123d3232323d3232323d32323204043231353e32063d1d323232322c322532323232323203","PASS"
"case-44","silesia","ooffice","e7ee013880d34dd5208283d0d3d91b07f442e067454276095ded14f322a656eb","rans_reassignment","rans","reassignment","0","6152192","4013411","64","64","12","12","327936","8","1536","84554","6","32021152","4","0df497bef37edfed","000e1c280a343334111117191719172014251719141900191d191729251907193f191919023319193f1929273f293029293629213e3629293e0436273e3629292a2e2e2e09362e2e2a2e2e2e08232e160b161a371b3b1e2b192f162f09352f0a3e3d39392a3a1039233a13391b39393a392e39390c2239392a2e2a3e09362e042c2c040f1f153604300d300109062336053636322c2336363e0404042c3e36043e363e363e3e3e04323e04042c04363e133e3e132c3e363e363e3e3e2c3e363e1212353c1812382d31123e31243131313e3e123e3e3e3e3e3e3e3e123e3e3e3e3e2626263e26262604043e32231226060c1e26263e262d3e3e26262626262603","PASS"
"case-44","silesia","ooffice","e7ee013880d34dd5208283d0d3d91b07f442e067454276095ded14f322a656eb","huff_native","huffman","brotli_native_policy","0","6152192","4034341","64","64","12","1","344576","8","1536","98952","3","32174229","0","9638efc9b549bbc4","000001010203040202020404020404050204040402040004020404040204060404040404070804040404030904040a040b0c0d0e040c0c0d040f0c090c0c1010111111121310121211111111141011111516171819181a1a041b1b1c1d1e1f200c212122230a240a2522260c23222222220c2222272828281111110c290c110c0b2a0c2b2c2d0d2e0f2f303103320d0d330c0c34030d0d0c0c0c0c0c030c0c0c0c100c0c0c0c0c0c0c0c0c0c0c0c0c0c0c0c0c0c030c0c0c0c0c0c0c0c0c0c0c350b3637380c393a3b350c3b3c3b3b3b0c0c350c0c0c0c0c0c0c0c350c0c0c0c0c08340c0c0808082e2e0c3d113e0c34341a0c080c083e080c0808080808083f","PASS"
"case-44","silesia","ooffice","e7ee013880d34dd5208283d0d3d91b07f442e067454276095ded14f322a656eb","rans_native","rans","brotli_native_policy","0","6152192","4009049","64","64","12","12","327936","8","1536","84140","4","31986672","4","dd5e534351ffb1d2","000001010203040202020404020404050204040402040004020404040204060404040404070804040404030904040a040b0c0d0e040c0c0d040f0c090c0c1010111111121310121211111111141011111516171819181a1a041b1b1c1d1e1f200c212122230a240a2522260c23222222220c2222272828281111110c290c110c0b2a0c2b2c2d0d2e0f2f303103320d0d330c0c34030d0d0c0c0c0c0c030c0c0c0c100c0c0c0c0c0c0c0c0c0c0c0c0c0c0c0c0c0c030c0c0c0c0c0c0c0c0c0c0c350b3637380c393a3b350c3b3c3b3b3b0c0c350c0c0c0c0c0c0c0c350c0c0c0c0c08340c0c0808082e2e0c3d113e0c34341a0c080c083e080c0808080808083f","PASS"
"case-44","silesia","ooffice","e7ee013880d34dd5208283d0d3d91b07f442e067454276095ded14f322a656eb","huff_matched","huffman","matched_merge","0","6152192","4044822","64","64","12","1","344576","8","1536","98848","4","32258180","0","248b01c90a5484dc","000101010203020202020202020202040202020202020202020502050205060202020202070802020202090a02090b090909090c050909090509090a050509090d0d0d0e0f100e0e0d0d050911100d12131415161716181812121200191a1b1c051d1e1e1e0b1f1e201d2105221e1e1d1e051e1e232424240d0d050525050d0526270528292a2b2c2d2e2f3003312b2b32050101332b2b053326050533050505332b050533050505330505053305050534052634330505053305340533052b05352636373837393a3b35053b3c3b3b3b0526352633050505330105353305050505343434333434082c2c343d0d3e34010118340833083e08340808080808083f","PASS"
"case-44","silesia","ooffice","e7ee013880d34dd5208283d0d3d91b07f442e067454276095ded14f322a656eb","rans_matched","rans","matched_merge","0","6152192","4023686","64","64","12","12","327936","8","1536","84498","6","32103408","4","5fdfe1b4fd96cda9","0001010201030404000404040404040506040404040404040607040804070904040404040a0b04040404080c04040d080808080e070808080808080c070708080f0f0f10111210100f0f070813120f0f1415160617061818081919001a011b1c071d1e1e1e0d1f1e20212207231e1e2107071e1e242507070f0f070726070f07272807292a2b2c2d2e2f303103322c2c33070702032c2c0734340707340707073412340734070707340707073407080734070707340707073407070734070707352736373807393a3b35073b3c3b3b3b07073507340707070707073534070707070b0207340b0b0b2d2d073d0f3e07020218070b070b3e0b070b0b0b0b0b0b3f","PASS"
"case-44","silesia","ooffice","e7ee013880d34dd5208283d0d3d91b07f442e067454276095ded14f322a656eb","huff_init_only","huffman","initialization_only","0","6152192","4260968","64","64","12","1","344576","8","1536","98304","1","33987895","0","3f114f98ed0caacf","000e1c280a3433091113243817212a2014250b0119141c041d191f292501071d26081e2a02103a343f371707072e303529321a213a2f362e3e1737270014312b36270906090e2e1d2a12261a080d02190b161a371b3b1e2b1105031f3d352f0a3f3d0b3215161006230a131c042f393a28231b080c2221002d3915310507283c2c08090f1f15200a060d30012c060f05051d2a10032c3d252028373f24380f3a1b16322e3b3b343d1133393c3e3e2029003630172235142f29111824271930031212353c183f382d0b220415241031183b361c1e382d1f2c3e0d210231262b270c0d130c2b1b162204391232232d1a0e0c341302330e01181e0f2523333c2603","PASS"
"case-44","silesia","ooffice","e7ee013880d34dd5208283d0d3d91b07f442e067454276095ded14f322a656eb","rans_init_only","rans","initialization_only","0","6152192","4242607","64","64","12","12","327936","8","1536","92934","2","33846344","4","1b655395f4ec669e","000e1c280a3433091113243817212a2014250b0119141c041d191f292501071d26081e2a02103a343f371707072e303529321a213a2f362e3e1737270014312b36270906090e2e1d2a12261a080d02190b161a371b3b1e2b1105031f3d352f0a3f3d0b3215161006230a131c042f393a28231b080c2221002d3915310507283c2c08090f1f15200a060d30012c060f05051d2a10032c3d252028373f24380f3a1b16322e3b3b343d1133393c3e3e2029003630172235142f29111824271930031212353c183f382d0b220415241031183b361c1e382d1f2c3e0d210231262b270c0d130c2b1b162204391232232d1a0e0c341302330e01181e0f2523333c2603","PASS"
"case-44","silesia","ooffice","e7ee013880d34dd5208283d0d3d91b07f442e067454276095ded14f322a656eb","huff_payload_only","huffman","reassignment","1","6152192","4028128","64","63","12","1","339192","8","1536","97240","0","32126240","0","4bb2f50dce79783a","000e1c270a332433111119191733191f1424191914330019141919191419071925191919023219192419282624282f19282828203d2828282828282628282828292d2d2d09222d2d292d292808222d2a0b161a361b3a1d1d19262a2e09342e0a3e3c383815391038223913381b383839383538380c213131292d31351b312d352b2b3d0f1e2022042f0d2f011b062222053d3d311e22223d3d3d3d3d3d3d223d3d353d3d3d3d3d3d313d3d3d3d3d3d32133d3d323d323d3d3d3232323d32223d1235343b183e372c30123e30233030303e3e123e3d3e3e3e3d3232123d3232323d3232323d32323204043231353e32063d1d323232322c322532323232323203","PASS"
"case-44","silesia","ooffice","e7ee013880d34dd5208283d0d3d91b07f442e067454276095ded14f322a656eb","rans_payload_only","rans","reassignment","1","6152192","4013411","64","64","12","12","327936","8","1536","84554","6","32021152","4","0df497bef37edfed","000e1c280a343334111117191719172014251719141900191d191729251907193f191919023319193f1929273f293029293629213e3629293e0436273e3629292a2e2e2e09362e2e2a2e2e2e08232e160b161a371b3b1e2b192f162f09352f0a3e3d39392a3a1039233a13391b39393a392e39390c2239392a2e2a3e09362e042c2c040f1f153604300d300109062336053636322c2336363e0404042c3e36043e363e363e3e3e04323e04042c04363e133e3e132c3e363e363e3e3e2c3e363e1212353c1812382d31123e31243131313e3e123e3e3e3e3e3e3e3e123e3e3e3e3e2626263e26262604043e32231226060c1e26263e262d3e3e26262626262603","PASS"
"case-44","silesia","ooffice","e7ee013880d34dd5208283d0d3d91b07f442e067454276095ded14f322a656eb","rans_estimated_total","rans","reassignment","2","6152192","4013411","64","64","12","1","327936","8","1536","84554","6","32021152","4","0df497bef37edfed","000e1c280a343334111117191719172014251719141900191d191729251907193f191919023319193f1929273f293029293629213e3629293e0436273e3629292a2e2e2e09362e2e2a2e2e2e08232e160b161a371b3b1e2b192f162f09352f0a3e3d39392a3a1039233a13391b39393a392e39390c2239392a2e2a3e09362e042c2c040f1f153604300d300109062336053636322c2336363e0404042c3e36043e363e363e3e3e04323e04042c04363e133e3e132c3e363e363e3e3e2c3e363e1212353c1812382d31123e31243131313e3e123e3e3e3e3e3e3e3e123e3e3e3e3e2626263e26262604043e32231226060c1e26263e262d3e3e26262626262603","PASS"
"case-44","silesia","ooffice","e7ee013880d34dd5208283d0d3d91b07f442e067454276095ded14f322a656eb","huff_single","huffman","reassignment","0","6152192","5124405","1","1","1","1","5384","8","0","1536","6","40993690","0","33c7c4d2fdea9d75","00000000000000000000000000000000000000000000000000000000000000000000000000000000000000000000000000000000000000000000000000000000000000000000000000000000000000000000000000000000000000000000000000000000000000000000000000000000000000000000000000000000000000000000000000000000000000000000000000000000000000000000000000000000000000000000000000000000000000000000000000000000000000000000000000000000000000000000000000000000000000000000000000000000000000000000000000000000000000000000000000000000000000000000000000000000","PASS"
"case-44","silesia","ooffice","e7ee013880d34dd5208283d0d3d91b07f442e067454276095ded14f322a656eb","rans_single","rans_highbits","fixed_reference","0","6152192","5112592","1","1","1","1","5124","8","0","1627","5","40899064","4","a6928592c9a836f6","00000000000000000000000000000000000000000000000000000000000000000000000000000000000000000000000000000000000000000000000000000000000000000000000000000000000000000000000000000000000000000000000000000000000000000000000000000000000000000000000000000000000000000000000000000000000000000000000000000000000000000000000000000000000000000000000000000000000000000000000000000000000000000000000000000000000000000000000000000000000000000000000000000000000000000000000000000000000000000000000000000000000000000000000000000000","PASS"
"case-44","silesia","ooffice","e7ee013880d34dd5208283d0d3d91b07f442e067454276095ded14f322a656eb","rans_highbits","rans_highbits","fixed_reference","0","6152192","3938684","256","256","9","9","1311744","8","0","373672","0","31135760","4","4d1ab97a5da1870b","000102030405060708090a0b0c0d0e0f101112131415161718191a1b1c1d1e1f202122232425262728292a2b2c2d2e2f303132333435363738393a3b3c3d3e3f404142434445464748494a4b4c4d4e4f505152535455565758595a5b5c5d5e5f606162636465666768696a6b6c6d6e6f707172737475767778797a7b7c7d7e7f808182838485868788898a8b8c8d8e8f909192939495969798999a9b9c9d9e9fa0a1a2a3a4a5a6a7a8a9aaabacadaeafb0b1b2b3b4b5b6b7b8b9babbbcbdbebfc0c1c2c3c4c5c6c7c8c9cacbcccdcecfd0d1d2d3d4d5d6d7d8d9dadbdcdddedfe0e1e2e3e4e5e6e7e8e9eaebecedeeeff0f1f2f3f4f5f6f7f8f9fafbfcfdfeff","PASS"
"case-44","silesia","ooffice","e7ee013880d34dd5208283d0d3d91b07f442e067454276095ded14f322a656eb","adaptive_order1","adaptive_order1","fixed_reference","0","6152192","3702383","256","256","1","1","132096","0","0","0","0","0","0","57f0edb0dc3247c5","00000000000000000000000000000000000000000000000000000000000000000000000000000000000000000000000000000000000000000000000000000000000000000000000000000000000000000000000000000000000000000000000000000000000000000000000000000000000000000000000000000000000000000000000000000000000000000000000000000000000000000000000000000000000000000000000000000000000000000000000000000000000000000000000000000000000000000000000000000000000000000000000000000000000000000000000000000000000000000000000000000000000000000000000000000000","PASS"
"case-45","silesia","osdb","60f027179302ca3ad87c58ac90b6be72ec23588aaa7a3b7fe8ecc0f11def3fa3","huff_reassignment","huffman","reassignment","0","10085684","6853020","64","64","12","1","344576","8","1536","98304","4","54724308","0","c5f442c4f8b08d00","00190d31120b1114030508100a0b120d0f21160d0d3132150d0d3c311a0d312e0c1d0d210d0d123a1c0f12173b030f0802010405060609040a0316310d05120d25240c0c2b18380c35362017120e10341f3f212e27132a1e3a1d231e0019111e110c3c223b1d2f2632252c3722301a1b1c3d2d3e1536283929143300003e312200003100233f340000240231000027073400311900311831000026083100281f00310034180031002a0f3100112900310a003134310d00340d310031001919002610002c003134310d192b0e0e0e0e310d310f380d0d310d390d0d361e340d310d0d3311310d0d130d310d0d371a310d340d180d0d350d0d1f0d340d1b170d31","PASS"
"case-45","silesia","osdb","60f027179302ca3ad87c58ac90b6be72ec23588aaa7a3b7fe8ecc0f11def3fa3","rans_reassignment","rans","reassignment","0","10085684","6829632","64","64","12","12","327936","8","1536","82198","2","54553280","4","dbe7fc6fb363d9e3","00190d31202f1114030508100a0b120d281b163b3d2c32150d0d26311a0d282e0c1d0d210d0d203a1c0d20173b050f08020104050b0609040a0316280d05200d25240c0c2b18380c35362017120e10341f3f212e27132a1e3a1d231e000d111e110c3c223b1d2f2632252c371c301a1b1c3d2d3e15360c3929143300003e002200002800233f340000240d28000027073400281900281828000026082800283900280034180028002a0f2800112900280a002834280d003409280028001919002610002c002834280d192b0e0e0e0e280d2816380d0d280d390d0d361e340d280d0d331d280d0d130d280d0d371a280d340d180d0d350d0d1f0d340d1b170d28","PASS"
"case-45","silesia","osdb","60f027179302ca3ad87c58ac90b6be72ec23588aaa7a3b7fe8ecc0f11def3fa3","huff_native","huffman","brotli_native_policy","0","10085684","6845819","64","64","12","1","344576","8","1536","98304","0","54666704","0","64bc0979e0d000a8","000102030405060708090a0803010b0c0c0d0402020c02040c0c0e020b0c0c020e0c020c0c0c0c020f0c0c070208100a1112131415161718191a050c0c090c0c0e1b071c1d1e060b1c1f2021222324052526270d2628292a2b2c2d0c2e022f0b2f263031042c323334352b361c3738393a2b3b003c0f3d26383e3f0c0c020c0c0c0c0c0c0c020c0c0c0c0c0c2e2e0c020c2e0c020c0c1e0c0c0c0f0a0c0c0c250c0c0c0c2f0c0c0c0c0c0c0c0c0c0c0c000c0c0c0c0c0c0c0c0c0c0c0c0c310c0c0c0c0c0c0c2b0c0c0b0f232323010c0c0c020e0c0c0c0c0c0c0c0f020c0c0c0c0c0f020c0c0c0e0c0c0c0c0f0b0c0c080c020c0c0f0c0c2c0c0c0c02360c0c","PASS"
"case-45","silesia","osdb","60f027179302ca3ad87c58ac90b6be72ec23588aaa7a3b7fe8ecc0f11def3fa3","rans_native","rans","brotli_native_policy","0","10085684","6814127","64","64","12","12","327936","8","1536","81610","6","54429824","4","507ea84521390d7a","000102030405060708090a0803010b0c0c0d0402020c02040c0c0e020b0c0c020e0c020c0c0c0c020f0c0c070208100a1112131415161718191a050c0c090c0c0e1b071c1d1e060b1c1f2021222324052526270d2628292a2b2c2d0c2e022f0b2f263031042c323334352b361c3738393a2b3b003c0f3d26383e3f0c0c020c0c0c0c0c0c0c020c0c0c0c0c0c2e2e0c020c2e0c020c0c1e0c0c0c0f0a0c0c0c250c0c0c0c2f0c0c0c0c0c0c0c0c0c0c0c000c0c0c0c0c0c0c0c0c0c0c0c0c310c0c0c0c0c0c0c2b0c0c0b0f232323010c0c0c020e0c0c0c0c0c0c0c0f020c0c0c0c0c0f020c0c0c0e0c0c0c0c0f0b0c0c080c020c0c0f0c0c2c0c0c0c02360c0c","PASS"
"case-45","silesia","osdb","60f027179302ca3ad87c58ac90b6be72ec23588aaa7a3b7fe8ecc0f11def3fa3","huff_matched","huffman","matched_merge","0","10085684","6846507","64","64","12","1","344576","8","1536","98304","4","54672204","0","8613f90a2d07d80f","0000010002030304050607080903030a0403030a0a0803030a0a0303030a0a030b030a030a0a030303040a03030504070c0d0e0f101112131415160a0a06170a031818191a1b1c171d1e1f2021222316242526272825292a2b012c030a000803082d2e2f0230313233342b35283637193837393a3b323c163d3e1d0a0a000a080a080a0a0800080a0a08080a0a0a08080a0a0a00080a080a0a0a08060a0a03080a0a0a0a080a0a0a08080a0a08080a0a080a0a080a080a0a08080a0a0a0a080a08080a080a0a080a0a0303223f3f3f0a0a0a08030a0a0a0a030a0a03030a0a0a0a0a03080a0a0a030a0a0a0a03080a0a030a080a0a030a0a030a0a0a03080a0a","PASS"
"case-45","silesia","osdb","60f027179302ca3ad87c58ac90b6be72ec23588aaa7a3b7fe8ecc0f11def3fa3","rans_matched","rans","matched_merge","0","10085684","6789762","64","64","12","12","327936","8","1536","80844","4","54235672","4","5c0f6724ade20507","0001020003040506070809070a0b020c0c0d030c0c0e02030c0c0f02100c0c020f020c020c0c0c02110c0c0f02071209131415161718191a1b1c1d0c0c08100c021e1e1f202105101f220e232425261d2728290d2a2b062c2d2e2f2c000c301030283132032e113334352d362a03373839373a043b223c3d373e100c0c010c020c020c0c02020c0c0c39020c0c0c02020c0c0c01020c020c0c0c02090c0c023d0c0c0c0c300c0c0c02020c0c02020c0c020c0c0c0c020c0c02020c0c0c0c020c0c020c020c0c2d0c0c102d253f3f020c0c0c020f0c0c0c0c020c0c02020c0c0c0c0c39020c0c0c020c0c0c0c02100c0c020c020c0c020c0c020c0c0c02360c0c","PASS"
"case-45","silesia","osdb","60f027179302ca3ad87c58ac90b6be72ec23588aaa7a3b7fe8ecc0f11def3fa3","huff_init_only","huffman","initialization_only","0","10085684","7093782","64","64","12","1","344576","8","1536","98304","1","56650407","0","69248db54324b66b","00190d31202f11140c050d100a0b12123d1b16211f3032153d3b3c311a3e132e081d3921383c143a1c3a20173b090f08020107050b0609040a03162726040127252406012b18380235362017120e10341f3f212e27132a1e3a0423053f15001e110c3c223b1d2f2632252c3700301a1b1c3d2d3e150328392914330e0c3e0d221000220f233f2315142402281113270724122a0806250329181726012616280b1a311b34181f32242a0f3319112921350a252f0c300d1c36092d222c232d19202b101d2c1e2e0e372c192b1c0f070e052a0a16383a280b2e39332f361e023406303d331d072d3b133c092b35371a0436343e183831353f291f3203391b173708","PASS"
"case-45","silesia","osdb","60f027179302ca3ad87c58ac90b6be72ec23588aaa7a3b7fe8ecc0f11def3fa3","rans_init_only","rans","initialization_only","0","10085684","7053357","64","64","12","12","327936","8","1536","83640","0","56341640","4","f70868cb17a5719a","00190d31202f11140c050d100a0b12123d1b16211f3032153d3b3c311a3e132e081d3921383c143a1c3a20173b090f08020107050b0609040a03162726040127252406012b18380235362017120e10341f3f212e27132a1e3a0423053f15001e110c3c223b1d2f2632252c3700301a1b1c3d2d3e150328392914330e0c3e0d221000220f233f2315142402281113270724122a0806250329181726012616280b1a311b34181f32242a0f3319112921350a252f0c300d1c36092d222c232d19202b101d2c1e2e0e372c192b1c0f070e052a0a16383a280b2e39332f361e023406303d331d072d3b133c092b35371a0436343e183831353f291f3203391b173708","PASS"
"case-45","silesia","osdb","60f027179302ca3ad87c58ac90b6be72ec23588aaa7a3b7fe8ecc0f11def3fa3","huff_payload_only","huffman","reassignment","1","10085684","6853020","64","64","12","1","344576","8","1536","98304","4","54724308","0","c5f442c4f8b08d00","00190d31120b1114030508100a0b120d0f21160d0d3132150d0d3c311a0d312e0c1d0d210d0d123a1c0f12173b030f0802010405060609040a0316310d05120d25240c0c2b18380c35362017120e10341f3f212e27132a1e3a1d231e0019111e110c3c223b1d2f2632252c3722301a1b1c3d2d3e1536283929143300003e312200003100233f340000240231000027073400311900311831000026083100281f00310034180031002a0f3100112900310a003134310d00340d310031001919002610002c003134310d192b0e0e0e0e310d310f380d0d310d390d0d361e340d310d0d3311310d0d130d310d0d371a310d340d180d0d350d0d1f0d340d1b170d31","PASS"
"case-45","silesia","osdb","60f027179302ca3ad87c58ac90b6be72ec23588aaa7a3b7fe8ecc0f11def3fa3","rans_payload_only","rans","reassignment","1","10085684","6829632","64","64","12","12","327936","8","1536","82198","2","54553280","4","dbe7fc6fb363d9e3","00190d31202f1114030508100a0b120d281b163b3d2c32150d0d26311a0d282e0c1d0d210d0d203a1c0d20173b050f08020104050b0609040a0316280d05200d25240c0c2b18380c35362017120e10341f3f212e27132a1e3a1d231e000d111e110c3c223b1d2f2632252c371c301a1b1c3d2d3e15360c3929143300003e002200002800233f340000240d28000027073400281900281828000026082800283900280034180028002a0f2800112900280a002834280d003409280028001919002610002c002834280d192b0e0e0e0e280d2816380d0d280d390d0d361e340d280d0d331d280d0d130d280d0d371a280d340d180d0d350d0d1f0d340d1b170d28","PASS"
"case-45","silesia","osdb","60f027179302ca3ad87c58ac90b6be72ec23588aaa7a3b7fe8ecc0f11def3fa3","rans_estimated_total","rans","reassignment","2","10085684","6829632","64","64","12","1","327936","8","1536","82198","2","54553280","4","dbe7fc6fb363d9e3","00190d31202f1114030508100a0b120d281b163b3d2c32150d0d26311a0d282e0c1d0d210d0d203a1c0d20173b050f08020104050b0609040a0316280d05200d25240c0c2b18380c35362017120e10341f3f212e27132a1e3a1d231e000d111e110c3c223b1d2f2632252c371c301a1b1c3d2d3e15360c3929143300003e002200002800233f340000240d28000027073400281900281828000026082800283900280034180028002a0f2800112900280a002834280d003409280028001919002610002c002834280d192b0e0e0e0e280d2816380d0d280d390d0d361e340d280d0d331d280d0d130d280d0d371a280d340d180d0d350d0d1f0d340d1b170d28","PASS"
"case-45","silesia","osdb","60f027179302ca3ad87c58ac90b6be72ec23588aaa7a3b7fe8ecc0f11def3fa3","huff_single","huffman","reassignment","0","10085684","8342067","1","1","1","1","5384","8","0","1536","4","66734988","0","ed5f9a98710460cb","00000000000000000000000000000000000000000000000000000000000000000000000000000000000000000000000000000000000000000000000000000000000000000000000000000000000000000000000000000000000000000000000000000000000000000000000000000000000000000000000000000000000000000000000000000000000000000000000000000000000000000000000000000000000000000000000000000000000000000000000000000000000000000000000000000000000000000000000000000000000000000000000000000000000000000000000000000000000000000000000000000000000000000000000000000000","PASS"
"case-45","silesia","osdb","60f027179302ca3ad87c58ac90b6be72ec23588aaa7a3b7fe8ecc0f11def3fa3","rans_single","rans_highbits","fixed_reference","0","10085684","8329105","1","1","1","1","5124","8","0","1495","1","66631304","4","8475277efff087d9","00000000000000000000000000000000000000000000000000000000000000000000000000000000000000000000000000000000000000000000000000000000000000000000000000000000000000000000000000000000000000000000000000000000000000000000000000000000000000000000000000000000000000000000000000000000000000000000000000000000000000000000000000000000000000000000000000000000000000000000000000000000000000000000000000000000000000000000000000000000000000000000000000000000000000000000000000000000000000000000000000000000000000000000000000000000","PASS"
"case-45","silesia","osdb","60f027179302ca3ad87c58ac90b6be72ec23588aaa7a3b7fe8ecc0f11def3fa3","rans_highbits","rans_highbits","fixed_reference","0","10085684","6486520","256","256","9","9","1311744","8","0","347690","6","51544424","4","85ee1829acb31104","000102030405060708090a0b0c0d0e0f101112131415161718191a1b1c1d1e1f202122232425262728292a2b2c2d2e2f303132333435363738393a3b3c3d3e3f404142434445464748494a4b4c4d4e4f505152535455565758595a5b5c5d5e5f606162636465666768696a6b6c6d6e6f707172737475767778797a7b7c7d7e7f808182838485868788898a8b8c8d8e8f909192939495969798999a9b9c9d9e9fa0a1a2a3a4a5a6a7a8a9aaabacadaeafb0b1b2b3b4b5b6b7b8b9babbbcbdbebfc0c1c2c3c4c5c6c7c8c9cacbcccdcecfd0d1d2d3d4d5d6d7d8d9dadbdcdddedfe0e1e2e3e4e5e6e7e8e9eaebecedeeeff0f1f2f3f4f5f6f7f8f9fafbfcfdfeff","PASS"
"case-45","silesia","osdb","60f027179302ca3ad87c58ac90b6be72ec23588aaa7a3b7fe8ecc0f11def3fa3","adaptive_order1","adaptive_order1","fixed_reference","0","10085684","6488521","256","256","1","1","132096","0","0","0","0","0","0","0a3970bfd7ba27ec","00000000000000000000000000000000000000000000000000000000000000000000000000000000000000000000000000000000000000000000000000000000000000000000000000000000000000000000000000000000000000000000000000000000000000000000000000000000000000000000000000000000000000000000000000000000000000000000000000000000000000000000000000000000000000000000000000000000000000000000000000000000000000000000000000000000000000000000000000000000000000000000000000000000000000000000000000000000000000000000000000000000000000000000000000000000","PASS"
"case-46","silesia","reymont","0eac0114a3dfe6e2ee1f345a0f79d653cb26c3bc9f0ed79238af4933422b7578","huff_reassignment","huffman","reassignment","0","6627202","2356748","64","64","12","1","344576","8","1536","105688","0","18746752","0","04ee52cd05cfae3c","202020202020202020202a2020202020202020202020202020202020202020200a32202020202020000120202002152c110403050607100c091220202f202e3c2034353936243329382d232938383b363120303a172d203e20203d2508242020200b271a140e37292b0d221e2821160f1f2018191d263a1c3f1b1320202d20202020202020202020202020202020202020202020202020202020202020202020202020202020202020202020202020202020202020202020202020202020202020202020202020202020202020202020202020202020202020202020202020202020202020202020202020202020202020202020202020202020202020202020","PASS"
"case-46","silesia","reymont","0eac0114a3dfe6e2ee1f345a0f79d653cb26c3bc9f0ed79238af4933422b7578","rans_reassignment","rans","reassignment","0","6627202","2293262","64","64","12","12","327936","8","1536","46512","0","18298008","4","5069ed506d3c8763","3a3a3a3a3a3a3a3a3a3a2a3a3a3a3a3a3a3a3a3a3a3a3a3a3a3a3a3a3a3a3a3a0a323c3a3a3a3a3a00013a3a2002152c110403050607100c09122d2d2f3a2e323a343539362433293834232938383b36313a3018171b3a3e3a3a3d2508243a3a3a0b271a140e37292b0d221e2821160f1f3a18191d263a1c3f1b132d3a3a3a3a3a3a3a3a3a3a3a3a3a3a3a3a3a3a3a3a3a3a3a3a3a3a3a3a3a3a3a3a3a3a3a3a3a3a3a3a3a3a3a3a3a3a3a3a3a3a3a3a3a3a3a3a3a3a3a3a3a3a3a3a3a3a3a3a3a3a3a3a3a3a3a3a3a3a3a3a3a3a3a3a3a3a3a3a3a3a3a3a3a3a3a3a3a3a3a3a3a3a3a3a3a3a3a3a3a3a3a3a3a3a3a3a3a3a3a3a3a3a3a3a3a3a3a3a3a3a3a3a","PASS"
"case-46","silesia","reymont","0eac0114a3dfe6e2ee1f345a0f79d653cb26c3bc9f0ed79238af4933422b7578","huff_native","huffman","brotli_native_policy","0","6627202","2353222","64","64","12","1","344576","8","1536","105506","3","18718723","0","242a990ed3d11e89","00000000000000000000010000000000000000000000000000000000000000000203040000000000050600000708090a0b0c0d0e0f1011121314040415001603001718191a1b1c191d041e191d1d1f1a200021222300002400002526271b00000028292a2b2c2d2e2f30313233343536370038393a3b003c3d3e3f07000000000000000000000000000000000000000000000000000000000000000000000000000000000000000000000000000000000000000000000000000000000000000000000000000000000000000000000000000000000000000000000000000000000000000000000000000000000000000000000000000000000000000000000000","PASS"
"case-46","silesia","reymont","0eac0114a3dfe6e2ee1f345a0f79d653cb26c3bc9f0ed79238af4933422b7578","rans_native","rans","brotli_native_policy","0","6627202","2292445","64","64","12","12","327936","8","1536","45990","2","18291992","4","370798c04965e5a1","00000000000000000000010000000000000000000000000000000000000000000203040000000000050600000708090a0b0c0d0e0f1011121314040415001603001718191a1b1c191d041e191d1d1f1a200021222300002400002526271b00000028292a2b2c2d2e2f30313233343536370038393a3b003c3d3e3f07000000000000000000000000000000000000000000000000000000000000000000000000000000000000000000000000000000000000000000000000000000000000000000000000000000000000000000000000000000000000000000000000000000000000000000000000000000000000000000000000000000000000000000000000","PASS"
"case-46","silesia","reymont","0eac0114a3dfe6e2ee1f345a0f79d653cb26c3bc9f0ed79238af4933422b7578","huff_matched","huffman","matched_merge","0","6627202","2352709","64","60","12","1","323040","8","1536","99150","2","18720976","0","50b7600bd3f8a03c","000000000000000000000100000000000000000000000000000000000000000002030300000000000405000003060708090a0b0c0d0e0f101112030313001403001516161718191a1b031c1a1d1d1e1f2000211d221f002300001b242518000000262728292a2b2c2d2e2f303132333435003637383900232b3a3b03000000000000000000000000000000000000000000000000000000000000000000000000000000000000000000000000000000000000000000000000000000000000000000000000000000000000000000000000000000000000000000000000000000000000000000000000000000000000000000000000000000000000000000000000","PASS"
"case-46","silesia","reymont","0eac0114a3dfe6e2ee1f345a0f79d653cb26c3bc9f0ed79238af4933422b7578","rans_matched","rans","matched_merge","0","6627202","2292341","64","64","12","12","327936","8","1536","45640","0","18291512","4","263eb86a139f1d56","0000000000000000000001000000000000000000000000000000000000000000020300000000000004050000060708090a0b0c0d0e0f1011121303031400150300161718191a1b181c1d1e181c1c1f19200021222300001d00002425261a0000002728292a2b2c2d2e2f30313233343536003738393a003b3c3d3e3f000000000000000000000000000000000000000000000000000000000000000000000000000000000000000000000000000000000000000000000000000000000000000000000000000000000000000000000000000000000000000000000000000000000000000000000000000000000000000000000000000000000000000000000000","PASS"
"case-46","silesia","reymont","0eac0114a3dfe6e2ee1f345a0f79d653cb26c3bc9f0ed79238af4933422b7578","huff_init_only","huffman","initialization_only","0","6627202","2378446","64","64","12","1","344576","8","1536","106804","5","18919215","0","c3844eb63d2f3bfd","2e2927192b1617252d262a2d1739293a281d201e1a181b1a3f3a3c28291619000a320a15060b3409000121232002152c110403050607100c091201032f102e3c35343539360633080704230002383b053120303a1709353e12103d250824100a1b0b271a140e37292b0d221e2821160f1f0c18191d260d1c3f1b132d250e2a0b3e2e072a113611242c2e0b36361f1408133717220c3f2f2b25211e2f38393e010c12060901303031003d02381a182f0d1320031c041b213b0337183a11221526300722121d3d13391e263b38192c3e0424310a23163123322b0f33350d2a1c341f331c2c24270532051f3f27280e2d32140f3b3c08370e1d3334153c3d14020f","PASS"
"case-46","silesia","reymont","0eac0114a3dfe6e2ee1f345a0f79d653cb26c3bc9f0ed79238af4933422b7578","rans_init_only","rans","initialization_only","0","6627202","2345305","64","64","12","12","327936","8","1536","60230","2","18700632","4","b023413014a1631a","2e2927192b1617252d262a2d1739293a281d201e1a181b1a3f3a3c28291619000a320a15060b3409000121232002152c110403050607100c091201032f102e3c35343539360633080704230002383b053120303a1709353e12103d250824100a1b0b271a140e37292b0d221e2821160f1f0c18191d260d1c3f1b132d250e2a0b3e2e072a113611242c2e0b36361f1408133717220c3f2f2b25211e2f38393e010c12060901303031003d02381a182f0d1320031c041b213b0337183a11221526300722121d3d13391e263b38192c3e0424310a23163123322b0f33350d2a1c341f331c2c24270532051f3f27280e2d32140f3b3c08370e1d3334153c3d14020f","PASS"
"case-46","silesia","reymont","0eac0114a3dfe6e2ee1f345a0f79d653cb26c3bc9f0ed79238af4933422b7578","huff_payload_only","huffman","reassignment","1","6627202","2356748","64","64","12","1","344576","8","1536","105688","0","18746752","0","04ee52cd05cfae3c","202020202020202020202a2020202020202020202020202020202020202020200a32202020202020000120202002152c110403050607100c091220202f202e3c2034353936243329382d232938383b363120303a172d203e20203d2508242020200b271a140e37292b0d221e2821160f1f2018191d263a1c3f1b1320202d20202020202020202020202020202020202020202020202020202020202020202020202020202020202020202020202020202020202020202020202020202020202020202020202020202020202020202020202020202020202020202020202020202020202020202020202020202020202020202020202020202020202020202020","PASS"
"case-46","silesia","reymont","0eac0114a3dfe6e2ee1f345a0f79d653cb26c3bc9f0ed79238af4933422b7578","rans_payload_only","rans","reassignment","1","6627202","2293262","64","64","12","12","327936","8","1536","46512","0","18298008","4","5069ed506d3c8763","3a3a3a3a3a3a3a3a3a3a2a3a3a3a3a3a3a3a3a3a3a3a3a3a3a3a3a3a3a3a3a3a0a323c3a3a3a3a3a00013a3a2002152c110403050607100c09122d2d2f3a2e323a343539362433293834232938383b36313a3018171b3a3e3a3a3d2508243a3a3a0b271a140e37292b0d221e2821160f1f3a18191d263a1c3f1b132d3a3a3a3a3a3a3a3a3a3a3a3a3a3a3a3a3a3a3a3a3a3a3a3a3a3a3a3a3a3a3a3a3a3a3a3a3a3a3a3a3a3a3a3a3a3a3a3a3a3a3a3a3a3a3a3a3a3a3a3a3a3a3a3a3a3a3a3a3a3a3a3a3a3a3a3a3a3a3a3a3a3a3a3a3a3a3a3a3a3a3a3a3a3a3a3a3a3a3a3a3a3a3a3a3a3a3a3a3a3a3a3a3a3a3a3a3a3a3a3a3a3a3a3a3a3a3a3a3a3a3a3a","PASS"
"case-46","silesia","reymont","0eac0114a3dfe6e2ee1f345a0f79d653cb26c3bc9f0ed79238af4933422b7578","rans_estimated_total","rans","reassignment","2","6627202","2293262","64","64","12","1","327936","8","1536","46512","0","18298008","4","5069ed506d3c8763","3a3a3a3a3a3a3a3a3a3a2a3a3a3a3a3a3a3a3a3a3a3a3a3a3a3a3a3a3a3a3a3a0a323c3a3a3a3a3a00013a3a2002152c110403050607100c09122d2d2f3a2e323a343539362433293834232938383b36313a3018171b3a3e3a3a3d2508243a3a3a0b271a140e37292b0d221e2821160f1f3a18191d263a1c3f1b132d3a3a3a3a3a3a3a3a3a3a3a3a3a3a3a3a3a3a3a3a3a3a3a3a3a3a3a3a3a3a3a3a3a3a3a3a3a3a3a3a3a3a3a3a3a3a3a3a3a3a3a3a3a3a3a3a3a3a3a3a3a3a3a3a3a3a3a3a3a3a3a3a3a3a3a3a3a3a3a3a3a3a3a3a3a3a3a3a3a3a3a3a3a3a3a3a3a3a3a3a3a3a3a3a3a3a3a3a3a3a3a3a3a3a3a3a3a3a3a3a3a3a3a3a3a3a3a3a3a3a3a3a","PASS"
"case-46","silesia","reymont","0eac0114a3dfe6e2ee1f345a0f79d653cb26c3bc9f0ed79238af4933422b7578","huff_single","huffman","reassignment","0","6627202","4031488","1","1","1","1","5384","8","0","1536","2","32250358","0","a8b262b13514fea6","00000000000000000000000000000000000000000000000000000000000000000000000000000000000000000000000000000000000000000000000000000000000000000000000000000000000000000000000000000000000000000000000000000000000000000000000000000000000000000000000000000000000000000000000000000000000000000000000000000000000000000000000000000000000000000000000000000000000000000000000000000000000000000000000000000000000000000000000000000000000000000000000000000000000000000000000000000000000000000000000000000000000000000000000000000000","PASS"
"case-46","silesia","reymont","0eac0114a3dfe6e2ee1f345a0f79d653cb26c3bc9f0ed79238af4933422b7578","rans_single","rans_highbits","fixed_reference","0","6627202","4050522","1","1","1","1","5124","8","0","1167","1","32402968","4","b6ac77ca5837c0b1","00000000000000000000000000000000000000000000000000000000000000000000000000000000000000000000000000000000000000000000000000000000000000000000000000000000000000000000000000000000000000000000000000000000000000000000000000000000000000000000000000000000000000000000000000000000000000000000000000000000000000000000000000000000000000000000000000000000000000000000000000000000000000000000000000000000000000000000000000000000000000000000000000000000000000000000000000000000000000000000000000000000000000000000000000000000","PASS"
"case-46","silesia","reymont","0eac0114a3dfe6e2ee1f345a0f79d653cb26c3bc9f0ed79238af4933422b7578","rans_highbits","rans_highbits","fixed_reference","0","6627202","2316025","256","256","9","9","1311744","8","0","286650","6","18241504","4","f720dae7a4f3e24f","000102030405060708090a0b0c0d0e0f101112131415161718191a1b1c1d1e1f202122232425262728292a2b2c2d2e2f303132333435363738393a3b3c3d3e3f404142434445464748494a4b4c4d4e4f505152535455565758595a5b5c5d5e5f606162636465666768696a6b6c6d6e6f707172737475767778797a7b7c7d7e7f808182838485868788898a8b8c8d8e8f909192939495969798999a9b9c9d9e9fa0a1a2a3a4a5a6a7a8a9aaabacadaeafb0b1b2b3b4b5b6b7b8b9babbbcbdbebfc0c1c2c3c4c5c6c7c8c9cacbcccdcecfd0d1d2d3d4d5d6d7d8d9dadbdcdddedfe0e1e2e3e4e5e6e7e8e9eaebecedeeeff0f1f2f3f4f5f6f7f8f9fafbfcfdfeff","PASS"
"case-46","silesia","reymont","0eac0114a3dfe6e2ee1f345a0f79d653cb26c3bc9f0ed79238af4933422b7578","adaptive_order1","adaptive_order1","fixed_reference","0","6627202","2249508","256","256","1","1","132096","0","0","0","0","0","0","6a4a25ea9f078676","00000000000000000000000000000000000000000000000000000000000000000000000000000000000000000000000000000000000000000000000000000000000000000000000000000000000000000000000000000000000000000000000000000000000000000000000000000000000000000000000000000000000000000000000000000000000000000000000000000000000000000000000000000000000000000000000000000000000000000000000000000000000000000000000000000000000000000000000000000000000000000000000000000000000000000000000000000000000000000000000000000000000000000000000000000000","PASS"
"case-47","silesia","samba","93ba07bc44d8267789c1d911992f40b089ffa2140b4a160fac11ccae9a40e7b2","huff_reassignment","huffman","reassignment","0","21606400","11782206","64","64","12","1","344576","8","1536","98304","6","94157794","0","62b05d5ea73b18ed","013c3c3c3c3c3c3c3c0c073c3c273c3c3c3c3c3c3c3c3c3c3c3c3c3c3c3c3c3c002e24372e2e2e242e2f043823312b260d33333d3d3f3f3f3f3f23182d32273e3c1335201b0f2a363412073e1c221f282c35221d2129221c3e1c3e2b0b2f3c153c062510110219301a092b110e170a0b1625080503143b391e3a3b183e243c3c3c3c3c3c3c3c3c3c3c3c3c3c3c3c3c3c3c3c3c3c3c3c3c3c3c3c3c3c3c3c3c3c3c3c3c3c3c3c3c3c3c3c3c3c3c3c3c3c3c3c3c3c3c3c3c3c3c3c3c3c3c3c3c3c3c3c3c3c3c3c3c3c3c3c3c3c3c3c3c3c3c3c3c3c3c3c3c3c3c3c3c3c3c3c3c3c3c3c3c3c3c3c3c3c3c3c3c3c3c3c3c3c3c3c3c3c3c3c3c3c3c3c3c3c3c3c3c3c","PASS"
"case-47","silesia","samba","93ba07bc44d8267789c1d911992f40b089ffa2140b4a160fac11ccae9a40e7b2","rans_reassignment","rans","reassignment","0","21606400","11622048","64","64","12","12","327936","8","1536","70598","2","92904208","4","cd4ad3aa959964f0","013f3f3f3f3f3f3f3f0c073f3f183f3f3f3f3f3f3f3f3f3f3f3f3f3f3f3f3f3f003c243700002e242e2f043c23312b260d33383d3d3d3d3d3d3d2b182d32273c3c1335201b0f2a363412073e1c221f282c35221d21292221211c3c000b2f3f153c062510110219301a093c110e170a0b1625080503143b391e3a3b183e2f3f3f3f3f3f3f3f3f3f3f3f3f3f3f3f3f3f3f3f3f3f3f3f3f3f3f3f3f3f3f3f3f3f3f3f3f3f3f3f3f3f3f3f3f3f3f3f3f3f3f3f3f3f3f3f3f3f3f3f3f3f3f3f3f3f3f3f3f3f3f3f3f3f3f3f3f3f3f3f3f3f3f3f3f3f3f3f3f3f3f3f3f3f3f3f3f3f3f3f3f3f3f3f3f3f3f3f3f3f3f3f3f3f3f3f3f3f3f3f3f3f3f3f3f3f3f3f3f3f3f","PASS"
"case-47","silesia","samba","93ba07bc44d8267789c1d911992f40b089ffa2140b4a160fac11ccae9a40e7b2","huff_native","huffman","brotli_native_policy","0","21606400","11746675","64","64","12","1","344576","8","1536","98304","6","93873546","0","adcced0e7ffe4041","0001010101010101010203010104010101010101010101010101010101010101050607080606060706090a010b0c0d0e0f1011101110101010100b121314150101161718191a1b1c1d1e1f202122232425172226272822272021010106090129012a2b2c2d2e2f303132013033343536372b38393a3b3c3d3e3f3c04200401010101010101010101010101010101010101010101010101010101010101010101010101010101010101010101010101010101010101010101010101010101010101010101010101010101010101010101010101010101010101010101010101010101010101010101010101010101010101010101010101010101010101010101","PASS"
"case-47","silesia","samba","93ba07bc44d8267789c1d911992f40b089ffa2140b4a160fac11ccae9a40e7b2","rans_native","rans","brotli_native_policy","0","21606400","11593028","64","64","12","12","327936","8","1536","69684","4","92672960","4","704284cdb1d78c25","0001010101010101010203010104010101010101010101010101010101010101050607080606060706090a010b0c0d0e0f1011101110101010100b121314150101161718191a1b1c1d1e1f202122232425172226272822272021010106090129012a2b2c2d2e2f303132013033343536372b38393a3b3c3d3e3f3c04200401010101010101010101010101010101010101010101010101010101010101010101010101010101010101010101010101010101010101010101010101010101010101010101010101010101010101010101010101010101010101010101010101010101010101010101010101010101010101010101010101010101010101010101","PASS"
"case-47","silesia","samba","93ba07bc44d8267789c1d911992f40b089ffa2140b4a160fac11ccae9a40e7b2","huff_matched","huffman","matched_merge","0","21606400","11761998","64","64","12","1","344576","8","1536","98304","0","93996136","0","4e92d9e2105d89fd","0001010101010101010203010104010101010101010101010101010101010101050406070408080408090a040b0c0d0e0f1011111110111010100b121314150101161718191a1b1c1d1e1f202122232425042226272822272021010104090129012a2b2c2d2e2f303132043033343536370438393a3b3c3d3e3f3c04200401010101010101010101010101010101010101010101010101010101010101010101010101010101010101010101010101010101010101010101010101010101010101010101010101010101010101010101010101010101010101010101010101010101010101010101010101010101010101010101010101010101010101010101","PASS"
"case-47","silesia","samba","93ba07bc44d8267789c1d911992f40b089ffa2140b4a160fac11ccae9a40e7b2","rans_matched","rans","matched_merge","0","21606400","11593735","64","64","12","12","327936","8","1536","69506","6","92678792","4","0e37673a74229aa2","0001010101010101010203010104010101010101010101010101010101010101050607080506060706090a010b0c0d0e0f1011101110101010100b121314150101161718191a1b1c1d1e1f202122232425012226272822270121010106090129012a2b2c2d2e2f303132012d33343536372b38393a3b3c3d3e3f3c04200401010101010101010101010101010101010101010101010101010101010101010101010101010101010101010101010101010101010101010101010101010101010101010101010101010101010101010101010101010101010101010101010101010101010101010101010101010101010101010101010101010101010101010101","PASS"
"case-47","silesia","samba","93ba07bc44d8267789c1d911992f40b089ffa2140b4a160fac11ccae9a40e7b2","huff_init_only","huffman","initialization_only","0","21606400","12405050","64","64","12","1","344576","8","1536","98304","5","99140547","0","f956f89033f3824e","0121252b242829321e0c073834021f30270a1c3506361b1c3c261a013d2c2637001224370f100e142e2f041823312b260d333800013d3c04033f0d182d32272c1c1335201b0f2a363412073e1c051f282c1d221d2129110c190a20150b1335151f062510110219301a091b060e170a0b1616080503143b391e3a17081a09143f2339373d3b0d0718331d023f093530242e1332142b340f18001923310b3c052f2a172027252a100b3a11031213022d292d043e08393f2c033e0c081e22161731260e282921010f19361605150c2e001f301e1b2b2a1a092d0a073a243b0d1d362f3820150e2e2811042f10373327253c31323b3823332134063a2239123e223d","PASS"
"case-47","silesia","samba","93ba07bc44d8267789c1d911992f40b089ffa2140b4a160fac11ccae9a40e7b2","rans_init_only","rans","initialization_only","0","21606400","12254672","64","64","12","12","327936","8","1536","73996","4","97961800","4","7fce44be768924f4","0121252b242829321e0c073834021f30270a1c3506361b1c3c261a013d2c2637001224370f100e142e2f041823312b260d333800013d3c04033f0d182d32272c1c1335201b0f2a363412073e1c051f282c1d221d2129110c190a20150b1335151f062510110219301a091b060e170a0b1616080503143b391e3a17081a09143f2339373d3b0d0718331d023f093530242e1332142b340f18001923310b3c052f2a172027252a100b3a11031213022d292d043e08393f2c033e0c081e22161731260e282921010f19361605150c2e001f301e1b2b2a1a092d0a073a243b0d1d362f3820150e2e2811042f10373327253c31323b3823332134063a2239123e223d","PASS"
"case-47","silesia","samba","93ba07bc44d8267789c1d911992f40b089ffa2140b4a160fac11ccae9a40e7b2","huff_payload_only","huffman","reassignment","1","21606400","11782206","64","64","12","1","344576","8","1536","98304","6","94157794","0","62b05d5ea73b18ed","013c3c3c3c3c3c3c3c0c073c3c273c3c3c3c3c3c3c3c3c3c3c3c3c3c3c3c3c3c002e24372e2e2e242e2f043823312b260d33333d3d3f3f3f3f3f23182d32273e3c1335201b0f2a363412073e1c221f282c35221d2129221c3e1c3e2b0b2f3c153c062510110219301a092b110e170a0b1625080503143b391e3a3b183e243c3c3c3c3c3c3c3c3c3c3c3c3c3c3c3c3c3c3c3c3c3c3c3c3c3c3c3c3c3c3c3c3c3c3c3c3c3c3c3c3c3c3c3c3c3c3c3c3c3c3c3c3c3c3c3c3c3c3c3c3c3c3c3c3c3c3c3c3c3c3c3c3c3c3c3c3c3c3c3c3c3c3c3c3c3c3c3c3c3c3c3c3c3c3c3c3c3c3c3c3c3c3c3c3c3c3c3c3c3c3c3c3c3c3c3c3c3c3c3c3c3c3c3c3c3c3c3c3c3c","PASS"
"case-47","silesia","samba","93ba07bc44d8267789c1d911992f40b089ffa2140b4a160fac11ccae9a40e7b2","rans_payload_only","rans","reassignment","1","21606400","11622048","64","64","12","12","327936","8","1536","70598","2","92904208","4","cd4ad3aa959964f0","013f3f3f3f3f3f3f3f0c073f3f183f3f3f3f3f3f3f3f3f3f3f3f3f3f3f3f3f3f003c243700002e242e2f043c23312b260d33383d3d3d3d3d3d3d2b182d32273c3c1335201b0f2a363412073e1c221f282c35221d21292221211c3c000b2f3f153c062510110219301a093c110e170a0b1625080503143b391e3a3b183e2f3f3f3f3f3f3f3f3f3f3f3f3f3f3f3f3f3f3f3f3f3f3f3f3f3f3f3f3f3f3f3f3f3f3f3f3f3f3f3f3f3f3f3f3f3f3f3f3f3f3f3f3f3f3f3f3f3f3f3f3f3f3f3f3f3f3f3f3f3f3f3f3f3f3f3f3f3f3f3f3f3f3f3f3f3f3f3f3f3f3f3f3f3f3f3f3f3f3f3f3f3f3f3f3f3f3f3f3f3f3f3f3f3f3f3f3f3f3f3f3f3f3f3f3f3f3f3f3f3f3f","PASS"
"case-47","silesia","samba","93ba07bc44d8267789c1d911992f40b089ffa2140b4a160fac11ccae9a40e7b2","rans_estimated_total","rans","reassignment","2","21606400","11622048","64","64","12","1","327936","8","1536","70598","2","92904208","4","cd4ad3aa959964f0","013f3f3f3f3f3f3f3f0c073f3f183f3f3f3f3f3f3f3f3f3f3f3f3f3f3f3f3f3f003c243700002e242e2f043c23312b260d33383d3d3d3d3d3d3d2b182d32273c3c1335201b0f2a363412073e1c221f282c35221d21292221211c3c000b2f3f153c062510110219301a093c110e170a0b1625080503143b391e3a3b183e2f3f3f3f3f3f3f3f3f3f3f3f3f3f3f3f3f3f3f3f3f3f3f3f3f3f3f3f3f3f3f3f3f3f3f3f3f3f3f3f3f3f3f3f3f3f3f3f3f3f3f3f3f3f3f3f3f3f3f3f3f3f3f3f3f3f3f3f3f3f3f3f3f3f3f3f3f3f3f3f3f3f3f3f3f3f3f3f3f3f3f3f3f3f3f3f3f3f3f3f3f3f3f3f3f3f3f3f3f3f3f3f3f3f3f3f3f3f3f3f3f3f3f3f3f3f3f3f3f3f3f","PASS"
"case-47","silesia","samba","93ba07bc44d8267789c1d911992f40b089ffa2140b4a160fac11ccae9a40e7b2","huff_single","huffman","reassignment","0","21606400","16546737","1","1","1","1","5384","8","0","1536","4","132372348","0","1a9e0591ba9cd6c4","00000000000000000000000000000000000000000000000000000000000000000000000000000000000000000000000000000000000000000000000000000000000000000000000000000000000000000000000000000000000000000000000000000000000000000000000000000000000000000000000000000000000000000000000000000000000000000000000000000000000000000000000000000000000000000000000000000000000000000000000000000000000000000000000000000000000000000000000000000000000000000000000000000000000000000000000000000000000000000000000000000000000000000000000000000000","PASS"
"case-47","silesia","samba","93ba07bc44d8267789c1d911992f40b089ffa2140b4a160fac11ccae9a40e7b2","rans_single","rans_highbits","fixed_reference","0","21606400","16468125","1","1","1","1","5124","8","0","1345","7","131743608","4","c14bdc00bcb1142f","00000000000000000000000000000000000000000000000000000000000000000000000000000000000000000000000000000000000000000000000000000000000000000000000000000000000000000000000000000000000000000000000000000000000000000000000000000000000000000000000000000000000000000000000000000000000000000000000000000000000000000000000000000000000000000000000000000000000000000000000000000000000000000000000000000000000000000000000000000000000000000000000000000000000000000000000000000000000000000000000000000000000000000000000000000000","PASS"
"case-47","silesia","samba","93ba07bc44d8267789c1d911992f40b089ffa2140b4a160fac11ccae9a40e7b2","rans_highbits","rans_highbits","fixed_reference","0","21606400","11522078","256","256","9","9","1311744","8","0","434418","6","91742160","4","26bd2c7fce0e3771","000102030405060708090a0b0c0d0e0f101112131415161718191a1b1c1d1e1f202122232425262728292a2b2c2d2e2f303132333435363738393a3b3c3d3e3f404142434445464748494a4b4c4d4e4f505152535455565758595a5b5c5d5e5f606162636465666768696a6b6c6d6e6f707172737475767778797a7b7c7d7e7f808182838485868788898a8b8c8d8e8f909192939495969798999a9b9c9d9e9fa0a1a2a3a4a5a6a7a8a9aaabacadaeafb0b1b2b3b4b5b6b7b8b9babbbcbdbebfc0c1c2c3c4c5c6c7c8c9cacbcccdcecfd0d1d2d3d4d5d6d7d8d9dadbdcdddedfe0e1e2e3e4e5e6e7e8e9eaebecedeeeff0f1f2f3f4f5f6f7f8f9fafbfcfdfeff","PASS"
"case-47","silesia","samba","93ba07bc44d8267789c1d911992f40b089ffa2140b4a160fac11ccae9a40e7b2","adaptive_order1","adaptive_order1","fixed_reference","0","21606400","9568814","256","256","1","1","132096","0","0","0","0","0","0","fd1af99527906fb9","00000000000000000000000000000000000000000000000000000000000000000000000000000000000000000000000000000000000000000000000000000000000000000000000000000000000000000000000000000000000000000000000000000000000000000000000000000000000000000000000000000000000000000000000000000000000000000000000000000000000000000000000000000000000000000000000000000000000000000000000000000000000000000000000000000000000000000000000000000000000000000000000000000000000000000000000000000000000000000000000000000000000000000000000000000000","PASS"
"case-48","silesia","sao","c2d0ea2cc59d4c21b7fe43a71499342a00cbe530a1d5548770e91ecd6214adcc","huff_reassignment","huffman","reassignment","0","7251944","5462438","64","61","12","1","328424","8","1536","93696","1","43604263","0","c184a6dab5179a9a","15331801272a2f27333333331f33330033273333271d3333332f02022e0202230837023714061939020236170202020b0c040a06040c2a350c1e022e02023600020d3c37023713113602020b0202303a2e023602023702030d022e022902023202023702022e360e020234020202022836023c023707022102192c0202020237370237023602022e37371e022e2d3637372e02021002020231022b2f2e02370237023620022516371402122e360202372e0404040504363030300a19143014033b302530263814303032392e30303030212630261a26152626262e2626260926241b26261c383b263b26382426261c3824243b263b26253b1c1622263b070f0f","PASS"
"case-48","silesia","sao","c2d0ea2cc59d4c21b7fe43a71499342a00cbe530a1d5548770e91ecd6214adcc","rans_reassignment","rans","reassignment","0","7251944","5436364","64","60","12","12","307440","8","1536","88918","2","43400416","4","00aa48305b0813cd","152e18012f2a2e2f2e2e2e2e1e2e2e002f272f2f2f1c322f2e2e02022d0202220802020214061938020235170202020b07040a0404072a34071d022d02023500020d3b02020213113502020b020236392d023502020202020d022d022902021b21020202022d350e020233020202022835023b020202022002192b0202020202020202023502022d02021d022d2c3502022d0202100202023002232e2d0202020202351f020216021402122d35020202370404040504350202360a19143614033a362536363714363631382d36363636203636361a363636363624363636093626262626263726263a2637232626143726263a36360c2536141621213a070f0f","PASS"
"case-48","silesia","sao","c2d0ea2cc59d4c21b7fe43a71499342a00cbe530a1d5548770e91ecd6214adcc","huff_native","huffman","brotli_native_policy","0","7251944","5461630","64","64","12","1","344576","8","1536","98304","1","43593191","0","d9b09eff92986cee","00010203020401050601010105010101010701010508090101060a0a070a0a0b0c0a0a0a0d0d0e0f0a0a10110a0a0a12130f141516171819191a0a070a0a101b0a1c1d190a0a1e1f100a0a200a210622070a090a0a0a0a0d230a070a240a0a250a0a0a0a0a0710260a0a270a0a0a0a28100a180a0a0d0a290a2a2b0a0a0a0a0a150a0a0a2c0a0a070a0a0d0a072d100a0a070a0a2e0a0a0a2f0a0a06070a0a0a0a0a10300a0a31060a0a3207100a0a0a070f0f0f330f0906060618340606183509063606060706060637380706060606390606063a063b060606073b06063c063b3b3b3b3b3b3b3b3b3b073b3b3b3b063b3b3b3b3b3b3b3b3b3d212106213e3f","PASS"
"case-48","silesia","sao","c2d0ea2cc59d4c21b7fe43a71499342a00cbe530a1d5548770e91ecd6214adcc","rans_native","rans","brotli_native_policy","0","7251944","5432627","64","64","12","12","327936","8","1536","92612","4","43366824","4","483e1ade71e9e71d","00010203020401050601010105010101010701010508090101060a0a070a0a0b0c0a0a0a0d0d0e0f0a0a10110a0a0a12130f141516171819191a0a070a0a101b0a1c1d190a0a1e1f100a0a200a210622070a090a0a0a0a0d230a070a240a0a250a0a0a0a0a0710260a0a270a0a0a0a28100a180a0a0d0a290a2a2b0a0a0a0a0a150a0a0a2c0a0a070a0a0d0a072d100a0a070a0a2e0a0a0a2f0a0a06070a0a0a0a0a10300a0a31060a0a3207100a0a0a070f0f0f330f0906060618340606183509063606060706060637380706060606390606063a063b060606073b06063c063b3b3b3b3b3b3b3b3b3b073b3b3b3b063b3b3b3b3b3b3b3b3b3d212106213e3f","PASS"
"case-48","silesia","sao","c2d0ea2cc59d4c21b7fe43a71499342a00cbe530a1d5548770e91ecd6214adcc","huff_matched","huffman","matched_merge","0","7251944","5454553","64","64","12","1","344576","8","1536","98304","2","43536574","0","3d0d9e2af54694cf","00010203020401050505050506010501010701010608060101050909070a090b0c0509050d0e0f1009090d110a0909121310141516170d141718090709090d190a1a1b1c090a1d1e1f090920090d052122092309090a090e24090709250909260d09050909221f2709091c0909090a281f090e090a0e090e09292a090909090a15090a09230909220a0a1809222b1f0a0a22090a2c090a092d0a0d0522090509050a2e2f090a3005090a31222e090a052210101032102e0505090d3305090e340d0535053637050505383937050505053a3605363b3636363636373636363c363636363636373636363637363636363736363636363d3636363e3d36053d3f3f","PASS"
"case-48","silesia","sao","c2d0ea2cc59d4c21b7fe43a71499342a00cbe530a1d5548770e91ecd6214adcc","rans_matched","rans","matched_merge","0","7251944","5426061","64","64","12","12","327936","8","1536","93276","4","43313632","4","d89ce3231326bc2d","000102030204000101010101050101000001000005060700000809090a09090b0c0d090d0e0f101109090f12090909131411151617180d151819090a09090f1a0d1b1c0d090d1d1e0f09091f090d08200a090709090d090f0e090a09210909220d090d09090a23240909250909090d2623090d090d0f090e0d1027090909090d16090d092809090a0d0d19090a29230d0d0a09092a090d092b090d010a09080908082c2d090d2e0d08092f0a2c090d080a11111130112c0808080d10080831322c08333408350808083637350808080838343434390834343434353434343a343b3b343b3b3534343434353b343434353b3b343b343c3434083d313434313e3f","PASS"
"case-48","silesia","sao","c2d0ea2cc59d4c21b7fe43a71499342a00cbe530a1d5548770e91ecd6214adcc","huff_init_only","huffman","initialization_only","0","7251944","5831336","64","64","12","1","344576","8","1536","98304","6","46550834","0","f6ccc2abc595e586","163219010d2d1a300e1f141b210d1200092a0506331e36082208173d3a2c1b25082a291610062e3c0c1c0f1824110e0b071e0a060c0d2d38322020272d1d3900020e3f04163814122b31390b23112e3d1b37393a263e27030e0d02342c3f361c2432211a2b31040f182f373c153e362b342a3f3322071223301a2f28222e25303510351f1f352c3431041f0b10303e14322c130a11210538290026253b3b37192f0611223a28263c3d071314211e0f3f2a1715040538123902030a2427091503023b2819232f1d2b33353c132d34290123200c091b1e370b1a15313b1317091c201627190a0c333a2e3d0326293e1d180f1c362505012808011724001807101d","PASS"
"case-48","silesia","sao","c2d0ea2cc59d4c21b7fe43a71499342a00cbe530a1d5548770e91ecd6214adcc","rans_init_only","rans","initialization_only","0","7251944","5813907","64","64","12","12","327936","8","1536","112152","0","46397528","4","c3aa50688a0290d2","163219010d2d1a300e1f141b210d1200092a0506331e36082208173d3a2c1b25082a291610062e3c0c1c0f1824110e0b071e0a060c0d2d38322020272d1d3900020e3f04163814122b31390b23112e3d1b37393a263e27030e0d02342c3f361c2432211a2b31040f182f373c153e362b342a3f3322071223301a2f28222e25303510351f1f352c3431041f0b10303e14322c130a11210538290026253b3b37192f0611223a28263c3d071314211e0f3f2a1715040538123902030a2427091503023b2819232f1d2b33353c132d34290123200c091b1e370b1a15313b1317091c201627190a0c333a2e3d0326293e1d180f1c362505012808011724001807101d","PASS"
"case-48","silesia","sao","c2d0ea2cc59d4c21b7fe43a71499342a00cbe530a1d5548770e91ecd6214adcc","huff_payload_only","huffman","reassignment","1","7251944","5462438","64","61","12","1","328424","8","1536","93696","1","43604263","0","c184a6dab5179a9a","15331801272a2f27333333331f33330033273333271d3333332f02022e0202230837023714061939020236170202020b0c040a06040c2a350c1e022e02023600020d3c37023713113602020b0202303a2e023602023702030d022e022902023202023702022e360e020234020202022836023c023707022102192c0202020237370237023602022e37371e022e2d3637372e02021002020231022b2f2e02370237023620022516371402122e360202372e0404040504363030300a19143014033b302530263814303032392e30303030212630261a26152626262e2626260926241b26261c383b263b26382426261c3824243b263b26253b1c1622263b070f0f","PASS"
"case-48","silesia","sao","c2d0ea2cc59d4c21b7fe43a71499342a00cbe530a1d5548770e91ecd6214adcc","rans_payload_only","rans","reassignment","1","7251944","5436364","64","60","12","12","307440","8","1536","88918","2","43400416","4","00aa48305b0813cd","152e18012f2a2e2f2e2e2e2e1e2e2e002f272f2f2f1c322f2e2e02022d0202220802020214061938020235170202020b07040a0404072a34071d022d02023500020d3b02020213113502020b020236392d023502020202020d022d022902021b21020202022d350e020233020202022835023b020202022002192b0202020202020202023502022d02021d022d2c3502022d0202100202023002232e2d0202020202351f020216021402122d35020202370404040504350202360a19143614033a362536363714363631382d36363636203636361a363636363624363636093626262626263726263a2637232626143726263a36360c2536141621213a070f0f","PASS"
"case-48","silesia","sao","c2d0ea2cc59d4c21b7fe43a71499342a00cbe530a1d5548770e91ecd6214adcc","rans_estimated_total","rans","reassignment","2","7251944","5436364","64","60","12","1","307440","8","1536","88918","2","43400416","4","00aa48305b0813cd","152e18012f2a2e2f2e2e2e2e1e2e2e002f272f2f2f1c322f2e2e02022d0202220802020214061938020235170202020b07040a0404072a34071d022d02023500020d3b02020213113502020b020236392d023502020202020d022d022902021b21020202022d350e020233020202022835023b020202022002192b0202020202020202023502022d02021d022d2c3502022d0202100202023002232e2d0202020202351f020216021402122d35020202370404040504350202360a19143614033a362536363714363631382d36363636203636361a363636363624363636093626262626263726263a2637232626143726263a36360c2536141621213a070f0f","PASS"
"case-48","silesia","sao","c2d0ea2cc59d4c21b7fe43a71499342a00cbe530a1d5548770e91ecd6214adcc","huff_single","huffman","reassignment","0","7251944","6843461","1","1","1","1","5384","8","0","1536","6","54746138","0","5517e035050950c4","00000000000000000000000000000000000000000000000000000000000000000000000000000000000000000000000000000000000000000000000000000000000000000000000000000000000000000000000000000000000000000000000000000000000000000000000000000000000000000000000000000000000000000000000000000000000000000000000000000000000000000000000000000000000000000000000000000000000000000000000000000000000000000000000000000000000000000000000000000000000000000000000000000000000000000000000000000000000000000000000000000000000000000000000000000000","PASS"
"case-48","silesia","sao","c2d0ea2cc59d4c21b7fe43a71499342a00cbe530a1d5548770e91ecd6214adcc","rans_single","rans_highbits","fixed_reference","0","7251944","6833200","1","1","1","1","5124","8","0","1965","3","54663592","4","822823bd918d186e","00000000000000000000000000000000000000000000000000000000000000000000000000000000000000000000000000000000000000000000000000000000000000000000000000000000000000000000000000000000000000000000000000000000000000000000000000000000000000000000000000000000000000000000000000000000000000000000000000000000000000000000000000000000000000000000000000000000000000000000000000000000000000000000000000000000000000000000000000000000000000000000000000000000000000000000000000000000000000000000000000000000000000000000000000000000","PASS"
"case-48","silesia","sao","c2d0ea2cc59d4c21b7fe43a71499342a00cbe530a1d5548770e91ecd6214adcc","rans_highbits","rans_highbits","fixed_reference","0","7251944","5353861","256","256","9","9","1311744","8","0","451872","0","42378976","4","fa8b51b7b3dd499c","000102030405060708090a0b0c0d0e0f101112131415161718191a1b1c1d1e1f202122232425262728292a2b2c2d2e2f303132333435363738393a3b3c3d3e3f404142434445464748494a4b4c4d4e4f505152535455565758595a5b5c5d5e5f606162636465666768696a6b6c6d6e6f707172737475767778797a7b7c7d7e7f808182838485868788898a8b8c8d8e8f909192939495969798999a9b9c9d9e9fa0a1a2a3a4a5a6a7a8a9aaabacadaeafb0b1b2b3b4b5b6b7b8b9babbbcbdbebfc0c1c2c3c4c5c6c7c8c9cacbcccdcecfd0d1d2d3d4d5d6d7d8d9dadbdcdddedfe0e1e2e3e4e5e6e7e8e9eaebecedeeeff0f1f2f3f4f5f6f7f8f9fafbfcfdfeff","PASS"
"case-48","silesia","sao","c2d0ea2cc59d4c21b7fe43a71499342a00cbe530a1d5548770e91ecd6214adcc","adaptive_order1","adaptive_order1","fixed_reference","0","7251944","5280205","256","256","1","1","132096","0","0","0","0","0","0","d064f0c3e6a8d5b6","00000000000000000000000000000000000000000000000000000000000000000000000000000000000000000000000000000000000000000000000000000000000000000000000000000000000000000000000000000000000000000000000000000000000000000000000000000000000000000000000000000000000000000000000000000000000000000000000000000000000000000000000000000000000000000000000000000000000000000000000000000000000000000000000000000000000000000000000000000000000000000000000000000000000000000000000000000000000000000000000000000000000000000000000000000000","PASS"
"case-49","silesia","webster","6a68f69b26daf09f9dd84f7470368553194a0b294fcfa80f1604efb11143a383","huff_reassignment","huffman","reassignment","0","41458703","18096702","64","64","12","1","344576","8","1536","33446","3","144738623","0","689feb7c79a285fc","110000000000000000001100001200000000000000000000000000000000000000142122392927151f2023181825100a3c393c3c3c3c3c3c3c3c181b02250122232b2d2c3b3831373a353e0b2f362f2e322633242838363d21193e2a3f290522340816130d03141a0f043e1d0e1909050c260b0607151e17301c3f2901293c000000000000000000000000000000000000000000000000000000000000000000000000000000000000000000000000000000000000000000000000000000000000000000000000000000000000000000000000000000000000000000000000000000000000000000000000000000000000000000000000000000000000000000","PASS"
"case-49","silesia","webster","6a68f69b26daf09f9dd84f7470368553194a0b294fcfa80f1604efb11143a383","rans_reassignment","rans","reassignment","0","41458703","17764864","64","64","12","12","327936","8","1536","35672","0","142081664","4","9425447ae239eefc","110000000000000000001100001200000000000000000000000000000000000000142122391827051f2023181825100a39393c3c3c3c393c3939181b02250122232b2d2c3b3831373a353a0b2f362f2e322633242838363d2f0e282a3f290522340816130d03141a0f043e1d0e1909050c260b0607151e17301c3f1801013c000000000000000000000000000000000000000000000000000000000000000000000000000000000000000000000000000000000000000000000000000000000000000000000000000000000000000000000000000000000000000000000000000000000000000000000000000000000000000000000000000000000000000000","PASS"
"case-49","silesia","webster","6a68f69b26daf09f9dd84f7470368553194a0b294fcfa80f1604efb11143a383","huff_native","huffman","brotli_native_policy","0","41458703","18093240","64","64","12","1","344576","8","1536","33750","3","144710623","0","d592cf8cb99e55ea","000000000000000000000000000100000000000000000000000000000000000002030405060708090a0b0c070d0e0f10060611111106061106060712130e14050c15161718191a1b1c1d1e181f201c2122232425261920271c1e262829072a05092b2c2d2e2f033031321e333435362a372338393a3b3c3d3e3f29070d1406000000000000000000000000000000000000000000000000000000000000000000000000000000000000000000000000000000000000000000000000000000000000000000000000000000000000000000000000000000000000000000000000000000000000000000000000000000000000000000000000000000000000000000","PASS"
"case-49","silesia","webster","6a68f69b26daf09f9dd84f7470368553194a0b294fcfa80f1604efb11143a383","rans_native","rans","brotli_native_policy","0","41458703","17765257","64","64","12","12","327936","8","1536","35810","6","142084664","4","79a03ba7a2b9c2c2","000000000000000000000000000100000000000000000000000000000000000002030405060708090a0b0c070d0e0f10060611111106061106060712130e14050c15161718191a1b1c1d1e181f201c2122232425261920271c1e262829072a05092b2c2d2e2f033031321e333435362a372338393a3b3c3d3e3f29070d1406000000000000000000000000000000000000000000000000000000000000000000000000000000000000000000000000000000000000000000000000000000000000000000000000000000000000000000000000000000000000000000000000000000000000000000000000000000000000000000000000000000000000000000","PASS"
"case-49","silesia","webster","6a68f69b26daf09f9dd84f7470368553194a0b294fcfa80f1604efb11143a383","huff_matched","huffman","matched_merge","0","41458703","18087247","64","64","12","1","344576","8","1536","33524","7","144662901","0","e123d537ff73c5a3","00000000000000000000000000010000000000000000000000000000000000000203040506030708090a0b0c0c0d0e0f100610101010101010100c11120d13050b1415161718191a1b1c1b171d1e1b1f20212223241c1e2525261b270c032805292a2b2c2d2e2f30313221333426352836213738393a3b3c3d3e1b033f0c10000000000000000000000000000000000000000000000000000000000000000000000000000000000000000000000000000000000000000000000000000000000000000000000000000000000000000000000000000000000000000000000000000000000000000000000000000000000000000000000000000000000000000000","PASS"
"case-49","silesia","webster","6a68f69b26daf09f9dd84f7470368553194a0b294fcfa80f1604efb11143a383","rans_matched","rans","matched_merge","0","41458703","17752622","64","64","12","12","327936","8","1536","35894","2","141983504","4","39fe76cf37e4bd88","0000000000000000000001000002000000000000000000000000000000000000030405060708090a0b0c0d0e0e0f1011121212121212121212120e07130f14060d15161718191a1b1c001d181a1e1c1f2021222324191e251c1d2426272829062a2b2c2d2e29042f30311d323308343536213738393a3b3c3d3e270e3f1407000000000000000000000000000000000000000000000000000000000000000000000000000000000000000000000000000000000000000000000000000000000000000000000000000000000000000000000000000000000000000000000000000000000000000000000000000000000000000000000000000000000000000000","PASS"
"case-49","silesia","webster","6a68f69b26daf09f9dd84f7470368553194a0b294fcfa80f1604efb11143a383","huff_init_only","huffman","initialization_only","0","41458703","18166575","64","64","12","1","344576","8","1536","34544","5","145296507","0","9a2e21a66fa34a18","2100000000000000000011000012000000000000000000000000000000000000000c21141c1d27031f2023011825100a12393c04090b0e0d1315081b021801221b2b2d2c3b3831373a35070f2f36002e3216332428060a3d1a17052a1e291920340816130d03141a0f043e1d0e1909050c260b0607151e17301c3f1102101f000000000000000000000000000000000000000000000000000000000000000000000000000000000000000000000000000000000000000000000000000000000000000000000000000000000000000000000000000000000000000000000000000000000000000000000000000000000000000000000000000000000000000000","PASS"
"case-49","silesia","webster","6a68f69b26daf09f9dd84f7470368553194a0b294fcfa80f1604efb11143a383","rans_init_only","rans","initialization_only","0","41458703","17847753","64","64","12","12","327936","8","1536","35896","0","142744552","4","1933b2768ef12c4b","2100000000000000000011000012000000000000000000000000000000000000000c21141c1d27031f2023011825100a12393c04090b0e0d1315081b021801221b2b2d2c3b3831373a35070f2f36002e3216332428060a3d1a17052a1e291920340816130d03141a0f043e1d0e1909050c260b0607151e17301c3f1102101f000000000000000000000000000000000000000000000000000000000000000000000000000000000000000000000000000000000000000000000000000000000000000000000000000000000000000000000000000000000000000000000000000000000000000000000000000000000000000000000000000000000000000000","PASS"
"case-49","silesia","webster","6a68f69b26daf09f9dd84f7470368553194a0b294fcfa80f1604efb11143a383","huff_payload_only","huffman","reassignment","1","41458703","18096702","64","64","12","1","344576","8","1536","33446","3","144738623","0","689feb7c79a285fc","110000000000000000001100001200000000000000000000000000000000000000142122392927151f2023181825100a3c393c3c3c3c3c3c3c3c181b02250122232b2d2c3b3831373a353e0b2f362f2e322633242838363d21193e2a3f290522340816130d03141a0f043e1d0e1909050c260b0607151e17301c3f2901293c000000000000000000000000000000000000000000000000000000000000000000000000000000000000000000000000000000000000000000000000000000000000000000000000000000000000000000000000000000000000000000000000000000000000000000000000000000000000000000000000000000000000000000","PASS"
"case-49","silesia","webster","6a68f69b26daf09f9dd84f7470368553194a0b294fcfa80f1604efb11143a383","rans_payload_only","rans","reassignment","1","41458703","17764864","64","64","12","12","327936","8","1536","35672","0","142081664","4","9425447ae239eefc","110000000000000000001100001200000000000000000000000000000000000000142122391827051f2023181825100a39393c3c3c3c393c3939181b02250122232b2d2c3b3831373a353a0b2f362f2e322633242838363d2f0e282a3f290522340816130d03141a0f043e1d0e1909050c260b0607151e17301c3f1801013c000000000000000000000000000000000000000000000000000000000000000000000000000000000000000000000000000000000000000000000000000000000000000000000000000000000000000000000000000000000000000000000000000000000000000000000000000000000000000000000000000000000000000000","PASS"
"case-49","silesia","webster","6a68f69b26daf09f9dd84f7470368553194a0b294fcfa80f1604efb11143a383","rans_estimated_total","rans","reassignment","2","41458703","17764864","64","64","12","1","327936","8","1536","35672","0","142081664","4","9425447ae239eefc","110000000000000000001100001200000000000000000000000000000000000000142122391827051f2023181825100a39393c3c3c3c393c3939181b02250122232b2d2c3b3831373a353a0b2f362f2e322633242838363d2f0e282a3f290522340816130d03141a0f043e1d0e1909050c260b0607151e17301c3f1801013c000000000000000000000000000000000000000000000000000000000000000000000000000000000000000000000000000000000000000000000000000000000000000000000000000000000000000000000000000000000000000000000000000000000000000000000000000000000000000000000000000000000000000000","PASS"
"case-49","silesia","webster","6a68f69b26daf09f9dd84f7470368553194a0b294fcfa80f1604efb11143a383","huff_single","huffman","reassignment","0","41458703","25928963","1","1","1","1","5384","8","0","658","5","207431033","0","01b36f660baa1b29","00000000000000000000000000000000000000000000000000000000000000000000000000000000000000000000000000000000000000000000000000000000000000000000000000000000000000000000000000000000000000000000000000000000000000000000000000000000000000000000000000000000000000000000000000000000000000000000000000000000000000000000000000000000000000000000000000000000000000000000000000000000000000000000000000000000000000000000000000000000000000000000000000000000000000000000000000000000000000000000000000000000000000000000000000000000","PASS"
"case-49","silesia","webster","6a68f69b26daf09f9dd84f7470368553194a0b294fcfa80f1604efb11143a383","rans_single","rans_highbits","fixed_reference","0","41458703","25788224","1","1","1","1","5124","8","0","855","1","206304896","4","0c04761634aac50f","00000000000000000000000000000000000000000000000000000000000000000000000000000000000000000000000000000000000000000000000000000000000000000000000000000000000000000000000000000000000000000000000000000000000000000000000000000000000000000000000000000000000000000000000000000000000000000000000000000000000000000000000000000000000000000000000000000000000000000000000000000000000000000000000000000000000000000000000000000000000000000000000000000000000000000000000000000000000000000000000000000000000000000000000000000000","PASS"
"case-49","silesia","webster","6a68f69b26daf09f9dd84f7470368553194a0b294fcfa80f1604efb11143a383","rans_highbits","rans_highbits","fixed_reference","0","41458703","17746858","256","256","9","9","1311744","8","0","90736","0","141884088","4","12382f834e9eeed5","000102030405060708090a0b0c0d0e0f101112131415161718191a1b1c1d1e1f202122232425262728292a2b2c2d2e2f303132333435363738393a3b3c3d3e3f404142434445464748494a4b4c4d4e4f505152535455565758595a5b5c5d5e5f606162636465666768696a6b6c6d6e6f707172737475767778797a7b7c7d7e7f808182838485868788898a8b8c8d8e8f909192939495969798999a9b9c9d9e9fa0a1a2a3a4a5a6a7a8a9aaabacadaeafb0b1b2b3b4b5b6b7b8b9babbbcbdbebfc0c1c2c3c4c5c6c7c8c9cacbcccdcecfd0d1d2d3d4d5d6d7d8d9dadbdcdddedfe0e1e2e3e4e5e6e7e8e9eaebecedeeeff0f1f2f3f4f5f6f7f8f9fafbfcfdfeff","PASS"
"case-49","silesia","webster","6a68f69b26daf09f9dd84f7470368553194a0b294fcfa80f1604efb11143a383","adaptive_order1","adaptive_order1","fixed_reference","0","41458703","17356595","256","256","1","1","132096","0","0","0","0","0","0","8b9c7fa41e96887e","00000000000000000000000000000000000000000000000000000000000000000000000000000000000000000000000000000000000000000000000000000000000000000000000000000000000000000000000000000000000000000000000000000000000000000000000000000000000000000000000000000000000000000000000000000000000000000000000000000000000000000000000000000000000000000000000000000000000000000000000000000000000000000000000000000000000000000000000000000000000000000000000000000000000000000000000000000000000000000000000000000000000000000000000000000000","PASS"
"case-50","silesia","x-ray","7de9fce1405dc44ae5e6813ed21cd5751e761bd4265655a005d39b9685d1c9ad","huff_reassignment","huffman","reassignment","0","8474240","5953444","64","26","12","1","139984","8","1280","13240","5","47613019","0","e1126c763621e5f9","0b0506020001010101030301030104191919191919191919191919191919191919191919191919191919191919191919191919191919191919191919191919191919191919191919191919191919191919191919191919191919191919191919191919191919191919190d0d0d0d0d0d0d0d0d0d0d0d0d0d0d0d0c0c0c0c0c0c0c0c0c0c0c0c0c0808080808080808080808080809080808080a0a0a0a0a0a0a07070712121216161616161616151515151515150f0f0f0f0f0f0f0f0f0f14140e0e10140e0e0e0e0e0e0e0e0e14180e0e0e14140e14110e1414140e140e140e14140e14140e0e0e141417171717171717171717171713171317171313171317","PASS"
"case-50","silesia","x-ray","7de9fce1405dc44ae5e6813ed21cd5751e761bd4265655a005d39b9685d1c9ad","rans_reassignment","rans","reassignment","0","8474240","5927126","64","26","12","12","133224","8","1280","21438","2","47394248","4","1bf3302cb651cb1d","0d05060200000003030303010300040d0d0d0d0d0d0d0d0d0d0d0d0d0d0d0d0d0d0d0d0d0d0d0d0d0d0d0d0d0d0d0d19190d19191919191919191919191919191919191919191919191919191919191919191919191919191919190c190c0c0c0c0c0c0c0c0c0c0c0c0c0c0c0c0c0c0c0707070707070707070707070a0a0a0a0a0a0a0a0a08080808080808080808080808080808080808080809090909090b0b0b16161610101711111515150f0f0f141414141414141212121212121212121212121818181818181818181818181813181313131313131313131313131313130e0e0e0e0e0e0e0e0e0e0e0e0e0e0e0e0e0e0e0e0e0e0e0e0e0e0e0e0e0e0e","PASS"
"case-50","silesia","x-ray","7de9fce1405dc44ae5e6813ed21cd5751e761bd4265655a005d39b9685d1c9ad","huff_native","huffman","brotli_native_policy","0","8474240","5952158","48","48","12","1","258432","8","1536","21354","1","47594365","0","f22b7f470e8fb079","00010203040506070708090a08060b00000000000000000000000000000000000000000000000000000000000000000000000000000000000000000c0c0c0c0c0c0c0c0c0c0c0c0c0c0c0c0c0c0c0c0c0c0c0c0c0c0c0c0d0c0d0d0d0d0d0d0d0d0d0d0e0e0e0e0f0f0f0f0f0f1010101011111111111212121213131414141415151515161616171718181818191919191919191a1a1a1a1b1b1b1c1c1d1d1e1e1f1f202021212222222323232424242424252525252526262626272727272728282828282828292929292a2a2a2a2a2a2a2a2b2b2b2b2b2b2c2b2c2c2c2d2c2c2d2d2d2d2d2d2e2e2e2e2e2e2e2e2e2e2e2f2f2f2f2f2f2f2f2f2f2f2f2f2f","PASS"
"case-50","silesia","x-ray","7de9fce1405dc44ae5e6813ed21cd5751e761bd4265655a005d39b9685d1c9ad","rans_native","rans","brotli_native_policy","0","8474240","5925989","64","56","12","12","286944","8","1536","42952","0","47363384","4","4acce0f8763a60d8","00010203040506070708090a080b0c0d0d0d0d0d0d0d0d0d0d0d0d0e0e0e0e0e0e0e0f0f0f0f0f0f0f0f101010101110111111111111111111111212121212121212121212121213131213131313131313131313141414141414141414151515151515161616161717171717171818181819191919191a1a1a1a1b1b1c1c1c1c1d1d1d1d1e1e1e1f1f2020202021212121212121222222222323232424252526262727282829292a2a2a2b2b2b2c2c2c2c2c2d2d2d2d2d2e2e2e2e2f2f2f2f2f30303030303030313131313232323232323232333333333333343334343435343435353535353536363636363636363636363737373737373737373737373737","PASS"
"case-50","silesia","x-ray","7de9fce1405dc44ae5e6813ed21cd5751e761bd4265655a005d39b9685d1c9ad","huff_matched","huffman","matched_merge","0","8474240","5951372","32","32","12","1","172288","8","1280","16794","0","47592894","0","ae1c93de5c083899","0001020304050606060707080706090a0b0a0a0a0a0a0a0a0a0a0a0a0a0a0a0a0a0a0a0a0a0a0a0a0a0a0a0a0a0a0b0a0b0b0b0b0b0b0b0b0b0b0a0a0a0a0a0a0a0c0c0a0a0a0c0d0d0a0c0c0c0e0d0d0d0d0d0e0d0d0d0d0d0d0d0d0d0d0d0e0d0d0d0d0d0d0d0f0f0f0f0f0f0f1010101010101010101010101111111211111111111212121213141414131413141313131313131313131315151515151515161616171717181919191919191a1a1a1a1a1a1a1b1b1a1b1b1b1b1b1b1b1c1c1d1d1d1c1d1d1d1d1d1d1d1d1d1c1c1d1d1d1c1c1d1c1d1d1c1c1c1d1c1d1c1d1c1c1d1c1c1d1d1d1c1e1f1e1e1e1e1e1e1e1f1e1e1f1f1f1f1f1f1f1f1f1f1f","PASS"
"case-50","silesia","x-ray","7de9fce1405dc44ae5e6813ed21cd5751e761bd4265655a005d39b9685d1c9ad","rans_matched","rans","matched_merge","0","8474240","5925401","48","38","12","12","194712","8","1536","31622","2","47370008","4","7b422773e5bfbc9b","00010203040506070708070908060a0b0b0b0b0b0c0b0b0c0b0b0c0b0c0c0c0c0c0c0c0c0c0c0c0c0c0c0c0c0c0c0d0e0d0d0d0e0d0d0e0d0d0d0e0d0f0d0e0d0d100e0e1010100f10101010100e0f10100f0f100f0f110f0f111111111111111111121212121212121212131313131313131314131414141415151515151515161616161617171717171717171718181718181818181819191919191a1a1a1b1b1b1b1c1c1c1c1d1d1d1e1e1e1e1e1e1f1f1f1f1f1f2020202020202020202020212121212120212121212122212222222222222222222222232323242323232323252324242525252525252525232524252525252524252425252525252524","PASS"
"case-50","silesia","x-ray","7de9fce1405dc44ae5e6813ed21cd5751e761bd4265655a005d39b9685d1c9ad","huff_init_only","huffman","initialization_only","0","8474240","6279810","64","64","12","1","344576","8","1536","27816","0","50209120","0","ee2bb94cf97ba8bd","2e0c0d02000107090a050308060b040a0d0f1110141d1a1824212220292d2a2b3632313b3437003f050308010c130b0d1a181624271e1f2c222a2d383c303d2f0636083f3b000117151f13181624112f21070f192c221d270e1b1a201c021223091e100c0b03333935293a25312328201b1915110e06023c3e2f2e301c1b130915023f3b2621201e1c1b1917141612110f100e1315181a1d1f2238051725390a1d37042d29363534393e3c3d3b3f38373a313330322e262a2b25280d0a3e0514342e2b32261c21171410120f04073d093335383a28262c23271e1f1916120b0c0e080607010403003c3d3e373a303539312b272c2823252d243429322f2a3336","PASS"
"case-50","silesia","x-ray","7de9fce1405dc44ae5e6813ed21cd5751e761bd4265655a005d39b9685d1c9ad","rans_init_only","rans","initialization_only","0","8474240","6249749","64","64","12","12","327936","8","1536","48170","6","49948240","4","63c4336164ae3b97","2e0c0d02000107090a050308060b040a0d0f1110141d1a1824212220292d2a2b3632313b3437003f050308010c130b0d1a181624271e1f2c222a2d383c303d2f0636083f3b000117151f13181624112f21070f192c221d270e1b1a201c021223091e100c0b03333935293a25312328201b1915110e06023c3e2f2e301c1b130915023f3b2621201e1c1b1917141612110f100e1315181a1d1f2238051725390a1d37042d29363534393e3c3d3b3f38373a313330322e262a2b25280d0a3e0514342e2b32261c21171410120f04073d093335383a28262c23271e1f1916120b0c0e080607010403003c3d3e373a303539312b272c2823252d243429322f2a3336","PASS"
"case-50","silesia","x-ray","7de9fce1405dc44ae5e6813ed21cd5751e761bd4265655a005d39b9685d1c9ad","huff_payload_only","huffman","reassignment","1","8474240","5953444","64","26","12","1","139984","8","1280","13240","5","47613019","0","e1126c763621e5f9","0b0506020001010101030301030104191919191919191919191919191919191919191919191919191919191919191919191919191919191919191919191919191919191919191919191919191919191919191919191919191919191919191919191919191919191919190d0d0d0d0d0d0d0d0d0d0d0d0d0d0d0d0c0c0c0c0c0c0c0c0c0c0c0c0c0808080808080808080808080809080808080a0a0a0a0a0a0a07070712121216161616161616151515151515150f0f0f0f0f0f0f0f0f0f14140e0e10140e0e0e0e0e0e0e0e0e14180e0e0e14140e14110e1414140e140e140e14140e14140e0e0e141417171717171717171717171713171317171313171317","PASS"
"case-50","silesia","x-ray","7de9fce1405dc44ae5e6813ed21cd5751e761bd4265655a005d39b9685d1c9ad","rans_payload_only","rans","reassignment","1","8474240","5927126","64","26","12","12","133224","8","1280","21438","2","47394248","4","1bf3302cb651cb1d","0d05060200000003030303010300040d0d0d0d0d0d0d0d0d0d0d0d0d0d0d0d0d0d0d0d0d0d0d0d0d0d0d0d0d0d0d0d19190d19191919191919191919191919191919191919191919191919191919191919191919191919191919190c190c0c0c0c0c0c0c0c0c0c0c0c0c0c0c0c0c0c0c0707070707070707070707070a0a0a0a0a0a0a0a0a08080808080808080808080808080808080808080809090909090b0b0b16161610101711111515150f0f0f141414141414141212121212121212121212121818181818181818181818181813181313131313131313131313131313130e0e0e0e0e0e0e0e0e0e0e0e0e0e0e0e0e0e0e0e0e0e0e0e0e0e0e0e0e0e0e","PASS"
"case-50","silesia","x-ray","7de9fce1405dc44ae5e6813ed21cd5751e761bd4265655a005d39b9685d1c9ad","rans_estimated_total","rans","reassignment","2","8474240","5927126","64","26","12","1","133224","8","1280","21438","2","47394248","4","1bf3302cb651cb1d","0d05060200000003030303010300040d0d0d0d0d0d0d0d0d0d0d0d0d0d0d0d0d0d0d0d0d0d0d0d0d0d0d0d0d0d0d0d19190d19191919191919191919191919191919191919191919191919191919191919191919191919191919190c190c0c0c0c0c0c0c0c0c0c0c0c0c0c0c0c0c0c0c0707070707070707070707070a0a0a0a0a0a0a0a0a08080808080808080808080808080808080808080809090909090b0b0b16161610101711111515150f0f0f141414141414141212121212121212121212121818181818181818181818181813181313131313131313131313131313130e0e0e0e0e0e0e0e0e0e0e0e0e0e0e0e0e0e0e0e0e0e0e0e0e0e0e0e0e0e0e","PASS"
"case-50","silesia","x-ray","7de9fce1405dc44ae5e6813ed21cd5751e761bd4265655a005d39b9685d1c9ad","huff_single","huffman","reassignment","0","8474240","7021523","1","1","1","1","5384","8","0","1536","3","56170637","0","adcb4e7e61144f79","00000000000000000000000000000000000000000000000000000000000000000000000000000000000000000000000000000000000000000000000000000000000000000000000000000000000000000000000000000000000000000000000000000000000000000000000000000000000000000000000000000000000000000000000000000000000000000000000000000000000000000000000000000000000000000000000000000000000000000000000000000000000000000000000000000000000000000000000000000000000000000000000000000000000000000000000000000000000000000000000000000000000000000000000000000000","PASS"
"case-50","silesia","x-ray","7de9fce1405dc44ae5e6813ed21cd5751e761bd4265655a005d39b9685d1c9ad","rans_single","rans_highbits","fixed_reference","0","8474240","7004825","1","1","1","1","5124","8","0","1751","1","56036808","4","3eac26726a1ba028","00000000000000000000000000000000000000000000000000000000000000000000000000000000000000000000000000000000000000000000000000000000000000000000000000000000000000000000000000000000000000000000000000000000000000000000000000000000000000000000000000000000000000000000000000000000000000000000000000000000000000000000000000000000000000000000000000000000000000000000000000000000000000000000000000000000000000000000000000000000000000000000000000000000000000000000000000000000000000000000000000000000000000000000000000000000","PASS"
"case-50","silesia","x-ray","7de9fce1405dc44ae5e6813ed21cd5751e761bd4265655a005d39b9685d1c9ad","rans_highbits","rans_highbits","fixed_reference","0","8474240","5936963","256","256","9","9","1311744","8","0","135954","6","47359704","4","bddaf42d0afea8bb","000102030405060708090a0b0c0d0e0f101112131415161718191a1b1c1d1e1f202122232425262728292a2b2c2d2e2f303132333435363738393a3b3c3d3e3f404142434445464748494a4b4c4d4e4f505152535455565758595a5b5c5d5e5f606162636465666768696a6b6c6d6e6f707172737475767778797a7b7c7d7e7f808182838485868788898a8b8c8d8e8f909192939495969798999a9b9c9d9e9fa0a1a2a3a4a5a6a7a8a9aaabacadaeafb0b1b2b3b4b5b6b7b8b9babbbcbdbebfc0c1c2c3c4c5c6c7c8c9cacbcccdcecfd0d1d2d3d4d5d6d7d8d9dadbdcdddedfe0e1e2e3e4e5e6e7e8e9eaebecedeeeff0f1f2f3f4f5f6f7f8f9fafbfcfdfeff","PASS"
"case-50","silesia","x-ray","7de9fce1405dc44ae5e6813ed21cd5751e761bd4265655a005d39b9685d1c9ad","adaptive_order1","adaptive_order1","fixed_reference","0","8474240","5696817","256","256","1","1","132096","0","0","0","0","0","0","e8ea902fe8d79c85","00000000000000000000000000000000000000000000000000000000000000000000000000000000000000000000000000000000000000000000000000000000000000000000000000000000000000000000000000000000000000000000000000000000000000000000000000000000000000000000000000000000000000000000000000000000000000000000000000000000000000000000000000000000000000000000000000000000000000000000000000000000000000000000000000000000000000000000000000000000000000000000000000000000000000000000000000000000000000000000000000000000000000000000000000000000","PASS"
"case-51","silesia","xml","0e82e54e695c1938e4193448022543845b33020c8be6bf3bf3ead2224903e08c","huff_reassignment","huffman","reassignment","0","5345280","2390664","64","64","12","1","344576","8","1536","36798","1","19086969","0","7f3f8ced32ada0c0","3400000000000000001d1d000031000000000000000000000000000000000000020017372702082a022d1d261d373a0326273235363e3e3e273c0a000123000202112b132e07392c29100230182114221c02120d0f242138220f2b37061d371a00062f1e150428201f08043d0b1b090e163f0c0a0525193b332d0920232d2a0000000000000000000000000000000000000000000000000000000000000000000000000000000000001d00000000000000000000000000000000000000000000000000000000000000090000000000000000000000000000000000000000001b000000000900001e000000000000000000000000000000000000000009000000","PASS"
"case-51","silesia","xml","0e82e54e695c1938e4193448022543845b33020c8be6bf3bf3ead2224903e08c","rans_reassignment","rans","reassignment","0","5345280","2357967","64","64","12","12","327936","8","1536","38938","6","18823216","4","5a9377589056a2c2","3400000000000000001d1d000031000000000000000000000000000000000000021d17372a04082a022d1d1d1d373a0326273235363e3e3e323c1d1d0123000402112b132e07392c29100230182114221c02120d0f242138220f2b37061d1d1a00062f1e150428201f080e3d0b1b090e163f0c0a0525193b332d09201d2d2a0000000000000000000000000000000000000000000000000000000000000000000000000000000000002000000000000000000000000000000000000000000000000000000000000000090000000000000000000000000000000000000000001b000000000a00001e000000000000000000000000000000000000000009000000","PASS"
"case-51","silesia","xml","0e82e54e695c1938e4193448022543845b33020c8be6bf3bf3ead2224903e08c","huff_native","huffman","brotli_native_policy","0","5345280","2380758","64","64","12","1","344576","8","1536","36310","3","19008207","0","06ca871c41e9f3a3","000000000000000000010200000300000000000000000000000000000000000004010506070809070a01010b010a010c0b0b0b0b0b0b0b0b0b0b01010d0e0f0604101112131415161718191a1b1c1d1e1f192021222324251e26110627010b280027292a2b082c2d2e2f303132333435363738393a3b3c3d3e3f192d010b0700000000000000000000000000000000000000000000000000000000000000000000000000000000000001000000000000000000000000000000000000000000000000000000000000003400000000000000000000000000000000000000000033000000003900002a000000000000000000000000000000000000000034000000","PASS"
"case-51","silesia","xml","0e82e54e695c1938e4193448022543845b33020c8be6bf3bf3ead2224903e08c","rans_native","rans","brotli_native_policy","0","5345280","2349777","64","64","12","12","327936","8","1536","38400","0","18758240","4","bc6318bf967c9e44","000000000000000000010200000300000000000000000000000000000000000004010506070809070a01010b010a010c0b0b0b0b0b0b0b0b0b0b01010d0e0f0604101112131415161718191a1b1c1d1e1f192021222324251e26110627010b280027292a2b082c2d2e2f303132333435363738393a3b3c3d3e3f192d010b0700000000000000000000000000000000000000000000000000000000000000000000000000000000000001000000000000000000000000000000000000000000000000000000000000003400000000000000000000000000000000000000000033000000003900002a000000000000000000000000000000000000000034000000","PASS"
"case-51","silesia","xml","0e82e54e695c1938e4193448022543845b33020c8be6bf3bf3ead2224903e08c","huff_matched","huffman","matched_merge","0","5345280","2382775","64","64","12","1","344576","8","1536","36738","4","19023914","0","83f8943f3d2acd1b","000000000000000000010200000300000000000000000000000000000000000004010506000708090a01010b010a010c0b0b0b0b0b0b0b0b0b0b01010d0e0f0e0410111213141516171800191a1b1c1d1e001f20212223240025110026010e27002628292a072b2c2d2e2f303132333435363738393a3b3c3d3e3f2c000b09000000000000000000000000000000000000000000000000000000000000000000000000000000000000010000000000000000000000000000000000000000000000000000000000000033000000000000000000000000000000000000000000320000000033000029000000000000000000000000000000000000000007000000","PASS"
"case-51","silesia","xml","0e82e54e695c1938e4193448022543845b33020c8be6bf3bf3ead2224903e08c","rans_matched","rans","matched_merge","0","5345280","2351402","64","64","12","12","327936","8","1536","38484","4","18771152","4","19a3702f3fb1c500","00000000000000000001020000030000000000000000000000000000000000000401050607080907080101080106010a0b0c0c0c0c0c0b0b0b0c01010d0e0f101112131415161718191a061b1c1d1e1f20062122232425261f27130628010829002a2b2c2d112e2f3031321028333435363738393a3b3c3d3e3f062e0108070000000000000000000000000000000000000000000000000000000000000000000000000000000000001f000000000000000000000000000000000000000000000000000000000000003400000000000000000000000000000000000000000022000000003900002600000000000000000000000000000000000000000d000000","PASS"
"case-51","silesia","xml","0e82e54e695c1938e4193448022543845b33020c8be6bf3bf3ead2224903e08c","huff_init_only","huffman","initialization_only","0","5345280","2437914","64","64","12","1","344576","8","1536","37434","4","19464330","0","f678501ea924ecbf","3400000000000000001a1d0000310000000000000000000000000000000000000213170b0d180c2a1516191d00373a0326273235363e0104053c0a08012300071b112b132e07392c29100f30182114221c0e120d0f240638120317112210201a00062f1e150428201f08023d0b1b090e163f0c0a0525193b332d091e141f1c000000000000000000000000000000000000000000000000000000000000000000000000000000000000230000000000000000000000000000000000000000000000000000000000000024000000000000000000000000000000000000000000250000000026000027000000000000000000000000000000000000000021000000","PASS"
"case-51","silesia","xml","0e82e54e695c1938e4193448022543845b33020c8be6bf3bf3ead2224903e08c","rans_init_only","rans","initialization_only","0","5345280","2407388","64","64","12","12","327936","8","1536","39526","2","19218000","4","4bf38f541a13d6c9","3400000000000000001a1d0000310000000000000000000000000000000000000213170b0d180c2a1516191d00373a0326273235363e0104053c0a08012300071b112b132e07392c29100f30182114221c0e120d0f240638120317112210201a00062f1e150428201f08023d0b1b090e163f0c0a0525193b332d091e141f1c000000000000000000000000000000000000000000000000000000000000000000000000000000000000230000000000000000000000000000000000000000000000000000000000000024000000000000000000000000000000000000000000250000000026000027000000000000000000000000000000000000000021000000","PASS"
"case-51","silesia","xml","0e82e54e695c1938e4193448022543845b33020c8be6bf3bf3ead2224903e08c","huff_payload_only","huffman","reassignment","1","5345280","2390664","64","64","12","1","344576","8","1536","36798","1","19086969","0","7f3f8ced32ada0c0","3400000000000000001d1d000031000000000000000000000000000000000000020017372702082a022d1d261d373a0326273235363e3e3e273c0a000123000202112b132e07392c29100230182114221c02120d0f242138220f2b37061d371a00062f1e150428201f08043d0b1b090e163f0c0a0525193b332d0920232d2a0000000000000000000000000000000000000000000000000000000000000000000000000000000000001d00000000000000000000000000000000000000000000000000000000000000090000000000000000000000000000000000000000001b000000000900001e000000000000000000000000000000000000000009000000","PASS"
"case-51","silesia","xml","0e82e54e695c1938e4193448022543845b33020c8be6bf3bf3ead2224903e08c","rans_payload_only","rans","reassignment","1","5345280","2357967","64","64","12","12","327936","8","1536","38938","6","18823216","4","5a9377589056a2c2","3400000000000000001d1d000031000000000000000000000000000000000000021d17372a04082a022d1d1d1d373a0326273235363e3e3e323c1d1d0123000402112b132e07392c29100230182114221c02120d0f242138220f2b37061d1d1a00062f1e150428201f080e3d0b1b090e163f0c0a0525193b332d09201d2d2a0000000000000000000000000000000000000000000000000000000000000000000000000000000000002000000000000000000000000000000000000000000000000000000000000000090000000000000000000000000000000000000000001b000000000a00001e000000000000000000000000000000000000000009000000","PASS"
"case-51","silesia","xml","0e82e54e695c1938e4193448022543845b33020c8be6bf3bf3ead2224903e08c","rans_estimated_total","rans","reassignment","2","5345280","2357967","64","64","12","1","327936","8","1536","38938","6","18823216","4","5a9377589056a2c2","3400000000000000001d1d000031000000000000000000000000000000000000021d17372a04082a022d1d1d1d373a0326273235363e3e3e323c1d1d0123000402112b132e07392c29100230182114221c02120d0f242138220f2b37061d1d1a00062f1e150428201f080e3d0b1b090e163f0c0a0525193b332d09201d2d2a0000000000000000000000000000000000000000000000000000000000000000000000000000000000002000000000000000000000000000000000000000000000000000000000000000090000000000000000000000000000000000000000001b000000000a00001e000000000000000000000000000000000000000009000000","PASS"
"case-51","silesia","xml","0e82e54e695c1938e4193448022543845b33020c8be6bf3bf3ead2224903e08c","huff_single","huffman","reassignment","0","5345280","3711160","1","1","1","1","5384","8","0","778","7","29688487","0","edb7655a9271e4f8","00000000000000000000000000000000000000000000000000000000000000000000000000000000000000000000000000000000000000000000000000000000000000000000000000000000000000000000000000000000000000000000000000000000000000000000000000000000000000000000000000000000000000000000000000000000000000000000000000000000000000000000000000000000000000000000000000000000000000000000000000000000000000000000000000000000000000000000000000000000000000000000000000000000000000000000000000000000000000000000000000000000000000000000000000000000","PASS"
"case-51","silesia","xml","0e82e54e695c1938e4193448022543845b33020c8be6bf3bf3ead2224903e08c","rans_single","rans_highbits","fixed_reference","0","5345280","3690943","1","1","1","1","5124","8","0","1003","5","29526496","4","84e322805da392d7","00000000000000000000000000000000000000000000000000000000000000000000000000000000000000000000000000000000000000000000000000000000000000000000000000000000000000000000000000000000000000000000000000000000000000000000000000000000000000000000000000000000000000000000000000000000000000000000000000000000000000000000000000000000000000000000000000000000000000000000000000000000000000000000000000000000000000000000000000000000000000000000000000000000000000000000000000000000000000000000000000000000000000000000000000000000","PASS"
"case-51","silesia","xml","0e82e54e695c1938e4193448022543845b33020c8be6bf3bf3ead2224903e08c","rans_highbits","rans_highbits","fixed_reference","0","5345280","2343656","256","256","9","9","1311744","8","0","96642","6","18652560","4","8ba174c83d362fa4","000102030405060708090a0b0c0d0e0f101112131415161718191a1b1c1d1e1f202122232425262728292a2b2c2d2e2f303132333435363738393a3b3c3d3e3f404142434445464748494a4b4c4d4e4f505152535455565758595a5b5c5d5e5f606162636465666768696a6b6c6d6e6f707172737475767778797a7b7c7d7e7f808182838485868788898a8b8c8d8e8f909192939495969798999a9b9c9d9e9fa0a1a2a3a4a5a6a7a8a9aaabacadaeafb0b1b2b3b4b5b6b7b8b9babbbcbdbebfc0c1c2c3c4c5c6c7c8c9cacbcccdcecfd0d1d2d3d4d5d6d7d8d9dadbdcdddedfe0e1e2e3e4e5e6e7e8e9eaebecedeeeff0f1f2f3f4f5f6f7f8f9fafbfcfdfeff","PASS"
"case-51","silesia","xml","0e82e54e695c1938e4193448022543845b33020c8be6bf3bf3ead2224903e08c","adaptive_order1","adaptive_order1","fixed_reference","0","5345280","1821896","256","256","1","1","132096","0","0","0","0","0","0","db5628dc343ecfc0","00000000000000000000000000000000000000000000000000000000000000000000000000000000000000000000000000000000000000000000000000000000000000000000000000000000000000000000000000000000000000000000000000000000000000000000000000000000000000000000000000000000000000000000000000000000000000000000000000000000000000000000000000000000000000000000000000000000000000000000000000000000000000000000000000000000000000000000000000000000000000000000000000000000000000000000000000000000000000000000000000000000000000000000000000000000","PASS"
