workload,member,group,file,relative_path,source_bytes,source_sha256,block_size,offset,length,sha256,fnv64
syn-01,syn-01,synthetic,00-empty.bin,DCC005/fixtures/00-empty.bin,0,e3b0c44298fc1c149afbf4c8996fb92427ae41e4649b934ca495991b7852b855,0,0,0,e3b0c44298fc1c149afbf4c8996fb92427ae41e4649b934ca495991b7852b855,cbf29ce484222325
syn-02,syn-02,synthetic,01-zero.bin,DCC005/fixtures/01-zero.bin,1,6e340b9cffb37a989ca544e6bb780a2c78901d3fb33738768511a30617afa01d,0,0,1,6e340b9cffb37a989ca544e6bb780a2c78901d3fb33738768511a30617afa01d,af63bd4c8601b7df
syn-03,syn-03,synthetic,02-ff.bin,DCC005/fixtures/02-ff.bin,1,a8100ae6aa1940d0b663bb31cd466142ebbdbd5187131b92d93818987832eb89,0,0,1,a8100ae6aa1940d0b663bb31cd466142ebbdbd5187131b92d93818987832eb89,af64724c8602eb6e
syn-04,syn-04,synthetic,03-repeated.bin,DCC005/fixtures/03-repeated.bin,8192,f8ca02c69621dd84cd1212ebfd7d6cdc9ba6ad658854f29567723531912d1a35,0,0,8192,f8ca02c69621dd84cd1212ebfd7d6cdc9ba6ad658854f29567723531912d1a35,ee5fe24c7ee8c325
syn-05,syn-05,synthetic,04-alphabet.bin,DCC005/fixtures/04-alphabet.bin,256,40aff2e9d2d8922e47afd4648e6967497158785fbd1da870e7110266bf944880,0,0,256,40aff2e9d2d8922e47afd4648e6967497158785fbd1da870e7110266bf944880,4242dc5249c33625
syn-06,syn-06,synthetic,05-cycle.bin,DCC005/fixtures/05-cycle.bin,8192,dc404a613fedaeb54034514bc6505f56b933caa5250299ba7d094377a51caa46,0,0,8192,dc404a613fedaeb54034514bc6505f56b933caa5250299ba7d094377a51caa46,37b4add9db848325
syn-07,syn-07,synthetic,06-random.bin,DCC005/fixtures/06-random.bin,8192,fec7b76db5e42fbce97a96154a1679607d4fc31f6dc0fe40c0df6232d032bf49,0,0,8192,fec7b76db5e42fbce97a96154a1679607d4fc31f6dc0fe40c0df6232d032bf49,994d51dd7b334dfd
syn-08,syn-08,synthetic,07-sparse.bin,DCC005/fixtures/07-sparse.bin,8192,2b7b7ab0574ef9cc89355e630045a0a1abe461460ce535b6b8ceda7efa9d0ffe,0,0,8192,2b7b7ab0574ef9cc89355e630045a0a1abe461460ce535b6b8ceda7efa9d0ffe,80055375c5ecb5c2
syn-09,syn-09,synthetic,08-changing.bin,DCC005/fixtures/08-changing.bin,16384,3386930a84a13af7112ae6bc9411abdc047270c416dde1916d86bb899f832c7b,0,0,16384,3386930a84a13af7112ae6bc9411abdc047270c416dde1916d86bb899f832c7b,5dc1dd6ce0f85b32
syn-10,syn-10,synthetic,09-ties.bin,DCC005/fixtures/09-ties.bin,4096,1e463d79b914f7f0e73fc43364ec143ab6a337733b90a707c58ca99dfa275b96,0,0,4096,1e463d79b914f7f0e73fc43364ec143ab6a337733b90a707c58ca99dfa275b96,25673a169dcc7325
whole-01,whole-01,calgary18,bib,data/calgary18/bib,111261,0f1a13936e358191533aca4a32ff42906d1b7f641f3afb0a90458b2410419fcf,0,0,111261,0f1a13936e358191533aca4a32ff42906d1b7f641f3afb0a90458b2410419fcf,503b2a4f25236d5f
whole-02,whole-02,calgary18,book1,data/calgary18/book1,768771,9ffa47cd93bccd732f20e0c304203cfbc1b8a91bedac536e2d8f6051003d9951,0,0,768771,9ffa47cd93bccd732f20e0c304203cfbc1b8a91bedac536e2d8f6051003d9951,901565bf9fd40be0
whole-03,whole-03,calgary18,book2,data/calgary18/book2,610856,c8538730cf2ce6a243acf3eb299c43d619b5c695d892f4884df796c13081fdf8,0,0,610856,c8538730cf2ce6a243acf3eb299c43d619b5c695d892f4884df796c13081fdf8,b3fb7e805467f51e
whole-04,whole-04,calgary18,geo,data/calgary18/geo,102400,913ff6f45610599020c02f543a0d5a1f46cf772412e25a568b683d23db8c447d,0,0,102400,913ff6f45610599020c02f543a0d5a1f46cf772412e25a568b683d23db8c447d,6d11ee9e5ed3c2e3
whole-05,whole-05,calgary18,news,data/calgary18/news,377109,7f0482f9774681429eb7021050c17966f6acf19450e170de6611e1ed953d42e8,0,0,377109,7f0482f9774681429eb7021050c17966f6acf19450e170de6611e1ed953d42e8,bb779b37f5e1c2a2
whole-06,whole-06,calgary18,obj1,data/calgary18/obj1,21504,8c06109caffd7e794516e4ed10095b0238ea8df63ed66840907cd4dd23e2cf72,0,0,21504,8c06109caffd7e794516e4ed10095b0238ea8df63ed66840907cd4dd23e2cf72,ef2771da00f5adf4
whole-07,whole-07,calgary18,obj2,data/calgary18/obj2,246814,8b3e7f028bfefaebdd48a791060a1ab11d1ffd9bf27e0d63b15e58dda0deb984,0,0,246814,8b3e7f028bfefaebdd48a791060a1ab11d1ffd9bf27e0d63b15e58dda0deb984,67218d171208795e
whole-08,whole-08,calgary18,paper1,data/calgary18/paper1,53161,8d9c42d9fa58b5bce1a8b5fae3cc27c9eb7cc7a032bc12a633d44e816497e143,0,0,53161,8d9c42d9fa58b5bce1a8b5fae3cc27c9eb7cc7a032bc12a633d44e816497e143,9cd2a4c3a804d8c4
whole-09,whole-09,calgary18,paper2,data/calgary18/paper2,82199,dc4b9cf68094c632a920f4e76d0a0a8b9617b624c36928ca46a5d29798c5bbbe,0,0,82199,dc4b9cf68094c632a920f4e76d0a0a8b9617b624c36928ca46a5d29798c5bbbe,6cf2beb1f55b7ff4
whole-10,whole-10,calgary18,paper3,data/calgary18/paper3,46526,c3e1ba94849992147cf68531311cf6512c9032b88f548d3e2d62cb659aef19d8,0,0,46526,c3e1ba94849992147cf68531311cf6512c9032b88f548d3e2d62cb659aef19d8,d7ee5223a9abfd30
whole-11,whole-11,calgary18,paper4,data/calgary18/paper4,13286,aeecc3ff5b2e497e35fbd2d2190627fff4818dabf7aee9734ac090c21b04739b,0,0,13286,aeecc3ff5b2e497e35fbd2d2190627fff4818dabf7aee9734ac090c21b04739b,1c56d16b109c71e9
whole-12,whole-12,calgary18,paper5,data/calgary18/paper5,11954,7a4b1ee6aa419ca362a9bbae383287fe8fee4324c9d6aefa7e94b6d845452ee8,0,0,11954,7a4b1ee6aa419ca362a9bbae383287fe8fee4324c9d6aefa7e94b6d845452ee8,516bd377cf06b8de
whole-13,whole-13,calgary18,paper6,data/calgary18/paper6,38105,8f38dd101a4e0c0e4acefec93d5da8198db593557e9e0019140e2dff24b1b080,0,0,38105,8f38dd101a4e0c0e4acefec93d5da8198db593557e9e0019140e2dff24b1b080,82d2e852e8385832
whole-14,whole-14,calgary18,pic,data/calgary18/pic,513216,0ec3a75089bb52342813496b17e51377bc9eba3cb519a444d67025354841d650,0,0,513216,0ec3a75089bb52342813496b17e51377bc9eba3cb519a444d67025354841d650,5ad8cf8e0a59403b
whole-15,whole-15,calgary18,progc,data/calgary18/progc,39611,151377a9d6aa9b7e872000269707a15e2b038c826340628e6f4d8b4db9ec3c19,0,0,39611,151377a9d6aa9b7e872000269707a15e2b038c826340628e6f4d8b4db9ec3c19,b8546a6ea7db10e2
whole-16,whole-16,calgary18,progl,data/calgary18/progl,71646,9388db0cfb71ffbe5687d381819a5ff69cdd992d6931e0cf81a310a1caed0ba0,0,0,71646,9388db0cfb71ffbe5687d381819a5ff69cdd992d6931e0cf81a310a1caed0ba0,64a7ec43c91f10bc
whole-17,whole-17,calgary18,progp,data/calgary18/progp,49379,d0cd70ab5f7381a8584b25fa73b3608571a17ee1042cc5c546f63b904614d1bc,0,0,49379,d0cd70ab5f7381a8584b25fa73b3608571a17ee1042cc5c546f63b904614d1bc,4c0ecc1d7e970502
whole-18,whole-18,calgary18,trans,data/calgary18/trans,93695,117a00c6af3e1c57f20013a8f1b468158f70634f685a348bedb7e4069cdd576a,0,0,93695,117a00c6af3e1c57f20013a8f1b468158f70634f685a348bedb7e4069cdd576a,4b6ba8346fa11f42
whole-19,whole-19,canterbury11,alice29.txt,data/canterbury11/alice29.txt,152089,7467306ee0feed4971260f3c87421154a05be571d944e9cb021a5713700c38f0,0,0,152089,7467306ee0feed4971260f3c87421154a05be571d944e9cb021a5713700c38f0,fdc9aa73646ec76e
whole-20,whole-20,canterbury11,asyoulik.txt,data/canterbury11/asyoulik.txt,125179,eaa3526fe53859f34ecdf255712f9ecf0b2c903451d4755b2edaa2e2599cb0fc,0,0,125179,eaa3526fe53859f34ecdf255712f9ecf0b2c903451d4755b2edaa2e2599cb0fc,a2fc547834afc050
whole-21,whole-21,canterbury11,cp.html,data/canterbury11/cp.html,24603,e0cd21cef5b6c4069461e949be100080c3ce887de6f1dd8626c480528efaaf61,0,0,24603,e0cd21cef5b6c4069461e949be100080c3ce887de6f1dd8626c480528efaaf61,6583b8d4098e3c38
whole-22,whole-22,canterbury11,fields.c,data/canterbury11/fields.c,11150,85d73e354cc50cec76cb5a50537cf8dc035f8cbb8480f9e1cbe2f7d6c23393c7,0,0,11150,85d73e354cc50cec76cb5a50537cf8dc035f8cbb8480f9e1cbe2f7d6c23393c7,d8948679ed3ef661
whole-23,whole-23,canterbury11,grammar.lsp,data/canterbury11/grammar.lsp,3721,1b0805dfc0ae706b35aac2bb4e15f02485efd24dda5dbd29de7b2f84d1a88c15,0,0,3721,1b0805dfc0ae706b35aac2bb4e15f02485efd24dda5dbd29de7b2f84d1a88c15,f79e4b3d0bb30b76
whole-24,whole-24,canterbury11,kennedy.xls,data/canterbury11/kennedy.xls,1029744,9af47239ca29dfe20e633f80bbbb9a4cc9783d0803d7b2b5626f42e4c3790420,0,0,1029744,9af47239ca29dfe20e633f80bbbb9a4cc9783d0803d7b2b5626f42e4c3790420,2656c1c4c118546f
whole-25,whole-25,canterbury11,lcet10.txt,data/canterbury11/lcet10.txt,426754,5314ba1dbb03f471df88bec6cd120a938ef60d0fd3511c5c1dce61bf7463245f,0,0,426754,5314ba1dbb03f471df88bec6cd120a938ef60d0fd3511c5c1dce61bf7463245f,1a34ee9a2bd6186a
whole-26,whole-26,canterbury11,plrabn12.txt,data/canterbury11/plrabn12.txt,481861,07e2e0b461af78c7c647cb53dab39de560198e16f799b4516eccf0fbd69f764c,0,0,481861,07e2e0b461af78c7c647cb53dab39de560198e16f799b4516eccf0fbd69f764c,0654504f49dd0868
whole-27,whole-27,canterbury11,ptt5,data/canterbury11/ptt5,513216,0ec3a75089bb52342813496b17e51377bc9eba3cb519a444d67025354841d650,0,0,513216,0ec3a75089bb52342813496b17e51377bc9eba3cb519a444d67025354841d650,5ad8cf8e0a59403b
whole-28,whole-28,canterbury11,sum,data/canterbury11/sum,38240,ee5733cd76ecc2f9d8ff156adc3c02a7a851051dcf43a2d56ff4ee4ff606bdb3,0,0,38240,ee5733cd76ecc2f9d8ff156adc3c02a7a851051dcf43a2d56ff4ee4ff606bdb3,a778ac9abee240b3
whole-29,whole-29,canterbury11,xargs.1,data/canterbury11/xargs.1,4227,c58aeb5d2d1e12751d47e7412b45784405fc30a5671b03d480fa05776e183619,0,0,4227,c58aeb5d2d1e12751d47e7412b45784405fc30a5671b03d480fa05776e183619,3f55a092dcbb9cfd
whole-30,whole-30,silesia,dickens,data/silesia/dickens,10192446,b24c37886142e11d0ee687db6ab06f936207aa7f2ea1fd1d9a36763c7a507e6a,0,0,10192446,b24c37886142e11d0ee687db6ab06f936207aa7f2ea1fd1d9a36763c7a507e6a,f07a3f60630a6181
whole-31,whole-31,silesia,mozilla,data/silesia/mozilla,51220480,657fc3764b0c75ac9de9623125705831ebbfbe08fed248df73bc2dc66e2a963b,0,0,51220480,657fc3764b0c75ac9de9623125705831ebbfbe08fed248df73bc2dc66e2a963b,acf0758343049e4f
whole-32,whole-32,silesia,mr,data/silesia/mr,9970564,68637ed52e3e4860174ed2dc0840ac77d5f1a60abbcb13770d5754e3774d53e6,0,0,9970564,68637ed52e3e4860174ed2dc0840ac77d5f1a60abbcb13770d5754e3774d53e6,4a2f17421ca20bd8
whole-33,whole-33,silesia,nci,data/silesia/nci,33553445,fc63a31770947b8c2062d3b19ca94c00485a232bb91b502021948fee983e1635,0,0,33553445,fc63a31770947b8c2062d3b19ca94c00485a232bb91b502021948fee983e1635,d914283ff33ce371
whole-34,whole-34,silesia,ooffice,data/silesia/ooffice,6152192,e7ee013880d34dd5208283d0d3d91b07f442e067454276095ded14f322a656eb,0,0,6152192,e7ee013880d34dd5208283d0d3d91b07f442e067454276095ded14f322a656eb,ac34d6644d25d2b5
whole-35,whole-35,silesia,osdb,data/silesia/osdb,10085684,60f027179302ca3ad87c58ac90b6be72ec23588aaa7a3b7fe8ecc0f11def3fa3,0,0,10085684,60f027179302ca3ad87c58ac90b6be72ec23588aaa7a3b7fe8ecc0f11def3fa3,63c69724851bd3e9
whole-36,whole-36,silesia,reymont,data/silesia/reymont,6627202,0eac0114a3dfe6e2ee1f345a0f79d653cb26c3bc9f0ed79238af4933422b7578,0,0,6627202,0eac0114a3dfe6e2ee1f345a0f79d653cb26c3bc9f0ed79238af4933422b7578,8b9cf9281851a043
whole-37,whole-37,silesia,samba,data/silesia/samba,21606400,93ba07bc44d8267789c1d911992f40b089ffa2140b4a160fac11ccae9a40e7b2,0,0,21606400,93ba07bc44d8267789c1d911992f40b089ffa2140b4a160fac11ccae9a40e7b2,2f86167bd73b3bbf
whole-38,whole-38,silesia,sao,data/silesia/sao,7251944,c2d0ea2cc59d4c21b7fe43a71499342a00cbe530a1d5548770e91ecd6214adcc,0,0,7251944,c2d0ea2cc59d4c21b7fe43a71499342a00cbe530a1d5548770e91ecd6214adcc,f109ce9b9f78bb37
whole-39,whole-39,silesia,webster,data/silesia/webster,41458703,6a68f69b26daf09f9dd84f7470368553194a0b294fcfa80f1604efb11143a383,0,0,41458703,6a68f69b26daf09f9dd84f7470368553194a0b294fcfa80f1604efb11143a383,319348be5f868ffc
whole-40,whole-40,silesia,x-ray,data/silesia/x-ray,8474240,7de9fce1405dc44ae5e6813ed21cd5751e761bd4265655a005d39b9685d1c9ad,0,0,8474240,7de9fce1405dc44ae5e6813ed21cd5751e761bd4265655a005d39b9685d1c9ad,b04020442c0140b8
whole-41,whole-41,silesia,xml,data/silesia/xml,5345280,0e82e54e695c1938e4193448022543845b33020c8be6bf3bf3ead2224903e08c,0,0,5345280,0e82e54e695c1938e4193448022543845b33020c8be6bf3bf3ead2224903e08c,5c97956583d8ef72
block-01-016k,block-01-016k-01,silesia-blocks,dickens,data/silesia/dickens,10192446,b24c37886142e11d0ee687db6ab06f936207aa7f2ea1fd1d9a36763c7a507e6a,16384,0,16384,626287fc08506a3f5c970220e11a187237abd7a24c86e907699a781b1e6ef88d,170b016cd8aa104c
block-01-016k,block-01-016k-02,silesia-blocks,dickens,data/silesia/dickens,10192446,b24c37886142e11d0ee687db6ab06f936207aa7f2ea1fd1d9a36763c7a507e6a,16384,524288,16384,3c94569c3d0def564a0a83bbb54b6fad1d461b7474f5c885228f04be3d9d0011,fbd42d16c4a619f9
block-01-016k,block-01-016k-03,silesia-blocks,dickens,data/silesia/dickens,10192446,b24c37886142e11d0ee687db6ab06f936207aa7f2ea1fd1d9a36763c7a507e6a,16384,1064960,16384,90ab5148922b496f28be4472d26ddafad7171345d627c43d440db065ff6bdfc5,5d62c3969a834825
block-01-016k,block-01-016k-04,silesia-blocks,dickens,data/silesia/dickens,10192446,b24c37886142e11d0ee687db6ab06f936207aa7f2ea1fd1d9a36763c7a507e6a,16384,1605632,16384,ea810372eb9af5776cc75f53e178b315b65b7939087d98574ce82037d1cd4a43,3dbb65ccb0d2c876
block-01-016k,block-01-016k-05,silesia-blocks,dickens,data/silesia/dickens,10192446,b24c37886142e11d0ee687db6ab06f936207aa7f2ea1fd1d9a36763c7a507e6a,16384,2129920,16384,bce6ceff9bcf215a16b80ec49bc4f4de611294dfaad075848febeb0fc2cae5e9,340ec39d453b934e
block-01-016k,block-01-016k-06,silesia-blocks,dickens,data/silesia/dickens,10192446,b24c37886142e11d0ee687db6ab06f936207aa7f2ea1fd1d9a36763c7a507e6a,16384,2670592,16384,66230d65b3b46439664a1f662c135a3d2d0004472044f79a5225d16bf9809297,33bf8efe3e1242df
block-01-016k,block-01-016k-07,silesia-blocks,dickens,data/silesia/dickens,10192446,b24c37886142e11d0ee687db6ab06f936207aa7f2ea1fd1d9a36763c7a507e6a,16384,3211264,16384,86b2959fad2df28bb799ab1280a142e6e55550fed792b8c31b1a89e7b42d2539,7dd5401869a92810
block-01-016k,block-01-016k-08,silesia-blocks,dickens,data/silesia/dickens,10192446,b24c37886142e11d0ee687db6ab06f936207aa7f2ea1fd1d9a36763c7a507e6a,16384,3751936,16384,0b1f60c079c3fe96b4440a51ab32de05a1401264e0a9ae940e6ded2726c533a4,1456a9ffa66030ea
block-01-016k,block-01-016k-09,silesia-blocks,dickens,data/silesia/dickens,10192446,b24c37886142e11d0ee687db6ab06f936207aa7f2ea1fd1d9a36763c7a507e6a,16384,4276224,16384,73cf7dc9aec2d2f49ccaf9a2e9c2c948ccef4daa714f196dc8987d025908d807,1a015a6209b79d60
block-01-016k,block-01-016k-10,silesia-blocks,dickens,data/silesia/dickens,10192446,b24c37886142e11d0ee687db6ab06f936207aa7f2ea1fd1d9a36763c7a507e6a,16384,4816896,16384,49ed93f0886ad8f83fc54391198152edf47dfdc94d560e87420eda19a0ad40e2,dd71e8a31b9a151b
block-01-016k,block-01-016k-11,silesia-blocks,dickens,data/silesia/dickens,10192446,b24c37886142e11d0ee687db6ab06f936207aa7f2ea1fd1d9a36763c7a507e6a,16384,5357568,16384,1bb4f278997e6287478f930c72e5be1bc24bb1265830984ad6d1b6dc57631f82,ddb161aed4579932
block-01-016k,block-01-016k-12,silesia-blocks,dickens,data/silesia/dickens,10192446,b24c37886142e11d0ee687db6ab06f936207aa7f2ea1fd1d9a36763c7a507e6a,16384,5898240,16384,9e9b4fd8711568913068b45ec0426b1e9e42d63ccfb03c7195a893fa81b40286,2ed71c835c8fce24
block-01-016k,block-01-016k-13,silesia-blocks,dickens,data/silesia/dickens,10192446,b24c37886142e11d0ee687db6ab06f936207aa7f2ea1fd1d9a36763c7a507e6a,16384,6422528,16384,be306c5ad008fa8a622b399a0b6678d5d51a3cdc3cb7e4420fc91b5e8e120b6c,62b36c6141f452d8
block-01-016k,block-01-016k-14,silesia-blocks,dickens,data/silesia/dickens,10192446,b24c37886142e11d0ee687db6ab06f936207aa7f2ea1fd1d9a36763c7a507e6a,16384,6963200,16384,a95c904a73c2bcc28f5014e2b95cb4c3eebd7ea9913235540bf0f2273528f234,12d5423fdd415280
block-01-016k,block-01-016k-15,silesia-blocks,dickens,data/silesia/dickens,10192446,b24c37886142e11d0ee687db6ab06f936207aa7f2ea1fd1d9a36763c7a507e6a,16384,7503872,16384,22e6fed93fed525bf2c0dcd2069d05d24f3cb22a78bf53099a76babe705e66b2,8f1c5412d19deafe
block-01-016k,block-01-016k-16,silesia-blocks,dickens,data/silesia/dickens,10192446,b24c37886142e11d0ee687db6ab06f936207aa7f2ea1fd1d9a36763c7a507e6a,16384,8044544,16384,3f27e6ee887dcf586144c16911e02d75d1c0483eb3509cbf714edfd89c973f19,3f15b9c37e2af344
block-01-016k,block-01-016k-17,silesia-blocks,dickens,data/silesia/dickens,10192446,b24c37886142e11d0ee687db6ab06f936207aa7f2ea1fd1d9a36763c7a507e6a,16384,8568832,16384,63ccbcdb964f1efbcccf63ef4b44ca8d6d2004860263032eac513599f5dfbbc2,95e6165c33960be0
block-01-016k,block-01-016k-18,silesia-blocks,dickens,data/silesia/dickens,10192446,b24c37886142e11d0ee687db6ab06f936207aa7f2ea1fd1d9a36763c7a507e6a,16384,9109504,16384,a070ff57a77ca706f92eb3f12c9625986061e46277fddb047816bcf439594430,2c3d83962a548334
block-01-016k,block-01-016k-19,silesia-blocks,dickens,data/silesia/dickens,10192446,b24c37886142e11d0ee687db6ab06f936207aa7f2ea1fd1d9a36763c7a507e6a,16384,9650176,16384,eb278516fb0b228d52ead5d402399f494d6404ec7219e81c005373ffb67e6adf,612ea8d065105fd3
block-01-016k,block-01-016k-20,silesia-blocks,dickens,data/silesia/dickens,10192446,b24c37886142e11d0ee687db6ab06f936207aa7f2ea1fd1d9a36763c7a507e6a,16384,10190848,1598,e6eff6518c0c61b477e0fd66eb0f1c53242a283c983c635c2cecaa7bf94c7bd8,d56fe53d8b849178
block-01-064k,block-01-064k-01,silesia-blocks,dickens,data/silesia/dickens,10192446,b24c37886142e11d0ee687db6ab06f936207aa7f2ea1fd1d9a36763c7a507e6a,65536,0,65536,134ad989a7b8b40c900a3b9c0f4895317dfd827d9e6e933895b08d2f4a8a8293,bf00048c5bb566e8
block-01-064k,block-01-064k-02,silesia-blocks,dickens,data/silesia/dickens,10192446,b24c37886142e11d0ee687db6ab06f936207aa7f2ea1fd1d9a36763c7a507e6a,65536,524288,65536,e1af4ce8d103da16afaca3485e327ac722b54b79cf74e3645f4fa8bd8647146e,9532fe90bfe3b8fd
block-01-064k,block-01-064k-03,silesia-blocks,dickens,data/silesia/dickens,10192446,b24c37886142e11d0ee687db6ab06f936207aa7f2ea1fd1d9a36763c7a507e6a,65536,1048576,65536,af5e0008cb0b5bf05a3b4c1e48125bcdbe586958be69c593a7a249edfe3fd2ed,3a1fc881276033fe
block-01-064k,block-01-064k-04,silesia-blocks,dickens,data/silesia/dickens,10192446,b24c37886142e11d0ee687db6ab06f936207aa7f2ea1fd1d9a36763c7a507e6a,65536,1572864,65536,39a0f183716b052654a0a74aa95e547062b75e3a63dbfec44e04d14782f0885b,f9bf08e992c28e0f
block-01-064k,block-01-064k-05,silesia-blocks,dickens,data/silesia/dickens,10192446,b24c37886142e11d0ee687db6ab06f936207aa7f2ea1fd1d9a36763c7a507e6a,65536,2097152,65536,48d0ddc23e5a5aff1e8b255b73c12d2711bf7839977057ef1980cd1fa4206fd1,f18c0b0ae17331cf
block-01-064k,block-01-064k-06,silesia-blocks,dickens,data/silesia/dickens,10192446,b24c37886142e11d0ee687db6ab06f936207aa7f2ea1fd1d9a36763c7a507e6a,65536,2621440,65536,a97f7c60018c936457a525063911df788ec2eddaaa18845eacf29f8f18ab0471,bd289f19fb8a743f
block-01-064k,block-01-064k-07,silesia-blocks,dickens,data/silesia/dickens,10192446,b24c37886142e11d0ee687db6ab06f936207aa7f2ea1fd1d9a36763c7a507e6a,65536,3145728,65536,4e5ad230a1fe8bcb9ec2334b18984cb62fb8f16baaf52de9ef1a0572f2d333f5,c7618d9518c1171f
block-01-064k,block-01-064k-08,silesia-blocks,dickens,data/silesia/dickens,10192446,b24c37886142e11d0ee687db6ab06f936207aa7f2ea1fd1d9a36763c7a507e6a,65536,3735552,65536,c97af77722b5eb2102029430f5506a4f2956dd7914d54dc6b263ded3a32e6c7e,8cfcf4e77181ff57
block-01-064k,block-01-064k-09,silesia-blocks,dickens,data/silesia/dickens,10192446,b24c37886142e11d0ee687db6ab06f936207aa7f2ea1fd1d9a36763c7a507e6a,65536,4259840,65536,be87347b6c8d1c1780db63d97dfc79c6f978fc8d93f74209bb5457a0e6a7c267,e901ea85c72725ca
block-01-064k,block-01-064k-10,silesia-blocks,dickens,data/silesia/dickens,10192446,b24c37886142e11d0ee687db6ab06f936207aa7f2ea1fd1d9a36763c7a507e6a,65536,4784128,65536,1ca233bf252131022ad8ed3fa61060424a5aa109c38711f1cd8e637724c4217d,8a26a9dec1680591
block-01-064k,block-01-064k-11,silesia-blocks,dickens,data/silesia/dickens,10192446,b24c37886142e11d0ee687db6ab06f936207aa7f2ea1fd1d9a36763c7a507e6a,65536,5308416,65536,af0c5cdd54e144bd38c7f346f6adf6390e4571ef75a1f0a53a71ac8b9ade1443,44d6a2e0cbf3657d
block-01-064k,block-01-064k-12,silesia-blocks,dickens,data/silesia/dickens,10192446,b24c37886142e11d0ee687db6ab06f936207aa7f2ea1fd1d9a36763c7a507e6a,65536,5832704,65536,f8bd03e5f5746378de0eedd4f9cf4b35bf74e2eb710c0f2511de5aea7a21bafc,e50ab6c6f1599d7b
block-01-064k,block-01-064k-13,silesia-blocks,dickens,data/silesia/dickens,10192446,b24c37886142e11d0ee687db6ab06f936207aa7f2ea1fd1d9a36763c7a507e6a,65536,6356992,65536,619499966319a11f0ceceb68d4195c86713af8b2ccd1b58bc9dc160a0940e1b2,7aa6ea2d9c89cc46
block-01-064k,block-01-064k-14,silesia-blocks,dickens,data/silesia/dickens,10192446,b24c37886142e11d0ee687db6ab06f936207aa7f2ea1fd1d9a36763c7a507e6a,65536,6946816,65536,d0bf914c83e3849fd970ef811c7bdabafb31f569f729ab8e22731fad3d70dbbf,fea2c0556468603e
block-01-064k,block-01-064k-15,silesia-blocks,dickens,data/silesia/dickens,10192446,b24c37886142e11d0ee687db6ab06f936207aa7f2ea1fd1d9a36763c7a507e6a,65536,7471104,65536,56e42af3d07c3a0930b21af02eb49febf5b811893f3df5a0d621ea5c9e6096a0,c150b7cc9869cfe9
block-01-064k,block-01-064k-16,silesia-blocks,dickens,data/silesia/dickens,10192446,b24c37886142e11d0ee687db6ab06f936207aa7f2ea1fd1d9a36763c7a507e6a,65536,7995392,65536,fa02b86ca860c56e5a0dcee5d2954030affbf4caffe14d6121eb3497f373c30d,9dfebb152adee42c
block-01-064k,block-01-064k-17,silesia-blocks,dickens,data/silesia/dickens,10192446,b24c37886142e11d0ee687db6ab06f936207aa7f2ea1fd1d9a36763c7a507e6a,65536,8519680,65536,44a8a40187ce8c069b57dc960eec41583e40c6cf2b73a4c6f852984693e33e88,d56337511df32a74
block-01-064k,block-01-064k-18,silesia-blocks,dickens,data/silesia/dickens,10192446,b24c37886142e11d0ee687db6ab06f936207aa7f2ea1fd1d9a36763c7a507e6a,65536,9043968,65536,f422882bbc4da9a39c75b939113c9a13a5d11e1b8a3ef801d40a9d1f5ae804bf,a630b4952e4754a9
block-01-064k,block-01-064k-19,silesia-blocks,dickens,data/silesia/dickens,10192446,b24c37886142e11d0ee687db6ab06f936207aa7f2ea1fd1d9a36763c7a507e6a,65536,9568256,65536,064163565c00b0caba8288757d3dccce0fcce4f18490be7b808c9d42272a80af,047b1a48b522572d
block-01-064k,block-01-064k-20,silesia-blocks,dickens,data/silesia/dickens,10192446,b24c37886142e11d0ee687db6ab06f936207aa7f2ea1fd1d9a36763c7a507e6a,65536,10158080,34366,d7de1d9cb23b7f657a88b2b6c96d5271dd1d7c255d7c2d99dd745c4b92c61671,ebe0e9ca9f6d0ef2
block-01-256k,block-01-256k-01,silesia-blocks,dickens,data/silesia/dickens,10192446,b24c37886142e11d0ee687db6ab06f936207aa7f2ea1fd1d9a36763c7a507e6a,262144,0,262144,becc366f2948cfbaefb219df19f54b101a842737428b01c7538b871a35c3edf4,4d3395815fb68672
block-01-256k,block-01-256k-02,silesia-blocks,dickens,data/silesia/dickens,10192446,b24c37886142e11d0ee687db6ab06f936207aa7f2ea1fd1d9a36763c7a507e6a,262144,524288,262144,3beadad7cdc0bbd55d974a08945efc43c5930690bd7f0512ba1cf6a579d77aaa,a6083724401442d1
block-01-256k,block-01-256k-03,silesia-blocks,dickens,data/silesia/dickens,10192446,b24c37886142e11d0ee687db6ab06f936207aa7f2ea1fd1d9a36763c7a507e6a,262144,1048576,262144,901fafd65a8f3bda23013dc949784282a0b8b8f0f8ca8725cf0d89a36b893539,168756f25df26aa0
block-01-256k,block-01-256k-04,silesia-blocks,dickens,data/silesia/dickens,10192446,b24c37886142e11d0ee687db6ab06f936207aa7f2ea1fd1d9a36763c7a507e6a,262144,1572864,262144,46de0f35cb3e6a4ff570b4ce9aa42c8a0a7de8be52f5d4a0c8e42bd0c1054fb1,e4ebbc024b2d3fc3
block-01-256k,block-01-256k-05,silesia-blocks,dickens,data/silesia/dickens,10192446,b24c37886142e11d0ee687db6ab06f936207aa7f2ea1fd1d9a36763c7a507e6a,262144,2097152,262144,67fb7a44e05b8a8f39087736b1677fce1b80cfd2769d7acc67919c6e779a45af,5974b4f30466e63f
block-01-256k,block-01-256k-06,silesia-blocks,dickens,data/silesia/dickens,10192446,b24c37886142e11d0ee687db6ab06f936207aa7f2ea1fd1d9a36763c7a507e6a,262144,2621440,262144,7ab0be404c55f2cad56b4597f624f7d812182daba355c9ca44f45d22a0fabb69,279044f3384b9f3b
block-01-256k,block-01-256k-07,silesia-blocks,dickens,data/silesia/dickens,10192446,b24c37886142e11d0ee687db6ab06f936207aa7f2ea1fd1d9a36763c7a507e6a,262144,3145728,262144,9b4603e84909407f1aa568abf085d4f11d1cc5b61832d4c1439309e0cd821133,8ffd3275614633c4
block-01-256k,block-01-256k-08,silesia-blocks,dickens,data/silesia/dickens,10192446,b24c37886142e11d0ee687db6ab06f936207aa7f2ea1fd1d9a36763c7a507e6a,262144,3670016,262144,4d7914e58aceca590855fb0150eec9b63ab092edc88323327466b2b001a53fda,313d096d404abb7a
block-01-256k,block-01-256k-09,silesia-blocks,dickens,data/silesia/dickens,10192446,b24c37886142e11d0ee687db6ab06f936207aa7f2ea1fd1d9a36763c7a507e6a,262144,4194304,262144,70fe2dcd9472aea1d77805a779f594e3fe528d1dde7dd5d29e0ffb9c02b06dd7,1f7744fae710943a
block-01-256k,block-01-256k-10,silesia-blocks,dickens,data/silesia/dickens,10192446,b24c37886142e11d0ee687db6ab06f936207aa7f2ea1fd1d9a36763c7a507e6a,262144,4718592,262144,0bc8ff2dfc89b6b3025ba8e46f6d3b458dfeec9d35a9352c4e3e2eda335a8e3e,f40a2600a8857fc7
block-01-256k,block-01-256k-11,silesia-blocks,dickens,data/silesia/dickens,10192446,b24c37886142e11d0ee687db6ab06f936207aa7f2ea1fd1d9a36763c7a507e6a,262144,5242880,262144,13446f6832aaddd339f8ceae299ae47aa8e6684142601b7665a910b154d2bc6c,64faae6b1cbf64e9
block-01-256k,block-01-256k-12,silesia-blocks,dickens,data/silesia/dickens,10192446,b24c37886142e11d0ee687db6ab06f936207aa7f2ea1fd1d9a36763c7a507e6a,262144,5767168,262144,eb2b220113e1f0dad3232f47a5412e6e66e61fe1bdd76fa556711cc5d82cfda6,f2d8d839d5a143b6
block-01-256k,block-01-256k-13,silesia-blocks,dickens,data/silesia/dickens,10192446,b24c37886142e11d0ee687db6ab06f936207aa7f2ea1fd1d9a36763c7a507e6a,262144,6291456,262144,6ca71eecf7db40b9fe72c6ce6d29d3d0d68cb0ad6f2f64b229327772778e199b,f692828874244617
block-01-256k,block-01-256k-14,silesia-blocks,dickens,data/silesia/dickens,10192446,b24c37886142e11d0ee687db6ab06f936207aa7f2ea1fd1d9a36763c7a507e6a,262144,6815744,262144,023558e277fdc245007b08aea060840986319d601112066d24b4ee54e35e17d1,4bf82bad8307d3b8
block-01-256k,block-01-256k-15,silesia-blocks,dickens,data/silesia/dickens,10192446,b24c37886142e11d0ee687db6ab06f936207aa7f2ea1fd1d9a36763c7a507e6a,262144,7340032,262144,a9efb23d5aee91a3ad03b0a727a45b00266196a0c2c6d8610b80d1df840940c7,14cd8812c23d61c1
block-01-256k,block-01-256k-16,silesia-blocks,dickens,data/silesia/dickens,10192446,b24c37886142e11d0ee687db6ab06f936207aa7f2ea1fd1d9a36763c7a507e6a,262144,7864320,262144,6fee3cc55fe778cf046a80148b97c417f4b528256036ee2a7f8174564e9f84cf,9f53d3e0701ebcc0
block-01-256k,block-01-256k-17,silesia-blocks,dickens,data/silesia/dickens,10192446,b24c37886142e11d0ee687db6ab06f936207aa7f2ea1fd1d9a36763c7a507e6a,262144,8388608,262144,23cfef3bd36201958ea86334ca90a33eaa18da6a3382d783781dc7ea1e2acbcd,82caba68deaa03bb
block-01-256k,block-01-256k-18,silesia-blocks,dickens,data/silesia/dickens,10192446,b24c37886142e11d0ee687db6ab06f936207aa7f2ea1fd1d9a36763c7a507e6a,262144,8912896,262144,cc6f166f28671353558edb15eac13ffa3b3019b22935aee4a77c406f4bbde953,4189f6b34ad7a525
block-01-256k,block-01-256k-19,silesia-blocks,dickens,data/silesia/dickens,10192446,b24c37886142e11d0ee687db6ab06f936207aa7f2ea1fd1d9a36763c7a507e6a,262144,9437184,262144,497e9f15086bff92a51af560b8d07c3dffe29dd9b7441f67f191c5933529b8a2,c7ee80ef1cc282d5
block-01-256k,block-01-256k-20,silesia-blocks,dickens,data/silesia/dickens,10192446,b24c37886142e11d0ee687db6ab06f936207aa7f2ea1fd1d9a36763c7a507e6a,262144,9961472,230974,ffee0143a9605bed4f03480b598104f4837c80b58e3265c493ba1727d08b6402,b7bdf9a1cb629486
block-02-016k,block-02-016k-01,silesia-blocks,mozilla,data/silesia/mozilla,51220480,657fc3764b0c75ac9de9623125705831ebbfbe08fed248df73bc2dc66e2a963b,16384,0,16384,227bb1ae54a92c0d7199598e77e6e1c5ca3cdbeca784e106c9c68639a70bae21,fa792bdc2aecc170
block-02-016k,block-02-016k-02,silesia-blocks,mozilla,data/silesia/mozilla,51220480,657fc3764b0c75ac9de9623125705831ebbfbe08fed248df73bc2dc66e2a963b,16384,2686976,16384,a2b1c1e0ff538857f04bd9e78ef86444c96437872b91b8498a016d84fcbf74fa,a2fb928f41c6e4a7
block-02-016k,block-02-016k-03,silesia-blocks,mozilla,data/silesia/mozilla,51220480,657fc3764b0c75ac9de9623125705831ebbfbe08fed248df73bc2dc66e2a963b,16384,5390336,16384,085473b4df8c4958599984c10a1b3941f77e640b0189a3fde780f2a010990830,a96481dc53fdc116
block-02-016k,block-02-016k-04,silesia-blocks,mozilla,data/silesia/mozilla,51220480,657fc3764b0c75ac9de9623125705831ebbfbe08fed248df73bc2dc66e2a963b,16384,8077312,16384,f9404f4339d9a99e10432ceaf3b75007c220921f71689be5014bcd60a3ecd5c7,00df158a65f2fa89
block-02-016k,block-02-016k-05,silesia-blocks,mozilla,data/silesia/mozilla,51220480,657fc3764b0c75ac9de9623125705831ebbfbe08fed248df73bc2dc66e2a963b,16384,10780672,16384,578293b2bab10fc7c80b56aa018c630b3c318354ae5f4103d27ac5a96b4d0211,6368b022315fe60c
block-02-016k,block-02-016k-06,silesia-blocks,mozilla,data/silesia/mozilla,51220480,657fc3764b0c75ac9de9623125705831ebbfbe08fed248df73bc2dc66e2a963b,16384,13467648,16384,e2c0c5d2a9291453f6ab150ff01a6d3f6f3c639e9add8251bc17f9d8465b0477,6c2d00fa6e790e1e
block-02-016k,block-02-016k-07,silesia-blocks,mozilla,data/silesia/mozilla,51220480,657fc3764b0c75ac9de9623125705831ebbfbe08fed248df73bc2dc66e2a963b,16384,16171008,16384,344a164cc983bfaab5be890ec1a925c47acbe678835e51bea4fc6fba4e13e562,ffdb85ac600efc17
block-02-016k,block-02-016k-08,silesia-blocks,mozilla,data/silesia/mozilla,51220480,657fc3764b0c75ac9de9623125705831ebbfbe08fed248df73bc2dc66e2a963b,16384,18857984,16384,2560b2776c64ca4f4d1758dbeb5e3272813608f72a9830eaf0f8924891a40a00,bc5c97b8fffc51db
block-02-016k,block-02-016k-09,silesia-blocks,mozilla,data/silesia/mozilla,51220480,657fc3764b0c75ac9de9623125705831ebbfbe08fed248df73bc2dc66e2a963b,16384,21561344,16384,64d1e7bad4c59edb40ef9cfefb990c06e95da3e4adc73a9c7b08f6f372597f23,407f194dbaa71137
block-02-016k,block-02-016k-10,silesia-blocks,mozilla,data/silesia/mozilla,51220480,657fc3764b0c75ac9de9623125705831ebbfbe08fed248df73bc2dc66e2a963b,16384,24248320,16384,745d0921471e33c0f5ee51cb2b497742f795190863ea0de23a26ceef519689e4,b52ed319fbc5b90b
block-02-016k,block-02-016k-11,silesia-blocks,mozilla,data/silesia/mozilla,51220480,657fc3764b0c75ac9de9623125705831ebbfbe08fed248df73bc2dc66e2a963b,16384,26951680,16384,b740efa8edb701fdd71187de1d56fcbd31d6e1f59288425a36e0324c634d8487,c8b05daa779325f5
block-02-016k,block-02-016k-12,silesia-blocks,mozilla,data/silesia/mozilla,51220480,657fc3764b0c75ac9de9623125705831ebbfbe08fed248df73bc2dc66e2a963b,16384,29638656,16384,84a4e5496217a80779b42d2a8cd2e3cf2496b2e89f5431f9387840e2a1689406,bf9c924ec1592e5a
block-02-016k,block-02-016k-13,silesia-blocks,mozilla,data/silesia/mozilla,51220480,657fc3764b0c75ac9de9623125705831ebbfbe08fed248df73bc2dc66e2a963b,16384,32342016,16384,3d1c05bbd5c8c163964042e6b550ee0f1fef9f2a08a96a38706e873d01821419,e52f73aceb3de619
block-02-016k,block-02-016k-14,silesia-blocks,mozilla,data/silesia/mozilla,51220480,657fc3764b0c75ac9de9623125705831ebbfbe08fed248df73bc2dc66e2a963b,16384,35028992,16384,aed9d9063862a726e097fabd17527c424e8e8649b44a9eb36c2ff9d64beec374,3906a29949a9d979
block-02-016k,block-02-016k-15,silesia-blocks,mozilla,data/silesia/mozilla,51220480,657fc3764b0c75ac9de9623125705831ebbfbe08fed248df73bc2dc66e2a963b,16384,37732352,16384,ab6ec530c1910931e27f37bbbce1c0e5e34e42e1ee062eea5397d9e65d0ad5c1,9a55ad72d0b5798b
block-02-016k,block-02-016k-16,silesia-blocks,mozilla,data/silesia/mozilla,51220480,657fc3764b0c75ac9de9623125705831ebbfbe08fed248df73bc2dc66e2a963b,16384,40419328,16384,6234494bf95aa08dfb76551794a61c38bd29cf806a163643a29ee023f6a6ae0f,1e2d4e87cde73fa2
block-02-016k,block-02-016k-17,silesia-blocks,mozilla,data/silesia/mozilla,51220480,657fc3764b0c75ac9de9623125705831ebbfbe08fed248df73bc2dc66e2a963b,16384,43122688,16384,ac9981cd984e3b65410a2bcfc90c28a6d591c8f035a1bd3c9828b00a633aeaf3,ca4523af525438fb
block-02-016k,block-02-016k-18,silesia-blocks,mozilla,data/silesia/mozilla,51220480,657fc3764b0c75ac9de9623125705831ebbfbe08fed248df73bc2dc66e2a963b,16384,45809664,16384,b0defda9c1b8a396340bbc7a493f0438a2b7d45fd78345e4df3c2326a5e77ee8,0fa70f129ade76b3
block-02-016k,block-02-016k-19,silesia-blocks,mozilla,data/silesia/mozilla,51220480,657fc3764b0c75ac9de9623125705831ebbfbe08fed248df73bc2dc66e2a963b,16384,48513024,16384,50438caa396e2ebd785233bcc69d77ea3adf87876dd1b3e7122b24f3435712bd,dc9127ce3bde5a23
block-02-016k,block-02-016k-20,silesia-blocks,mozilla,data/silesia/mozilla,51220480,657fc3764b0c75ac9de9623125705831ebbfbe08fed248df73bc2dc66e2a963b,16384,51216384,4096,ad7facb2586fc6e966c004d7d1d16b024f5805ff7cb47c7a85dabd8b48892ca7,b93a0c83ce3b6325
block-02-064k,block-02-064k-01,silesia-blocks,mozilla,data/silesia/mozilla,51220480,657fc3764b0c75ac9de9623125705831ebbfbe08fed248df73bc2dc66e2a963b,65536,0,65536,b0050240663f54371d372303eeaba0a59ab0758bcd565f4f639d06561e6bc996,e6f941d5145ac5c9
block-02-064k,block-02-064k-02,silesia-blocks,mozilla,data/silesia/mozilla,51220480,657fc3764b0c75ac9de9623125705831ebbfbe08fed248df73bc2dc66e2a963b,65536,2686976,65536,c553ee69ca8b944714f533cc1b9ad62ba9b93769881d4b7eb135df6ce066d161,b5ba35635a8e66ce
block-02-064k,block-02-064k-03,silesia-blocks,mozilla,data/silesia/mozilla,51220480,657fc3764b0c75ac9de9623125705831ebbfbe08fed248df73bc2dc66e2a963b,65536,5373952,65536,ef84b9e6c656b8647f5e2943afd1d00c8fb0013ee293a742f7554d3791ed4bb8,8544a2bd75d6502c
block-02-064k,block-02-064k-04,silesia-blocks,mozilla,data/silesia/mozilla,51220480,657fc3764b0c75ac9de9623125705831ebbfbe08fed248df73bc2dc66e2a963b,65536,8060928,65536,c74d1b7168d496392d478495cc2869e15bca247bc859325bf0c807b38d5982fa,2ec009f52547837f
block-02-064k,block-02-064k-05,silesia-blocks,mozilla,data/silesia/mozilla,51220480,657fc3764b0c75ac9de9623125705831ebbfbe08fed248df73bc2dc66e2a963b,65536,10747904,65536,15316b1771f8316f731976de00a29969a8c9b55219c4c3672d8c71a18410a0f4,3d670a0761e75266
block-02-064k,block-02-064k-06,silesia-blocks,mozilla,data/silesia/mozilla,51220480,657fc3764b0c75ac9de9623125705831ebbfbe08fed248df73bc2dc66e2a963b,65536,13434880,65536,987207df4a716b7f267598c51596cdb97edf23b216a2e3c4130e50c8963cac1c,b5e716f3c38821dd
block-02-064k,block-02-064k-07,silesia-blocks,mozilla,data/silesia/mozilla,51220480,657fc3764b0c75ac9de9623125705831ebbfbe08fed248df73bc2dc66e2a963b,65536,16121856,65536,f1b7083694659f6bb92e12c7cf8eb49c2c6512dff6d1e284dcddddaf742cb7cb,a0793e2f755a480d
block-02-064k,block-02-064k-08,silesia-blocks,mozilla,data/silesia/mozilla,51220480,657fc3764b0c75ac9de9623125705831ebbfbe08fed248df73bc2dc66e2a963b,65536,18808832,65536,c571bc47b3a1da146d2c8cedd2e0607383d81495659b0d06afed931db01b108f,76bfcbe6007ca654
block-02-064k,block-02-064k-09,silesia-blocks,mozilla,data/silesia/mozilla,51220480,657fc3764b0c75ac9de9623125705831ebbfbe08fed248df73bc2dc66e2a963b,65536,21495808,65536,61a09137fd110652b9d1930676c0e7cb48705b0ed9595eab45767517ad7e1d7d,7d1820e13c9edbec
block-02-064k,block-02-064k-10,silesia-blocks,mozilla,data/silesia/mozilla,51220480,657fc3764b0c75ac9de9623125705831ebbfbe08fed248df73bc2dc66e2a963b,65536,24182784,65536,e1e9a210bbab0650549e564ec7e53ffb71c4b60666bf05f4b7afb2449188b7cc,45a03087d6314316
block-02-064k,block-02-064k-11,silesia-blocks,mozilla,data/silesia/mozilla,51220480,657fc3764b0c75ac9de9623125705831ebbfbe08fed248df73bc2dc66e2a963b,65536,26935296,65536,ce011a94fcf9c5d6bd738fd4890da1475f3bf167a0910ad5d51e70ce5cd4e5f3,81920f440883420a
block-02-064k,block-02-064k-12,silesia-blocks,mozilla,data/silesia/mozilla,51220480,657fc3764b0c75ac9de9623125705831ebbfbe08fed248df73bc2dc66e2a963b,65536,29622272,65536,74aaaf0cb3234510bb5bbe8664a89b00c6f9dd4efa70a9249b6c1d0c8b999b1f,f0f97f02e611c23a
block-02-064k,block-02-064k-13,silesia-blocks,mozilla,data/silesia/mozilla,51220480,657fc3764b0c75ac9de9623125705831ebbfbe08fed248df73bc2dc66e2a963b,65536,32309248,65536,024514a5362efb0bebac42dc540268c472a7cf5876c7f5a4ea32a5c944a346e6,e93e1ca37315078d
block-02-064k,block-02-064k-14,silesia-blocks,mozilla,data/silesia/mozilla,51220480,657fc3764b0c75ac9de9623125705831ebbfbe08fed248df73bc2dc66e2a963b,65536,34996224,65536,b11618389b0439ab9025e4d6f28d848f54a15b65fc064ca15fd884f928e98808,2ecbb75ae0aaaba4
block-02-064k,block-02-064k-15,silesia-blocks,mozilla,data/silesia/mozilla,51220480,657fc3764b0c75ac9de9623125705831ebbfbe08fed248df73bc2dc66e2a963b,65536,37683200,65536,19160f189b2ea96335b70cc33835ab9bd0dc893afe3903253925bd9316fe907e,7d863f3722194357
block-02-064k,block-02-064k-16,silesia-blocks,mozilla,data/silesia/mozilla,51220480,657fc3764b0c75ac9de9623125705831ebbfbe08fed248df73bc2dc66e2a963b,65536,40370176,65536,23565d1605de3ee78541589f4cec825f61f469c38117ea15e09392d7c410bb91,cac86b9404e7f938
block-02-064k,block-02-064k-17,silesia-blocks,mozilla,data/silesia/mozilla,51220480,657fc3764b0c75ac9de9623125705831ebbfbe08fed248df73bc2dc66e2a963b,65536,43057152,65536,4a1935cfc790ed501dec76ddff98b76c970e7fb86da4a08b0fa7b591863c2df3,b280af3e3a2d21e3
block-02-064k,block-02-064k-18,silesia-blocks,mozilla,data/silesia/mozilla,51220480,657fc3764b0c75ac9de9623125705831ebbfbe08fed248df73bc2dc66e2a963b,65536,45744128,65536,8ef5c69d008a10f5720dd57f9c7e2315cfdc38d5c9d37622581f0cffb6ecec41,1daf7a0e33ea872d
block-02-064k,block-02-064k-19,silesia-blocks,mozilla,data/silesia/mozilla,51220480,657fc3764b0c75ac9de9623125705831ebbfbe08fed248df73bc2dc66e2a963b,65536,48431104,65536,1b2eb38837abf69dc108444b6ddccf0910fb50f8075163f21f453a52683844d9,e046f006e45f4838
block-02-064k,block-02-064k-20,silesia-blocks,mozilla,data/silesia/mozilla,51220480,657fc3764b0c75ac9de9623125705831ebbfbe08fed248df73bc2dc66e2a963b,65536,51183616,36864,a4391dde760ef8a79ec96346d4e82263b95db41cbc8478f3f0fe72d3a0a70e12,9f71134a8bc32fa0
block-02-256k,block-02-256k-01,silesia-blocks,mozilla,data/silesia/mozilla,51220480,657fc3764b0c75ac9de9623125705831ebbfbe08fed248df73bc2dc66e2a963b,262144,0,262144,1baf584ca87856e51fada5fa257864019123d57aa8b9793c097eea145ee165a6,489c8e2c98f9c54a
block-02-256k,block-02-256k-02,silesia-blocks,mozilla,data/silesia/mozilla,51220480,657fc3764b0c75ac9de9623125705831ebbfbe08fed248df73bc2dc66e2a963b,262144,2621440,262144,305619535bf0efba5b05650c6c8b07f0a1822da9e9c380eb6fc78118c0c93330,149740316f93c168
block-02-256k,block-02-256k-03,silesia-blocks,mozilla,data/silesia/mozilla,51220480,657fc3764b0c75ac9de9623125705831ebbfbe08fed248df73bc2dc66e2a963b,262144,5242880,262144,3ccc2ce44e262ec93f45ac1f7f742f6360f7424eb043852a6aab78fc569946fb,8266fd74a24ee07a
block-02-256k,block-02-256k-04,silesia-blocks,mozilla,data/silesia/mozilla,51220480,657fc3764b0c75ac9de9623125705831ebbfbe08fed248df73bc2dc66e2a963b,262144,7864320,262144,d925de2a807cafa0b42c97a9bd209b542a2e57788139e89cd2e0f492c770cc62,d5a3ea361d39187d
block-02-256k,block-02-256k-05,silesia-blocks,mozilla,data/silesia/mozilla,51220480,657fc3764b0c75ac9de9623125705831ebbfbe08fed248df73bc2dc66e2a963b,262144,10747904,262144,ac81a89a5b9d9552a818c4f36139a5120ba6582983f25317f80ffad026103357,6a7e5c4da591a884
block-02-256k,block-02-256k-06,silesia-blocks,mozilla,data/silesia/mozilla,51220480,657fc3764b0c75ac9de9623125705831ebbfbe08fed248df73bc2dc66e2a963b,262144,13369344,262144,e433e97fee9a975a8be8bdd91387365e75ec112d506cce9d5c234760e2bf3224,28b6fef3788a5a67
block-02-256k,block-02-256k-07,silesia-blocks,mozilla,data/silesia/mozilla,51220480,657fc3764b0c75ac9de9623125705831ebbfbe08fed248df73bc2dc66e2a963b,262144,15990784,262144,13e34ec65982f0e9efb49ee1ffe902a96bf3d3f9a8aea2b92b5a04150916de2a,54bd872d70b2a68d
block-02-256k,block-02-256k-08,silesia-blocks,mozilla,data/silesia/mozilla,51220480,657fc3764b0c75ac9de9623125705831ebbfbe08fed248df73bc2dc66e2a963b,262144,18612224,262144,7c97bbc5a2d7ed20b5de3e6d085ddb439691af7a35f445c5bee2c2a4dc3d5f90,68cc0fb0730b5d7c
block-02-256k,block-02-256k-09,silesia-blocks,mozilla,data/silesia/mozilla,51220480,657fc3764b0c75ac9de9623125705831ebbfbe08fed248df73bc2dc66e2a963b,262144,21495808,262144,d8f373813cd076b60647985c31d2425c810ca6dec0e932e451655b277f7e9182,f2fd5ab79be13592
block-02-256k,block-02-256k-10,silesia-blocks,mozilla,data/silesia/mozilla,51220480,657fc3764b0c75ac9de9623125705831ebbfbe08fed248df73bc2dc66e2a963b,262144,24117248,262144,253f898f4fb256771a1b6617f8cb9f7b60b925827930714d8e52aefe278b5654,2b1bbb52750c87da
block-02-256k,block-02-256k-11,silesia-blocks,mozilla,data/silesia/mozilla,51220480,657fc3764b0c75ac9de9623125705831ebbfbe08fed248df73bc2dc66e2a963b,262144,26738688,262144,e3c5e0c07b68fb132952f47443c26d992ebc01610097bda9b05c0d251c8d4a43,950f2a703ceaddf2
block-02-256k,block-02-256k-12,silesia-blocks,mozilla,data/silesia/mozilla,51220480,657fc3764b0c75ac9de9623125705831ebbfbe08fed248df73bc2dc66e2a963b,262144,29360128,262144,dccde8c76a87f244b6cd1db99187db208828c375ac8f6927acc4d8b9339b69e6,c1480560c084a4ba
block-02-256k,block-02-256k-13,silesia-blocks,mozilla,data/silesia/mozilla,51220480,657fc3764b0c75ac9de9623125705831ebbfbe08fed248df73bc2dc66e2a963b,262144,32243712,262144,09d8f0cb274c3cdaf86c23d0fb16c2135b5ed64ac877230528efde3e56e81cdf,98d0b9f74f82cb6f
block-02-256k,block-02-256k-14,silesia-blocks,mozilla,data/silesia/mozilla,51220480,657fc3764b0c75ac9de9623125705831ebbfbe08fed248df73bc2dc66e2a963b,262144,34865152,262144,9117101856a3c1504cd676f3a9ea6ae0f0df007309f9b141186bb77ba45aa6f8,44138915c371494c
block-02-256k,block-02-256k-15,silesia-blocks,mozilla,data/silesia/mozilla,51220480,657fc3764b0c75ac9de9623125705831ebbfbe08fed248df73bc2dc66e2a963b,262144,37486592,262144,f630d613e67f21b2d0786af1cf04d9702d664e2d453dc6d80cfec31f9439b958,f382592bc092322b
block-02-256k,block-02-256k-16,silesia-blocks,mozilla,data/silesia/mozilla,51220480,657fc3764b0c75ac9de9623125705831ebbfbe08fed248df73bc2dc66e2a963b,262144,40108032,262144,e3f0fe70bbf58166d84bd97303310945cdbd17a3ff86b9a8aba7614626583f83,dfdedd2fc2ff7fbf
block-02-256k,block-02-256k-17,silesia-blocks,mozilla,data/silesia/mozilla,51220480,657fc3764b0c75ac9de9623125705831ebbfbe08fed248df73bc2dc66e2a963b,262144,42991616,262144,8f68f1d5b191aeb9507d73e394251e40b7ee7973ba20eced2d2c5398eb3145ad,3e7d902083e71ede
block-02-256k,block-02-256k-18,silesia-blocks,mozilla,data/silesia/mozilla,51220480,657fc3764b0c75ac9de9623125705831ebbfbe08fed248df73bc2dc66e2a963b,262144,45613056,262144,d01654e5bc21a8cebd51a9bfd547086447c081a07a07fa17f804c1315ac44897,03b6c0006a40d65c
block-02-256k,block-02-256k-19,silesia-blocks,mozilla,data/silesia/mozilla,51220480,657fc3764b0c75ac9de9623125705831ebbfbe08fed248df73bc2dc66e2a963b,262144,48234496,262144,235dc75bd72ffd791bd655b2549b93d2e33814a4a036c768d956bff01b6120bc,a3a1eb21438f704d
block-02-256k,block-02-256k-20,silesia-blocks,mozilla,data/silesia/mozilla,51220480,657fc3764b0c75ac9de9623125705831ebbfbe08fed248df73bc2dc66e2a963b,262144,51118080,102400,42d7929281d01379ac3e0e93e4dca2f1a540a4aa5aee0caf704d3c1f4cc55094,3239fab272f46c41
block-03-016k,block-03-016k-01,silesia-blocks,mr,data/silesia/mr,9970564,68637ed52e3e4860174ed2dc0840ac77d5f1a60abbcb13770d5754e3774d53e6,16384,0,16384,c00aabad04d794e4ee24d15b8f3df85f9987c715be4283e9620a6a79b13708fa,03b44cf28bb05b16
block-03-016k,block-03-016k-02,silesia-blocks,mr,data/silesia/mr,9970564,68637ed52e3e4860174ed2dc0840ac77d5f1a60abbcb13770d5754e3774d53e6,16384,524288,16384,72d5a29c77fcd2a16c369ca88209f36846ee40e36c6df5db4fdf7d80611780cf,9047b2129f43f726
block-03-016k,block-03-016k-03,silesia-blocks,mr,data/silesia/mr,9970564,68637ed52e3e4860174ed2dc0840ac77d5f1a60abbcb13770d5754e3774d53e6,16384,1048576,16384,702bf4cc01a4307605d2fc1955a837b15884fb9119afd56055fa93e77ee6807c,e55cd268d0bb3c58
block-03-016k,block-03-016k-04,silesia-blocks,mr,data/silesia/mr,9970564,68637ed52e3e4860174ed2dc0840ac77d5f1a60abbcb13770d5754e3774d53e6,16384,1572864,16384,a4319c3c37583fa7c74b582692aec2f666836151e6922d5937c177fadcc36b43,66fa2b3bb7b990d2
block-03-016k,block-03-016k-05,silesia-blocks,mr,data/silesia/mr,9970564,68637ed52e3e4860174ed2dc0840ac77d5f1a60abbcb13770d5754e3774d53e6,16384,2097152,16384,391e0adf38e9aea77ed4ec0cd5794ef7a1d3dfdac1d8502a172db78dae102ea6,83698f745625f713
block-03-016k,block-03-016k-06,silesia-blocks,mr,data/silesia/mr,9970564,68637ed52e3e4860174ed2dc0840ac77d5f1a60abbcb13770d5754e3774d53e6,16384,2621440,16384,ac35d34e8998e34f1c10dfa44605e4c3acdee3d5540dce8d39704f3d24289497,b1e2f3b3ce337ee1
block-03-016k,block-03-016k-07,silesia-blocks,mr,data/silesia/mr,9970564,68637ed52e3e4860174ed2dc0840ac77d5f1a60abbcb13770d5754e3774d53e6,16384,3145728,16384,e654c95cb3cf1741526bcb4d2e213079bbc5f8194d5ad2e6d125d2cca6c63588,f9f778642eb9d015
block-03-016k,block-03-016k-08,silesia-blocks,mr,data/silesia/mr,9970564,68637ed52e3e4860174ed2dc0840ac77d5f1a60abbcb13770d5754e3774d53e6,16384,3670016,16384,39bf8f1db07fdb088edbd68918be6bdec842542e9ba75f1b537307381b61e74c,28cef13624bf1f2e
block-03-016k,block-03-016k-09,silesia-blocks,mr,data/silesia/mr,9970564,68637ed52e3e4860174ed2dc0840ac77d5f1a60abbcb13770d5754e3774d53e6,16384,4194304,16384,3dd9887d6c651a632a7767ca0f646e9bbfb69e1444cc23b63d4e172b273c8bcc,a530364d65bc6f19
block-03-016k,block-03-016k-10,silesia-blocks,mr,data/silesia/mr,9970564,68637ed52e3e4860174ed2dc0840ac77d5f1a60abbcb13770d5754e3774d53e6,16384,4718592,16384,b65e60cda32b29c0ab4312f48dc7b17695a7a526e591b2995ed3c265bdcf24d3,815eaf5269d500b5
block-03-016k,block-03-016k-11,silesia-blocks,mr,data/silesia/mr,9970564,68637ed52e3e4860174ed2dc0840ac77d5f1a60abbcb13770d5754e3774d53e6,16384,5242880,16384,a99752d9998c44c5db995664cb624aa5b6ff54f38e69d9a5a819df3e1b2d8a45,5c5abe6976d3064e
block-03-016k,block-03-016k-12,silesia-blocks,mr,data/silesia/mr,9970564,68637ed52e3e4860174ed2dc0840ac77d5f1a60abbcb13770d5754e3774d53e6,16384,5767168,16384,7f9190ee110e39d46b9277d1b445add022ba207185734226ac0d49022b9b9932,5cd7ad9fef2152e8
block-03-016k,block-03-016k-13,silesia-blocks,mr,data/silesia/mr,9970564,68637ed52e3e4860174ed2dc0840ac77d5f1a60abbcb13770d5754e3774d53e6,16384,6291456,16384,e381254e8e228f882bb679cfffe3c8d99d16aaf915437ba9a769a84f191537a0,0193e1b22bfbd124
block-03-016k,block-03-016k-14,silesia-blocks,mr,data/silesia/mr,9970564,68637ed52e3e4860174ed2dc0840ac77d5f1a60abbcb13770d5754e3774d53e6,16384,6815744,16384,088a889ba4cb53b9204560ed5bab335424bed85cb6a54d5afca6f03141f7c060,e8a1be3c0dcde0b7
block-03-016k,block-03-016k-15,silesia-blocks,mr,data/silesia/mr,9970564,68637ed52e3e4860174ed2dc0840ac77d5f1a60abbcb13770d5754e3774d53e6,16384,7340032,16384,9d793bbc05ea8d91c7f2a7863c433d80181fc4031c0e98210a9e091de5e80955,813f7a5eb0072613
block-03-016k,block-03-016k-16,silesia-blocks,mr,data/silesia/mr,9970564,68637ed52e3e4860174ed2dc0840ac77d5f1a60abbcb13770d5754e3774d53e6,16384,7864320,16384,4ccc5a87d3485771d4acf8dfa3eee2b122d4c824ceabb6eac82052fe0964c6a2,b2a9e1615910c22e
block-03-016k,block-03-016k-17,silesia-blocks,mr,data/silesia/mr,9970564,68637ed52e3e4860174ed2dc0840ac77d5f1a60abbcb13770d5754e3774d53e6,16384,8388608,16384,980969cdec994c15c55063d945710443ca7b707713b651a3c37085e812c1c467,c2aec4a1928ced2f
block-03-016k,block-03-016k-18,silesia-blocks,mr,data/silesia/mr,9970564,68637ed52e3e4860174ed2dc0840ac77d5f1a60abbcb13770d5754e3774d53e6,16384,8912896,16384,924f4318f601dbb1f2b7ccb4b546560f5ffca3a4f9b22c1c84c4a7a2caeb5d7e,fad455c1433b0d8c
block-03-016k,block-03-016k-19,silesia-blocks,mr,data/silesia/mr,9970564,68637ed52e3e4860174ed2dc0840ac77d5f1a60abbcb13770d5754e3774d53e6,16384,9437184,16384,2c42275d85a2369b377187ee54c44824ff7d99b9eec2c65f21f151989d62dfb9,e02523b995d7d0d0
block-03-016k,block-03-016k-20,silesia-blocks,mr,data/silesia/mr,9970564,68637ed52e3e4860174ed2dc0840ac77d5f1a60abbcb13770d5754e3774d53e6,16384,9961472,9092,e66258e3491b6e7fcfface174b91d6dd9759b0b80719fb2e53dd0925e6af78d3,ace2bfb74ded08e2
block-03-064k,block-03-064k-01,silesia-blocks,mr,data/silesia/mr,9970564,68637ed52e3e4860174ed2dc0840ac77d5f1a60abbcb13770d5754e3774d53e6,65536,0,65536,cab7b6408934009a4bbfedb57beb4943bf5478cf8b3688d01f004e0422ebc651,338930a290aea883
block-03-064k,block-03-064k-02,silesia-blocks,mr,data/silesia/mr,9970564,68637ed52e3e4860174ed2dc0840ac77d5f1a60abbcb13770d5754e3774d53e6,65536,524288,65536,aa6a6dad51ae6f2372bd8e900cc95e2f6d66bb37b398bb1deff79359f033e83f,8e71998511b6e4ec
block-03-064k,block-03-064k-03,silesia-blocks,mr,data/silesia/mr,9970564,68637ed52e3e4860174ed2dc0840ac77d5f1a60abbcb13770d5754e3774d53e6,65536,1048576,65536,7515d8f9ed01b85ac0eaf53c03f0f779e8013b5895f729c7f447b86c8a6a8cc2,bd4319c5bddfa09c
block-03-064k,block-03-064k-04,silesia-blocks,mr,data/silesia/mr,9970564,68637ed52e3e4860174ed2dc0840ac77d5f1a60abbcb13770d5754e3774d53e6,65536,1572864,65536,7a4ea4049daececcc4b28313fcedda6fd2e54f0d4cd48c5952853ce42f0e30ca,ede331333971e4d9
block-03-064k,block-03-064k-05,silesia-blocks,mr,data/silesia/mr,9970564,68637ed52e3e4860174ed2dc0840ac77d5f1a60abbcb13770d5754e3774d53e6,65536,2097152,65536,97c9b90fe2b2e096e255c0e2a56b25451fd6247b5989f62f8ef59e9565b28d3d,561201606ca6b56b
block-03-064k,block-03-064k-06,silesia-blocks,mr,data/silesia/mr,9970564,68637ed52e3e4860174ed2dc0840ac77d5f1a60abbcb13770d5754e3774d53e6,65536,2621440,65536,80d162cb529a9813100d9640c42e06f8094407265afab01cf9272ce0f9bf5e7a,a7a55cc20822d9b6
block-03-064k,block-03-064k-07,silesia-blocks,mr,data/silesia/mr,9970564,68637ed52e3e4860174ed2dc0840ac77d5f1a60abbcb13770d5754e3774d53e6,65536,3145728,65536,7c46af11cfa66a03243269bcb38e033029286024b2274732893ba2b137360fd5,9ed1556e957f71f6
block-03-064k,block-03-064k-08,silesia-blocks,mr,data/silesia/mr,9970564,68637ed52e3e4860174ed2dc0840ac77d5f1a60abbcb13770d5754e3774d53e6,65536,3670016,65536,12364f20d14f4e09a860bc71c51730ca0e6625351beab6a46912dcbfef4c5e7b,caca3fe1932c65b5
block-03-064k,block-03-064k-09,silesia-blocks,mr,data/silesia/mr,9970564,68637ed52e3e4860174ed2dc0840ac77d5f1a60abbcb13770d5754e3774d53e6,65536,4194304,65536,d9f9c1484bb4499c5498cbd3929678fcd406e950c5837bfac360eee448a8ca28,299971dcba96aa17
block-03-064k,block-03-064k-10,silesia-blocks,mr,data/silesia/mr,9970564,68637ed52e3e4860174ed2dc0840ac77d5f1a60abbcb13770d5754e3774d53e6,65536,4718592,65536,9ba646a6ab1f7fba089b27a5280fdc55d11217b14c66185cf913f4aa63c23115,b3ee581dff3b996d
block-03-064k,block-03-064k-11,silesia-blocks,mr,data/silesia/mr,9970564,68637ed52e3e4860174ed2dc0840ac77d5f1a60abbcb13770d5754e3774d53e6,65536,5242880,65536,518638a06e4087b033e77723ed1185e864fb28d8c48d444ecbf1b4074d3efc1c,7f92cae110a0f0c1
block-03-064k,block-03-064k-12,silesia-blocks,mr,data/silesia/mr,9970564,68637ed52e3e4860174ed2dc0840ac77d5f1a60abbcb13770d5754e3774d53e6,65536,5767168,65536,0ef4f3c49f1f4486e607b442e0f8ff50a78ebd744a916459709817e6cc6ef8a5,72be41558fb76944
block-03-064k,block-03-064k-13,silesia-blocks,mr,data/silesia/mr,9970564,68637ed52e3e4860174ed2dc0840ac77d5f1a60abbcb13770d5754e3774d53e6,65536,6291456,65536,1505fa3e010ea4fb30f3b6c8d4fb2c8f94a8542cbc75fa6b33e13525f4df2a48,42c87f8733307a5e
block-03-064k,block-03-064k-14,silesia-blocks,mr,data/silesia/mr,9970564,68637ed52e3e4860174ed2dc0840ac77d5f1a60abbcb13770d5754e3774d53e6,65536,6815744,65536,b2c5edf0aeb336e3b9515fa052f037734182cdf36f360c62473522fb59445ff1,6902e0fb36880713
block-03-064k,block-03-064k-15,silesia-blocks,mr,data/silesia/mr,9970564,68637ed52e3e4860174ed2dc0840ac77d5f1a60abbcb13770d5754e3774d53e6,65536,7340032,65536,526c2e683391115fb677bb778477190b8b887c2b40c209ec808557cc21c0f5ca,804387047e0b5f4b
block-03-064k,block-03-064k-16,silesia-blocks,mr,data/silesia/mr,9970564,68637ed52e3e4860174ed2dc0840ac77d5f1a60abbcb13770d5754e3774d53e6,65536,7864320,65536,6249179eafc46478d1476410dc068baa36a6954dde3690af8d350a9ddfee6fbc,55e11c92edb3a20f
block-03-064k,block-03-064k-17,silesia-blocks,mr,data/silesia/mr,9970564,68637ed52e3e4860174ed2dc0840ac77d5f1a60abbcb13770d5754e3774d53e6,65536,8388608,65536,951d86b95c2569f93239eff905333adef006311612a378d3c453dc306f450d2c,a67fdbcd3be6ae8c
block-03-064k,block-03-064k-18,silesia-blocks,mr,data/silesia/mr,9970564,68637ed52e3e4860174ed2dc0840ac77d5f1a60abbcb13770d5754e3774d53e6,65536,8912896,65536,6290c7d2d648bde4c12d3e0d2834dc4c1a5b8907047f31f3405f07c6f3115f14,08b50b9c08abd867
block-03-064k,block-03-064k-19,silesia-blocks,mr,data/silesia/mr,9970564,68637ed52e3e4860174ed2dc0840ac77d5f1a60abbcb13770d5754e3774d53e6,65536,9437184,65536,838447f02eac4c52470c30ad8486d47ccfb917882be5ee347e64063808bf8b2a,64e46a99997daca1
block-03-064k,block-03-064k-20,silesia-blocks,mr,data/silesia/mr,9970564,68637ed52e3e4860174ed2dc0840ac77d5f1a60abbcb13770d5754e3774d53e6,65536,9961472,9092,e66258e3491b6e7fcfface174b91d6dd9759b0b80719fb2e53dd0925e6af78d3,ace2bfb74ded08e2
block-03-256k,block-03-256k-01,silesia-blocks,mr,data/silesia/mr,9970564,68637ed52e3e4860174ed2dc0840ac77d5f1a60abbcb13770d5754e3774d53e6,262144,0,262144,288236c90013320462fbe5864774054b26334be4ee59a8bde8a9797fbc9148f7,1661c35354fddc32
block-03-256k,block-03-256k-02,silesia-blocks,mr,data/silesia/mr,9970564,68637ed52e3e4860174ed2dc0840ac77d5f1a60abbcb13770d5754e3774d53e6,262144,524288,262144,8a37ad4b667b6e58f4da597b0af032463356378f305bc4d39fdf5218ef03eaf7,a42f572d3abd9e44
block-03-256k,block-03-256k-03,silesia-blocks,mr,data/silesia/mr,9970564,68637ed52e3e4860174ed2dc0840ac77d5f1a60abbcb13770d5754e3774d53e6,262144,1048576,262144,51de96dbc1bf237a3d74a8021c39988a4315ef65dd864be16fe256084bb78a32,98d5a0d4483a4f21
block-03-256k,block-03-256k-04,silesia-blocks,mr,data/silesia/mr,9970564,68637ed52e3e4860174ed2dc0840ac77d5f1a60abbcb13770d5754e3774d53e6,262144,1572864,262144,a6876813a4bd4c31d0d3fcb88221112fb633e165bc3760b46be39e544f7f1f64,b4e597d232d29115
block-03-256k,block-03-256k-05,silesia-blocks,mr,data/silesia/mr,9970564,68637ed52e3e4860174ed2dc0840ac77d5f1a60abbcb13770d5754e3774d53e6,262144,2097152,262144,368c49e8399533d14a1092cc41e97a97781522f18c0d0dab8036ea6c0e4385d6,489e9ae972ed2b32
block-03-256k,block-03-256k-06,silesia-blocks,mr,data/silesia/mr,9970564,68637ed52e3e4860174ed2dc0840ac77d5f1a60abbcb13770d5754e3774d53e6,262144,2621440,262144,069eff28ee5780a4dfb4ade74cff59161ab501e22435f89491caef36e3c16061,080bab4ac01b777b
block-03-256k,block-03-256k-07,silesia-blocks,mr,data/silesia/mr,9970564,68637ed52e3e4860174ed2dc0840ac77d5f1a60abbcb13770d5754e3774d53e6,262144,3145728,262144,79b7868773e34b6fc08f2814909b11203252c96fe9f3986e75c3268fbf6ffae5,72929c908e1d7fd6
block-03-256k,block-03-256k-08,silesia-blocks,mr,data/silesia/mr,9970564,68637ed52e3e4860174ed2dc0840ac77d5f1a60abbcb13770d5754e3774d53e6,262144,3670016,262144,f4cebb854c89d03ab6e9a5fc3e32e2b3cd86c3278bd8a1c3117359a1b1c1cae4,0dc69480a0b9eed3
block-03-256k,block-03-256k-09,silesia-blocks,mr,data/silesia/mr,9970564,68637ed52e3e4860174ed2dc0840ac77d5f1a60abbcb13770d5754e3774d53e6,262144,4194304,262144,440012d7a561b084f4c21c5921604199991a55d70d86770a8ba50b2676a0f324,12e217fb31c3c341
block-03-256k,block-03-256k-10,silesia-blocks,mr,data/silesia/mr,9970564,68637ed52e3e4860174ed2dc0840ac77d5f1a60abbcb13770d5754e3774d53e6,262144,4718592,262144,bb79f9535d97afe91772a54f8ef134a45d6824b2d5f86fd28a91a254bfc9753b,b1dffa6270e46965
block-03-256k,block-03-256k-11,silesia-blocks,mr,data/silesia/mr,9970564,68637ed52e3e4860174ed2dc0840ac77d5f1a60abbcb13770d5754e3774d53e6,262144,5242880,262144,6427fb0d8faaaecf5811cb4715da5df8aca26089720f1a4e8f23c554abb60633,872013dcbfd9f5ce
block-03-256k,block-03-256k-12,silesia-blocks,mr,data/silesia/mr,9970564,68637ed52e3e4860174ed2dc0840ac77d5f1a60abbcb13770d5754e3774d53e6,262144,5767168,262144,0328b33c17d5618d973aaf9a26e13898563316ebf718ae3c3f8616880c1c5cdd,c9c59908fbd9518d
block-03-256k,block-03-256k-13,silesia-blocks,mr,data/silesia/mr,9970564,68637ed52e3e4860174ed2dc0840ac77d5f1a60abbcb13770d5754e3774d53e6,262144,6291456,262144,7c58cf99e02645d8a071ba1c27588f64d0383a0190f202725dca6da2adaa6e08,aee1d179138db334
block-03-256k,block-03-256k-14,silesia-blocks,mr,data/silesia/mr,9970564,68637ed52e3e4860174ed2dc0840ac77d5f1a60abbcb13770d5754e3774d53e6,262144,6815744,262144,12eadaa4b7413eb5d9601e0db3b4fda6f7953f19e320a202374123ced78edd75,689c201cc834a12c
block-03-256k,block-03-256k-15,silesia-blocks,mr,data/silesia/mr,9970564,68637ed52e3e4860174ed2dc0840ac77d5f1a60abbcb13770d5754e3774d53e6,262144,7340032,262144,60aa190507077848b71fa595dc43d55c0780690e71ada843460fa9809b2e8c8c,c1e2573f3e31da29
block-03-256k,block-03-256k-16,silesia-blocks,mr,data/silesia/mr,9970564,68637ed52e3e4860174ed2dc0840ac77d5f1a60abbcb13770d5754e3774d53e6,262144,7864320,262144,e95ddfb44449158f63cab5ade5f9df2b330116b67bb947824a6b7cdff8c4d832,faab87ae1bf4dde3
block-03-256k,block-03-256k-17,silesia-blocks,mr,data/silesia/mr,9970564,68637ed52e3e4860174ed2dc0840ac77d5f1a60abbcb13770d5754e3774d53e6,262144,8388608,262144,f4c5ce7c2228946aa4307978a31e031967ad173070dde66fda8b09da7a4e1560,588568d255817dea
block-03-256k,block-03-256k-18,silesia-blocks,mr,data/silesia/mr,9970564,68637ed52e3e4860174ed2dc0840ac77d5f1a60abbcb13770d5754e3774d53e6,262144,8912896,262144,8f0459e3378eeb5ba1406a15922acf93a628ca2b35d5ff404acaa9e5f7c76f03,deeeceaa39c22910
block-03-256k,block-03-256k-19,silesia-blocks,mr,data/silesia/mr,9970564,68637ed52e3e4860174ed2dc0840ac77d5f1a60abbcb13770d5754e3774d53e6,262144,9437184,262144,5f7995d2808d2e355d3e87c522e4e1c8835065dd64fa40f55e354091fc0083ba,26732657f086d616
block-03-256k,block-03-256k-20,silesia-blocks,mr,data/silesia/mr,9970564,68637ed52e3e4860174ed2dc0840ac77d5f1a60abbcb13770d5754e3774d53e6,262144,9961472,9092,e66258e3491b6e7fcfface174b91d6dd9759b0b80719fb2e53dd0925e6af78d3,ace2bfb74ded08e2
block-04-016k,block-04-016k-01,silesia-blocks,nci,data/silesia/nci,33553445,fc63a31770947b8c2062d3b19ca94c00485a232bb91b502021948fee983e1635,16384,0,16384,de22c94d1e89528f08d92f7defe874f107950dd5a007af9f6f5f3f71d0eb18e7,abef51835632db0c
block-04-016k,block-04-016k-02,silesia-blocks,nci,data/silesia/nci,33553445,fc63a31770947b8c2062d3b19ca94c00485a232bb91b502021948fee983e1635,16384,1753088,16384,6555fc05b79781c396471eff8f80ef970a043be258347753e8d70d22e53e9606,c13b565d80bbef2f
block-04-016k,block-04-016k-03,silesia-blocks,nci,data/silesia/nci,33553445,fc63a31770947b8c2062d3b19ca94c00485a232bb91b502021948fee983e1635,16384,3522560,16384,da3d636a3e5e8e2692876cfbabc56da46f4d69403efa0dda552ce6b9cff03d26,d012342fd77f82b9
block-04-016k,block-04-016k-04,silesia-blocks,nci,data/silesia/nci,33553445,fc63a31770947b8c2062d3b19ca94c00485a232bb91b502021948fee983e1635,16384,5292032,16384,7ef3b2a76a3faa2c0245c4b7319717b2ba38864557db8e08c69547dba9850a9e,618e02695f072e13
block-04-016k,block-04-016k-05,silesia-blocks,nci,data/silesia/nci,33553445,fc63a31770947b8c2062d3b19ca94c00485a232bb91b502021948fee983e1635,16384,7045120,16384,c6de8d44accb8de41c5d09881e143475f87a862535f4fe398d2f35e6e22179ef,8bd1bbc1d7817bba
block-04-016k,block-04-016k-06,silesia-blocks,nci,data/silesia/nci,33553445,fc63a31770947b8c2062d3b19ca94c00485a232bb91b502021948fee983e1635,16384,8814592,16384,54999e65e07995fda8e831020e64f35aecd24597205b4472e3066dbab4538262,b9a5dbf269b51e71
block-04-016k,block-04-016k-07,silesia-blocks,nci,data/silesia/nci,33553445,fc63a31770947b8c2062d3b19ca94c00485a232bb91b502021948fee983e1635,16384,10584064,16384,5b4fcb5bdf0a91842bc477eef67e797d25660425ea2d48a9699cc6c7c8af0243,0442dd364059c0f6
block-04-016k,block-04-016k-08,silesia-blocks,nci,data/silesia/nci,33553445,fc63a31770947b8c2062d3b19ca94c00485a232bb91b502021948fee983e1635,16384,12353536,16384,8fc0a69b07ff0a5a74ad7a1d0a2f3ad2b09b3d50f87e789ce28dc4ec3f75fc2d,3963f12d2409f706
block-04-016k,block-04-016k-09,silesia-blocks,nci,data/silesia/nci,33553445,fc63a31770947b8c2062d3b19ca94c00485a232bb91b502021948fee983e1635,16384,14106624,16384,8319d119efb1056fa620f4bc027906d752f6883b0e2c6b5aa66780e3cb2c0c15,294f8f919628da0a
block-04-016k,block-04-016k-10,silesia-blocks,nci,data/silesia/nci,33553445,fc63a31770947b8c2062d3b19ca94c00485a232bb91b502021948fee983e1635,16384,15876096,16384,84e360aa3e750738a9120607b77bcd5409cd763c844736fdeed69a3ed78a7d38,a6a8d5c555032be6
block-04-016k,block-04-016k-11,silesia-blocks,nci,data/silesia/nci,33553445,fc63a31770947b8c2062d3b19ca94c00485a232bb91b502021948fee983e1635,16384,17645568,16384,aadc45e4564e2f3f4f5b34dcc4aeeb0c460b5b78cc5e527a21e0d9a08a5b8638,d68eaf83a31bacdd
block-04-016k,block-04-016k-12,silesia-blocks,nci,data/silesia/nci,33553445,fc63a31770947b8c2062d3b19ca94c00485a232bb91b502021948fee983e1635,16384,19415040,16384,f4a4aea5319fe9ca8f968bcfae84130d95401121f485f61b6e422a4fd4663b29,fd9f6de7c97e385e
block-04-016k,block-04-016k-13,silesia-blocks,nci,data/silesia/nci,33553445,fc63a31770947b8c2062d3b19ca94c00485a232bb91b502021948fee983e1635,16384,21168128,16384,35990375239563d384fc6d839832331cf899515bfe2df08adf9d5fbd117cd769,5fc6d81e835c178b
block-04-016k,block-04-016k-14,silesia-blocks,nci,data/silesia/nci,33553445,fc63a31770947b8c2062d3b19ca94c00485a232bb91b502021948fee983e1635,16384,22937600,16384,02a661291ae73888c99899c056de47de61e64a8dd6dfa3d1c13bf33ad232dcb1,200f757eaac44c84
block-04-016k,block-04-016k-15,silesia-blocks,nci,data/silesia/nci,33553445,fc63a31770947b8c2062d3b19ca94c00485a232bb91b502021948fee983e1635,16384,24707072,16384,902fa673c9a40c3585f7f766c711519d715f8fd33e1672e8c896e28893e0c1c7,f827cab0ce1ce7ad
block-04-016k,block-04-016k-16,silesia-blocks,nci,data/silesia/nci,33553445,fc63a31770947b8c2062d3b19ca94c00485a232bb91b502021948fee983e1635,16384,26476544,16384,2902966fe58cbd783d5f9142ab03bfef53a4bc06e3712547cdc5fec51457aa87,99ab1edb86a9730c
block-04-016k,block-04-016k-17,silesia-blocks,nci,data/silesia/nci,33553445,fc63a31770947b8c2062d3b19ca94c00485a232bb91b502021948fee983e1635,16384,28229632,16384,989531aeaf2f9e390ffed2d348936a7afae07258cca5b71c2d7a8866dafb28b5,b38a01d17bb9723d
block-04-016k,block-04-016k-18,silesia-blocks,nci,data/silesia/nci,33553445,fc63a31770947b8c2062d3b19ca94c00485a232bb91b502021948fee983e1635,16384,29999104,16384,a44eeed8745d2e21642ca35d2705df56edcf96deab8a2e98350180f8ca77a3d6,e6a0c6336b405227
block-04-016k,block-04-016k-19,silesia-blocks,nci,data/silesia/nci,33553445,fc63a31770947b8c2062d3b19ca94c00485a232bb91b502021948fee983e1635,16384,31768576,16384,211c1b1bef90d24525c6d37455edd348b1d1cc7e60e3bd6ca3a670fe762d159c,0ee8c342ce51b2d8
block-04-016k,block-04-016k-20,silesia-blocks,nci,data/silesia/nci,33553445,fc63a31770947b8c2062d3b19ca94c00485a232bb91b502021948fee983e1635,16384,33538048,15397,8aa1c5a64948153c394f02be00148b0aab69681ad73ff08f1a5b7183177597d0,c403eb33f629f18b
block-04-064k,block-04-064k-01,silesia-blocks,nci,data/silesia/nci,33553445,fc63a31770947b8c2062d3b19ca94c00485a232bb91b502021948fee983e1635,65536,0,65536,b01b411ac3b5ce2fbf37242c0c59d2d236d2f7039937c1b1a0f18f4cc02549fe,09f03393ddb80ae5
block-04-064k,block-04-064k-02,silesia-blocks,nci,data/silesia/nci,33553445,fc63a31770947b8c2062d3b19ca94c00485a232bb91b502021948fee983e1635,65536,1703936,65536,95b34fe508f37072c40aa93b24ae54332e1131d59275bcca3892cfa8d1291bb2,d77a316c978f579e
block-04-064k,block-04-064k-03,silesia-blocks,nci,data/silesia/nci,33553445,fc63a31770947b8c2062d3b19ca94c00485a232bb91b502021948fee983e1635,65536,3473408,65536,a8b9166bfb19ff2316bd268bd0b033bd9b3d86150ff008298b800a8ff3c199b8,dea6daad81eab7c5
block-04-064k,block-04-064k-04,silesia-blocks,nci,data/silesia/nci,33553445,fc63a31770947b8c2062d3b19ca94c00485a232bb91b502021948fee983e1635,65536,5242880,65536,1d20453c687cb32eb0db6cdc3d467c310b9151c213f50733201d6447c9419761,332e7eddcb0797bf
block-04-064k,block-04-064k-05,silesia-blocks,nci,data/silesia/nci,33553445,fc63a31770947b8c2062d3b19ca94c00485a232bb91b502021948fee983e1635,65536,7012352,65536,ff09edf495614a3baa0b96eae96ecfa408160e739c02bf2a3e097aad1bc8577c,223db9e22392a8ba
block-04-064k,block-04-064k-06,silesia-blocks,nci,data/silesia/nci,33553445,fc63a31770947b8c2062d3b19ca94c00485a232bb91b502021948fee983e1635,65536,8781824,65536,e6a3a3a0ec3cc9ead4685f5918814ad962773a8a06609ec0e0e8e8ae60d92906,07a4f3205259ea2a
block-04-064k,block-04-064k-07,silesia-blocks,nci,data/silesia/nci,33553445,fc63a31770947b8c2062d3b19ca94c00485a232bb91b502021948fee983e1635,65536,10551296,65536,f9437d19bec0fe00479b20ccde5ce5af615739b85362fec8e50b41344f606032,a5ef3c123e32ffee
block-04-064k,block-04-064k-08,silesia-blocks,nci,data/silesia/nci,33553445,fc63a31770947b8c2062d3b19ca94c00485a232bb91b502021948fee983e1635,65536,12320768,65536,403340eb71f7407dcf4ff199b039a7139d62a62eda598baf55743318e25d1c1f,8ef016aeb732ccde
block-04-064k,block-04-064k-09,silesia-blocks,nci,data/silesia/nci,33553445,fc63a31770947b8c2062d3b19ca94c00485a232bb91b502021948fee983e1635,65536,14090240,65536,59e5ae66350613f2d8fd713c3b511896d75875e946aa551f5ef9a4330bb7dd69,d8d39de8c29a00ff
block-04-064k,block-04-064k-10,silesia-blocks,nci,data/silesia/nci,33553445,fc63a31770947b8c2062d3b19ca94c00485a232bb91b502021948fee983e1635,65536,15859712,65536,af6e21adbadd49ab364de4a0d33f385fde172626db0e2e6c47077eb98b669797,61b6d386b6383dbc
block-04-064k,block-04-064k-11,silesia-blocks,nci,data/silesia/nci,33553445,fc63a31770947b8c2062d3b19ca94c00485a232bb91b502021948fee983e1635,65536,17563648,65536,fe58dd60a0c72a97e6691f8e1e64284681a9d3ee15acd40972527c2d7b071021,de879e2937ed18ee
block-04-064k,block-04-064k-12,silesia-blocks,nci,data/silesia/nci,33553445,fc63a31770947b8c2062d3b19ca94c00485a232bb91b502021948fee983e1635,65536,19333120,65536,7597ea765319b5719d803efbc8d6a028462a95e3106c68a2534829dac08dc2df,62d8f669c4c49f3f
block-04-064k,block-04-064k-13,silesia-blocks,nci,data/silesia/nci,33553445,fc63a31770947b8c2062d3b19ca94c00485a232bb91b502021948fee983e1635,65536,21102592,65536,ffdd4a9367b51ac26c1e553051f34013f6225605ea8cbabd9f015ef549501bf6,eb8d1164125d6dcf
block-04-064k,block-04-064k-14,silesia-blocks,nci,data/silesia/nci,33553445,fc63a31770947b8c2062d3b19ca94c00485a232bb91b502021948fee983e1635,65536,22872064,65536,c2cbec9161ca01bbb001bd0491709051e671d9e232b6e6ad0d0f99ad0f9e1be0,c167baf634247456
block-04-064k,block-04-064k-15,silesia-blocks,nci,data/silesia/nci,33553445,fc63a31770947b8c2062d3b19ca94c00485a232bb91b502021948fee983e1635,65536,24641536,65536,713b49f3786cebe391c50876b3cecd178e2ee5be09723c0d0449b39fef2dae53,483fabf8e09e8756
block-04-064k,block-04-064k-16,silesia-blocks,nci,data/silesia/nci,33553445,fc63a31770947b8c2062d3b19ca94c00485a232bb91b502021948fee983e1635,65536,26411008,65536,15a75274cc641893b3f855ac14abaf76204aef1eff3db2b1198af7fc624a45cb,4d246b47d40dfce0
block-04-064k,block-04-064k-17,silesia-blocks,nci,data/silesia/nci,33553445,fc63a31770947b8c2062d3b19ca94c00485a232bb91b502021948fee983e1635,65536,28180480,65536,b7bc43d6be1687863370d0f6b662acfe32ab38a86d21f1f95fc8f4ed9802363a,b228d58a283d07e0
block-04-064k,block-04-064k-18,silesia-blocks,nci,data/silesia/nci,33553445,fc63a31770947b8c2062d3b19ca94c00485a232bb91b502021948fee983e1635,65536,29949952,65536,bc7ce8fc7c811e987528ae70ef9b8de8e6b1571642d6a3e213944066f8abc5b3,2d0136fc4db50a32
block-04-064k,block-04-064k-19,silesia-blocks,nci,data/silesia/nci,33553445,fc63a31770947b8c2062d3b19ca94c00485a232bb91b502021948fee983e1635,65536,31719424,65536,ff512052d0c1832ccece541aad532bef3cfe261a2ed100ed320e3b56e0cff992,bf8eeaac95d4b781
block-04-064k,block-04-064k-20,silesia-blocks,nci,data/silesia/nci,33553445,fc63a31770947b8c2062d3b19ca94c00485a232bb91b502021948fee983e1635,65536,33488896,64549,71db8c808c1044519d28c053e9e2fce93a17013c11a31d514f7c302529683af8,a7828b8503c95b30
block-04-256k,block-04-256k-01,silesia-blocks,nci,data/silesia/nci,33553445,fc63a31770947b8c2062d3b19ca94c00485a232bb91b502021948fee983e1635,262144,0,262144,6f129b33bdf149bcdab85d1402a4f6aa4e81c0733f5fe76bb6f82bead260759e,813e7130426863cf
block-04-256k,block-04-256k-02,silesia-blocks,nci,data/silesia/nci,33553445,fc63a31770947b8c2062d3b19ca94c00485a232bb91b502021948fee983e1635,262144,1572864,262144,6be0a72a3060057eedfcb1a435979e5d6571e8e7c4fbb7a5a732895d8ca342b1,b70662f35c1471e9
block-04-256k,block-04-256k-03,silesia-blocks,nci,data/silesia/nci,33553445,fc63a31770947b8c2062d3b19ca94c00485a232bb91b502021948fee983e1635,262144,3407872,262144,b6febe4c1cea47fe6bf54519584e579e801f19859ac41f2807bffd9bfddea13d,17a4765592ee3537
block-04-256k,block-04-256k-04,silesia-blocks,nci,data/silesia/nci,33553445,fc63a31770947b8c2062d3b19ca94c00485a232bb91b502021948fee983e1635,262144,5242880,262144,ca2e5fbc3910e1507a64e0739f9344b764a08a9d1f133ba2867f012fc87d1b41,b8a39bfc5e611e0f
block-04-256k,block-04-256k-05,silesia-blocks,nci,data/silesia/nci,33553445,fc63a31770947b8c2062d3b19ca94c00485a232bb91b502021948fee983e1635,262144,6815744,262144,9ef3cd5eb334b06ce33fb5a2468937a07605c54512b9233cc0d498f878147f29,fda5cba5c6f92f26
block-04-256k,block-04-256k-06,silesia-blocks,nci,data/silesia/nci,33553445,fc63a31770947b8c2062d3b19ca94c00485a232bb91b502021948fee983e1635,262144,8650752,262144,331cca1b86a8879eb66e0fa78f3b16fe8f731689f2a29f74dcb1e33a4026a466,465b76df7ee4566a
block-04-256k,block-04-256k-07,silesia-blocks,nci,data/silesia/nci,33553445,fc63a31770947b8c2062d3b19ca94c00485a232bb91b502021948fee983e1635,262144,10485760,262144,0c876cd69ba26c637e32ad2f9141e91991101b63e96677e224fe8a58a30b35a6,059e733f12d849e9
block-04-256k,block-04-256k-08,silesia-blocks,nci,data/silesia/nci,33553445,fc63a31770947b8c2062d3b19ca94c00485a232bb91b502021948fee983e1635,262144,12058624,262144,dc05767dc2ac951d26f1aa92be6af75c8becca34fcadaaf2401dce695e4356f1,8ce14edd4f472919
block-04-256k,block-04-256k-09,silesia-blocks,nci,data/silesia/nci,33553445,fc63a31770947b8c2062d3b19ca94c00485a232bb91b502021948fee983e1635,262144,13893632,262144,150ee9aefd90600b02eff936e550496bf3fb767284a19de51e57293ea3c437f1,1f554ce5fd138d76
block-04-256k,block-04-256k-10,silesia-blocks,nci,data/silesia/nci,33553445,fc63a31770947b8c2062d3b19ca94c00485a232bb91b502021948fee983e1635,262144,15728640,262144,519ae48c77e09b37ed94de9a61bf6daeab8aa50477d46974df1cf70120987b6f,9d0ed10c59d25c6a
block-04-256k,block-04-256k-11,silesia-blocks,nci,data/silesia/nci,33553445,fc63a31770947b8c2062d3b19ca94c00485a232bb91b502021948fee983e1635,262144,17301504,262144,00f619bd7a232091e6ebcd9080656d97f9ffdcff73f0211a182fa5690f7f432a,b1c4aa1d6e268d1b
block-04-256k,block-04-256k-12,silesia-blocks,nci,data/silesia/nci,33553445,fc63a31770947b8c2062d3b19ca94c00485a232bb91b502021948fee983e1635,262144,19136512,262144,92106c96e882fd8b64a34f93eb92f47e1f7059eb2d225ee112ac6ee8167ddb22,c7a89d64a656924a
block-04-256k,block-04-256k-13,silesia-blocks,nci,data/silesia/nci,33553445,fc63a31770947b8c2062d3b19ca94c00485a232bb91b502021948fee983e1635,262144,20971520,262144,14cf31170e2c68b99cbf50bfbebb50b51229cc4370f9a7476d99f8a6804c303a,637a5be4e55b2c8d
block-04-256k,block-04-256k-14,silesia-blocks,nci,data/silesia/nci,33553445,fc63a31770947b8c2062d3b19ca94c00485a232bb91b502021948fee983e1635,262144,22544384,262144,297233ad63550f77e83e35a3482cd0ab5755a76f3bfff9c2b1f32e14d0ec4543,babd6f0fdb14935a
block-04-256k,block-04-256k-15,silesia-blocks,nci,data/silesia/nci,33553445,fc63a31770947b8c2062d3b19ca94c00485a232bb91b502021948fee983e1635,262144,24379392,262144,0c856d59700e42fa9d93361a01878d9ab3aaaf573034769bf81228796ee2ddef,10fb76b9ad765e65
block-04-256k,block-04-256k-16,silesia-blocks,nci,data/silesia/nci,33553445,fc63a31770947b8c2062d3b19ca94c00485a232bb91b502021948fee983e1635,262144,26214400,262144,2d1c2e47b7796540ba442f7784d4d21cb09b572ae2bcb5d8eb72c591114e7f44,db18b76898deac2c
block-04-256k,block-04-256k-17,silesia-blocks,nci,data/silesia/nci,33553445,fc63a31770947b8c2062d3b19ca94c00485a232bb91b502021948fee983e1635,262144,27787264,262144,57560466518dbf3c675fdeaa0a0fbdde77afc076f8982f47e28cf94e30cf7f78,7ac522929e0271b6
block-04-256k,block-04-256k-18,silesia-blocks,nci,data/silesia/nci,33553445,fc63a31770947b8c2062d3b19ca94c00485a232bb91b502021948fee983e1635,262144,29622272,262144,3ad38db940f69ae21cf900c069d599b4c8ad8d8273a940bae9f9fde89437468c,0180aceb900720a6
block-04-256k,block-04-256k-19,silesia-blocks,nci,data/silesia/nci,33553445,fc63a31770947b8c2062d3b19ca94c00485a232bb91b502021948fee983e1635,262144,31457280,262144,1a333852577c973df08a81100029b32c1598a0107716ddede36e2f4c96730aa2,597e03d4ee4aba96
block-04-256k,block-04-256k-20,silesia-blocks,nci,data/silesia/nci,33553445,fc63a31770947b8c2062d3b19ca94c00485a232bb91b502021948fee983e1635,262144,33292288,261157,004df6c3a241ed052a3d9d32c47b6d546d70de042a728c440d2f6105a001364c,b4cab1127436b3f9
block-05-016k,block-05-016k-01,silesia-blocks,ooffice,data/silesia/ooffice,6152192,e7ee013880d34dd5208283d0d3d91b07f442e067454276095ded14f322a656eb,16384,0,16384,848ac05888dbf7de7059e2fdb72f83e131234eb81acb076814791eadbb3f426b,385f9aa3837d91d3
block-05-016k,block-05-016k-02,silesia-blocks,ooffice,data/silesia/ooffice,6152192,e7ee013880d34dd5208283d0d3d91b07f442e067454276095ded14f322a656eb,16384,311296,16384,ed0e5da5f8da654210868b2338a373d08c2b2776ba82b11cd2d06bfcd35d504b,a39c1198ce79bb05
block-05-016k,block-05-016k-03,silesia-blocks,ooffice,data/silesia/ooffice,6152192,e7ee013880d34dd5208283d0d3d91b07f442e067454276095ded14f322a656eb,16384,638976,16384,d6219a81a695333147df1abd59dc3c8ba017cd94e7d76ae22e433abd2558f584,552a50f2662c6993
block-05-016k,block-05-016k-04,silesia-blocks,ooffice,data/silesia/ooffice,6152192,e7ee013880d34dd5208283d0d3d91b07f442e067454276095ded14f322a656eb,16384,966656,16384,4dd9e793b22fa837ad3c135c07874ff950571eb49942f10751429f0850a9c707,f34cc44241242bb2
block-05-016k,block-05-016k-05,silesia-blocks,ooffice,data/silesia/ooffice,6152192,e7ee013880d34dd5208283d0d3d91b07f442e067454276095ded14f322a656eb,16384,1277952,16384,78ba74b4d735495ccca7ac87301ee236a82da90ff9ed4d8ecd0e9f5f9a8180cc,96c3d8baf9ed028a
block-05-016k,block-05-016k-06,silesia-blocks,ooffice,data/silesia/ooffice,6152192,e7ee013880d34dd5208283d0d3d91b07f442e067454276095ded14f322a656eb,16384,1605632,16384,a7872a4505ce2d2c795b79b01c0780dc9040b6843837b25410decf21677ce448,9ff1d0a1d646cab0
block-05-016k,block-05-016k-07,silesia-blocks,ooffice,data/silesia/ooffice,6152192,e7ee013880d34dd5208283d0d3d91b07f442e067454276095ded14f322a656eb,16384,1933312,16384,f829b166a1004abef1265a37065eabbd2688e0c6454375b348472e98713c9cae,09352692a56b33a6
block-05-016k,block-05-016k-08,silesia-blocks,ooffice,data/silesia/ooffice,6152192,e7ee013880d34dd5208283d0d3d91b07f442e067454276095ded14f322a656eb,16384,2260992,16384,30009bdac8d5725455ac65922bb89eea2ab8c1cd1940cd4863f710c5331ee1d4,c19ec9b7ddec3b01
block-05-016k,block-05-016k-09,silesia-blocks,ooffice,data/silesia/ooffice,6152192,e7ee013880d34dd5208283d0d3d91b07f442e067454276095ded14f322a656eb,16384,2572288,16384,167ab24528423d3361ead63426174008b3c12bc358e32b9eeb6aef6bc13cc072,ca93e3ffb555d959
block-05-016k,block-05-016k-10,silesia-blocks,ooffice,data/silesia/ooffice,6152192,e7ee013880d34dd5208283d0d3d91b07f442e067454276095ded14f322a656eb,16384,2899968,16384,065b1310dcc69597baba90fbcecc4a8f39d011432c1b653dbf7721b860878884,2215d2a9eef83fcf
block-05-016k,block-05-016k-11,silesia-blocks,ooffice,data/silesia/ooffice,6152192,e7ee013880d34dd5208283d0d3d91b07f442e067454276095ded14f322a656eb,16384,3227648,16384,7f9e09ece4afd986e7920aea4e71ee706f97e7916360a2139f6cbeee60ee9205,b3e034229c960ee4
block-05-016k,block-05-016k-12,silesia-blocks,ooffice,data/silesia/ooffice,6152192,e7ee013880d34dd5208283d0d3d91b07f442e067454276095ded14f322a656eb,16384,3555328,16384,f58fe08d9cdad92f4eb1ed8cdf6c144d1728badeaeafd420bb81bff09b6cb09d,3252d230d0bffde6
block-05-016k,block-05-016k-13,silesia-blocks,ooffice,data/silesia/ooffice,6152192,e7ee013880d34dd5208283d0d3d91b07f442e067454276095ded14f322a656eb,16384,3866624,16384,53e0deeed9c5e8fb53b2b415fe3473e42b02a68d34be4b97e32571be0c56d81e,02e1bd04731de469
block-05-016k,block-05-016k-14,silesia-blocks,ooffice,data/silesia/ooffice,6152192,e7ee013880d34dd5208283d0d3d91b07f442e067454276095ded14f322a656eb,16384,4194304,16384,89baa43c48859a3f3b9c7019068fe2226b2706aa09841dc63fb03b8dfa10a737,56e2b74bf8a852b7
block-05-016k,block-05-016k-15,silesia-blocks,ooffice,data/silesia/ooffice,6152192,e7ee013880d34dd5208283d0d3d91b07f442e067454276095ded14f322a656eb,16384,4521984,16384,3dafb65f48ea610954db9d88b73cd0830e3ec21e84ade07f2c3352257b292939,df3d388adf03c693
block-05-016k,block-05-016k-16,silesia-blocks,ooffice,data/silesia/ooffice,6152192,e7ee013880d34dd5208283d0d3d91b07f442e067454276095ded14f322a656eb,16384,4849664,16384,69a9ce1e1666ea77cfa90667bd661f3da9eb9132ce10d70e8707c46a0c791c28,981effff10c67419
block-05-016k,block-05-016k-17,silesia-blocks,ooffice,data/silesia/ooffice,6152192,e7ee013880d34dd5208283d0d3d91b07f442e067454276095ded14f322a656eb,16384,5160960,16384,a2402f93435591cdf07d1fb50e5b27f567d4520b7497e7ef2f0d912e0d4389d4,068ac501d2f10ade
block-05-016k,block-05-016k-18,silesia-blocks,ooffice,data/silesia/ooffice,6152192,e7ee013880d34dd5208283d0d3d91b07f442e067454276095ded14f322a656eb,16384,5488640,16384,b372aff8ff955c4c1fbc9e9c05baf5495c946e252a0336abfc9dafc00fa1703c,7d6e16f1883d760a
block-05-016k,block-05-016k-19,silesia-blocks,ooffice,data/silesia/ooffice,6152192,e7ee013880d34dd5208283d0d3d91b07f442e067454276095ded14f322a656eb,16384,5816320,16384,5ff6adcd5594712671c0f08378bbc0f4b44322a4b774c4df3e52ec45bb35b006,e60412e3c134aa3c
block-05-016k,block-05-016k-20,silesia-blocks,ooffice,data/silesia/ooffice,6152192,e7ee013880d34dd5208283d0d3d91b07f442e067454276095ded14f322a656eb,16384,6144000,8192,9f1dcbc35c350d6027f98be0f5c8b43b42ca52b7604459c0c42be3aa88913d47,b9d103fd6854a325
block-05-064k,block-05-064k-01,silesia-blocks,ooffice,data/silesia/ooffice,6152192,e7ee013880d34dd5208283d0d3d91b07f442e067454276095ded14f322a656eb,65536,0,65536,9d30521922187d0a26f56cf2df85001f9585d0d4ec6a0a8797466afcc367f825,d644a8cc8390907c
block-05-064k,block-05-064k-02,silesia-blocks,ooffice,data/silesia/ooffice,6152192,e7ee013880d34dd5208283d0d3d91b07f442e067454276095ded14f322a656eb,65536,262144,65536,6fe297a8a94a315bae9f12ed8e353eb3cf5360b150c7d17ec3cf8ccc3a72b4ab,e69610413398ade4
block-05-064k,block-05-064k-03,silesia-blocks,ooffice,data/silesia/ooffice,6152192,e7ee013880d34dd5208283d0d3d91b07f442e067454276095ded14f322a656eb,65536,589824,65536,58c736181b90e16165c4eb326173c0e50247ead519b33c3ffb35a6eb10900c11,39cabb29e4b25b62
block-05-064k,block-05-064k-04,silesia-blocks,ooffice,data/silesia/ooffice,6152192,e7ee013880d34dd5208283d0d3d91b07f442e067454276095ded14f322a656eb,65536,917504,65536,53edd8f9fdefb96895f58dcad3ca041e538159d9ba881b96fa13558ce7725738,79ea059e13d9a9e7
block-05-064k,block-05-064k-05,silesia-blocks,ooffice,data/silesia/ooffice,6152192,e7ee013880d34dd5208283d0d3d91b07f442e067454276095ded14f322a656eb,65536,1245184,65536,7451e905bd009491dcca9bc61b5683c1d5838b1fe20138312164696b92fe5e58,3f26ade59600a08c
block-05-064k,block-05-064k-06,silesia-blocks,ooffice,data/silesia/ooffice,6152192,e7ee013880d34dd5208283d0d3d91b07f442e067454276095ded14f322a656eb,65536,1572864,65536,11754b50a6142f45096aef843af4973f1000f4f724486c51d553a2892cf9bf87,cda355158374871f
block-05-064k,block-05-064k-07,silesia-blocks,ooffice,data/silesia/ooffice,6152192,e7ee013880d34dd5208283d0d3d91b07f442e067454276095ded14f322a656eb,65536,1900544,65536,a8bfc681aff0e49d700bf3655a8269d04557b14fe86f482168116c0bbe43116f,cf8027f7053cdfde
block-05-064k,block-05-064k-08,silesia-blocks,ooffice,data/silesia/ooffice,6152192,e7ee013880d34dd5208283d0d3d91b07f442e067454276095ded14f322a656eb,65536,2228224,65536,9d69bcc0b1868e889340679c582927a7b4367b73eee5a786239c9bcbc3ca0c08,2690500588fe8550
block-05-064k,block-05-064k-09,silesia-blocks,ooffice,data/silesia/ooffice,6152192,e7ee013880d34dd5208283d0d3d91b07f442e067454276095ded14f322a656eb,65536,2555904,65536,67cae931ec8e317dd14e41aebd71d34381a3e993c21a2206acf5d365747e8094,4c46a1f7ef6685f3
block-05-064k,block-05-064k-10,silesia-blocks,ooffice,data/silesia/ooffice,6152192,e7ee013880d34dd5208283d0d3d91b07f442e067454276095ded14f322a656eb,65536,2883584,65536,f8222f62db4f45a698cccc8b5aaa4623f00a054d063c7f119a64d1bbec3054cf,cfa824c54a423dca
block-05-064k,block-05-064k-11,silesia-blocks,ooffice,data/silesia/ooffice,6152192,e7ee013880d34dd5208283d0d3d91b07f442e067454276095ded14f322a656eb,65536,3145728,65536,1f95a440215e55fba92c2728b3a909da5b2256e0c450da60ea6738309908e91e,369f13da6a3a27d5
block-05-064k,block-05-064k-12,silesia-blocks,ooffice,data/silesia/ooffice,6152192,e7ee013880d34dd5208283d0d3d91b07f442e067454276095ded14f322a656eb,65536,3473408,65536,ef1d4f21349a27bdae00ace38068ca251480e53dc22d659282fa750d9fa97e61,8ba8c002cdfb2eca
block-05-064k,block-05-064k-13,silesia-blocks,ooffice,data/silesia/ooffice,6152192,e7ee013880d34dd5208283d0d3d91b07f442e067454276095ded14f322a656eb,65536,3801088,65536,36238175be13f4a37209262a43474429fcb57b7b6c886b175057010076290502,6f04189c307db412
block-05-064k,block-05-064k-14,silesia-blocks,ooffice,data/silesia/ooffice,6152192,e7ee013880d34dd5208283d0d3d91b07f442e067454276095ded14f322a656eb,65536,4128768,65536,5eaab440148a7b2a4ed00de1b2d9f64a1d030587270a0685339bda14296abf06,e92e9f6faa96fadf
block-05-064k,block-05-064k-15,silesia-blocks,ooffice,data/silesia/ooffice,6152192,e7ee013880d34dd5208283d0d3d91b07f442e067454276095ded14f322a656eb,65536,4456448,65536,daba8d820c8c300ec4234256b37810497d8860e7e34f2b5fac3ca6b499b3a087,9fe3ff5a336e452e
block-05-064k,block-05-064k-16,silesia-blocks,ooffice,data/silesia/ooffice,6152192,e7ee013880d34dd5208283d0d3d91b07f442e067454276095ded14f322a656eb,65536,4784128,65536,c4df5b30378abf90915300fd6bf5e06953cde02f6fa0153557762fe66c2b7276,13accfcd7f58d97b
block-05-064k,block-05-064k-17,silesia-blocks,ooffice,data/silesia/ooffice,6152192,e7ee013880d34dd5208283d0d3d91b07f442e067454276095ded14f322a656eb,65536,5111808,65536,147fc639d836cc6d1a5230dcd626dedf55fd6e89f88ec10b519b3896947982e9,809161e469f120f2
block-05-064k,block-05-064k-18,silesia-blocks,ooffice,data/silesia/ooffice,6152192,e7ee013880d34dd5208283d0d3d91b07f442e067454276095ded14f322a656eb,65536,5439488,65536,81d5f2f73bfefb51046a6f048d667ecfafc16ab5691ba509dc22bb21a36960dc,4d7d54ca92c8a189
block-05-064k,block-05-064k-19,silesia-blocks,ooffice,data/silesia/ooffice,6152192,e7ee013880d34dd5208283d0d3d91b07f442e067454276095ded14f322a656eb,65536,5767168,65536,dc917a05527aff930714cf6350cbd9f08b8717a81c4dc482bdb9523a7045b889,ba84b04fd0e650eb
block-05-064k,block-05-064k-20,silesia-blocks,ooffice,data/silesia/ooffice,6152192,e7ee013880d34dd5208283d0d3d91b07f442e067454276095ded14f322a656eb,65536,6094848,57344,13c2cd450003edce13f805389fb96a6885cb86e1d242bb2635d9dce7cae31563,32a14b276a4d7941
block-05-256k,block-05-256k-01,silesia-blocks,ooffice,data/silesia/ooffice,6152192,e7ee013880d34dd5208283d0d3d91b07f442e067454276095ded14f322a656eb,262144,0,262144,41a8f0abe06c5c9e88665870be089e57c9b065bb3c27ac838cca48bcb793cb19,3acde7925d446d6b
block-05-256k,block-05-256k-02,silesia-blocks,ooffice,data/silesia/ooffice,6152192,e7ee013880d34dd5208283d0d3d91b07f442e067454276095ded14f322a656eb,262144,262144,262144,85f7ff3cacb4a3d969be2aa089314c59b547eea336b0a72a7844982b69f8c109,0a76016de570173d
block-05-256k,block-05-256k-03,silesia-blocks,ooffice,data/silesia/ooffice,6152192,e7ee013880d34dd5208283d0d3d91b07f442e067454276095ded14f322a656eb,262144,524288,262144,615915c9dccc01201cb668faf6f8e923203b1e426d93943cbe8f2d9a34eb1790,d6177dad5e614556
block-05-256k,block-05-256k-04,silesia-blocks,ooffice,data/silesia/ooffice,6152192,e7ee013880d34dd5208283d0d3d91b07f442e067454276095ded14f322a656eb,262144,786432,262144,d3fde37c4243bf9365751f03eb1da01f5adca4bcbfb87fd0f1f71286b004b95c,3ee6098d4c4b6cfc
block-05-256k,block-05-256k-05,silesia-blocks,ooffice,data/silesia/ooffice,6152192,e7ee013880d34dd5208283d0d3d91b07f442e067454276095ded14f322a656eb,262144,1048576,262144,4cde2039aa16c91a7b6bf5f53b9ca380825b235a0e35037bfc226ffd42be3ae3,36dc5e9b7c0fb4eb
block-05-256k,block-05-256k-06,silesia-blocks,ooffice,data/silesia/ooffice,6152192,e7ee013880d34dd5208283d0d3d91b07f442e067454276095ded14f322a656eb,262144,1572864,262144,66cf920e4cf87f0e4a650d5183ac19df8b13d1ecc7599a05419258057d654234,5f15bf2db334bfd0
block-05-256k,block-05-256k-07,silesia-blocks,ooffice,data/silesia/ooffice,6152192,e7ee013880d34dd5208283d0d3d91b07f442e067454276095ded14f322a656eb,262144,1835008,262144,755df480620ed5f59091e90c72e3f8ea57658c094e74e80d3f39de06bcabd9b9,3a9c51ec036ba2ce
block-05-256k,block-05-256k-08,silesia-blocks,ooffice,data/silesia/ooffice,6152192,e7ee013880d34dd5208283d0d3d91b07f442e067454276095ded14f322a656eb,262144,2097152,262144,6c8c86e3b378dacd28a0d8dc22be8f2ad779201506490a46ff831399a380aa09,8480ce8c72951f29
block-05-256k,block-05-256k-09,silesia-blocks,ooffice,data/silesia/ooffice,6152192,e7ee013880d34dd5208283d0d3d91b07f442e067454276095ded14f322a656eb,262144,2359296,262144,94ecedeb3b8d13fe03ee4b9fc33976f58c47752cfb00fb5a4d4dcc57fa97c61d,a23f2d046b0d68af
block-05-256k,block-05-256k-10,silesia-blocks,ooffice,data/silesia/ooffice,6152192,e7ee013880d34dd5208283d0d3d91b07f442e067454276095ded14f322a656eb,262144,2621440,262144,39305176bde3405407ae96d45e7172fa67ca01455bd792ef5e9491a0cb6132b4,a40ba4869fd36493
block-05-256k,block-05-256k-11,silesia-blocks,ooffice,data/silesia/ooffice,6152192,e7ee013880d34dd5208283d0d3d91b07f442e067454276095ded14f322a656eb,262144,3145728,262144,544feaba71623740b9ec98cca482bc53fcc88722e663e8c1d6596d1453f86590,782183cdfb8414af
block-05-256k,block-05-256k-12,silesia-blocks,ooffice,data/silesia/ooffice,6152192,e7ee013880d34dd5208283d0d3d91b07f442e067454276095ded14f322a656eb,262144,3407872,262144,28435458b2bfe05b56dc9d6e36e646b48c0683d38a85560cd0b6be0ce6c9cb01,8fa7e960bd242ac4
block-05-256k,block-05-256k-13,silesia-blocks,ooffice,data/silesia/ooffice,6152192,e7ee013880d34dd5208283d0d3d91b07f442e067454276095ded14f322a656eb,262144,3670016,262144,1b36e343fc7305dc2b6993843ce21ed34ae1462eeeb7337d3b3fd4ffecadff63,4e8f069500085567
block-05-256k,block-05-256k-14,silesia-blocks,ooffice,data/silesia/ooffice,6152192,e7ee013880d34dd5208283d0d3d91b07f442e067454276095ded14f322a656eb,262144,3932160,262144,ba7369051ea8e49e0ad40ca05c03df219b85dc08eea866a203586eeb4eeca4e9,47426ed96673cc6d
block-05-256k,block-05-256k-15,silesia-blocks,ooffice,data/silesia/ooffice,6152192,e7ee013880d34dd5208283d0d3d91b07f442e067454276095ded14f322a656eb,262144,4194304,262144,49389bf1aa750336b05ba4632b40938405fd72c9e3f8267889b3080dc3899575,81df72a09557fe03
block-05-256k,block-05-256k-16,silesia-blocks,ooffice,data/silesia/ooffice,6152192,e7ee013880d34dd5208283d0d3d91b07f442e067454276095ded14f322a656eb,262144,4718592,262144,e65e9789c5976a1ad4b9ab72d2fd7659ab2a95cc877ef31f9036da8d3e269486,e26851e36cf132f8
block-05-256k,block-05-256k-17,silesia-blocks,ooffice,data/silesia/ooffice,6152192,e7ee013880d34dd5208283d0d3d91b07f442e067454276095ded14f322a656eb,262144,4980736,262144,b390cf7cb56cff974a8c0348b5ed7524505078ee5db2e3555aa4e76aeb7afd24,0b9fbf48a4052810
block-05-256k,block-05-256k-18,silesia-blocks,ooffice,data/silesia/ooffice,6152192,e7ee013880d34dd5208283d0d3d91b07f442e067454276095ded14f322a656eb,262144,5242880,262144,64089b654b52fe0aa122c45f82e2b1cf879f5cb63f8b943f5d0589f34baec2d7,e9474aea5a8f568f
block-05-256k,block-05-256k-19,silesia-blocks,ooffice,data/silesia/ooffice,6152192,e7ee013880d34dd5208283d0d3d91b07f442e067454276095ded14f322a656eb,262144,5505024,262144,71076075b291fbe22a40bdcb28992b5abbea1af323e41c70ef70e6476d9d279b,d57116e4721fdb88
block-05-256k,block-05-256k-20,silesia-blocks,ooffice,data/silesia/ooffice,6152192,e7ee013880d34dd5208283d0d3d91b07f442e067454276095ded14f322a656eb,262144,6029312,122880,4cea7eda57d627cbfb28f2233bed6534ea5a4d08cd1fed230e4bb9a8f562f88b,8086ba6b4ff987d8
block-06-016k,block-06-016k-01,silesia-blocks,osdb,data/silesia/osdb,10085684,60f027179302ca3ad87c58ac90b6be72ec23588aaa7a3b7fe8ecc0f11def3fa3,16384,0,16384,a0ade42dfe00837c696794bb4edfcad1c54c5a76951c4d04c1858a8b94a65716,29aac8d6224b0906
block-06-016k,block-06-016k-02,silesia-blocks,osdb,data/silesia/osdb,10085684,60f027179302ca3ad87c58ac90b6be72ec23588aaa7a3b7fe8ecc0f11def3fa3,16384,524288,16384,82925f7c976c96baacee3251dde7f42c66bd14cbbf2aa54ad6bf122bfd8db784,8341f2863f1aabf4
block-06-016k,block-06-016k-03,silesia-blocks,osdb,data/silesia/osdb,10085684,60f027179302ca3ad87c58ac90b6be72ec23588aaa7a3b7fe8ecc0f11def3fa3,16384,1048576,16384,8ce5624c3f753241a5fef873c2bf728c9b0b0f7d0fefb572306d8f8d7180cde5,09f5c220dbc34b10
block-06-016k,block-06-016k-04,silesia-blocks,osdb,data/silesia/osdb,10085684,60f027179302ca3ad87c58ac90b6be72ec23588aaa7a3b7fe8ecc0f11def3fa3,16384,1589248,16384,6506c079539bf57a13c165929f25d8270264966301a6b7219ba5ebb058ca154c,ecb80f985bf98cd6
block-06-016k,block-06-016k-05,silesia-blocks,osdb,data/silesia/osdb,10085684,60f027179302ca3ad87c58ac90b6be72ec23588aaa7a3b7fe8ecc0f11def3fa3,16384,2113536,16384,b182df43faefa0dd4b4f0ec5b3f4ecb36b6cf09219dfac0245045330b2e791c8,ab04d555aa6e4c9b
block-06-016k,block-06-016k-06,silesia-blocks,osdb,data/silesia/osdb,10085684,60f027179302ca3ad87c58ac90b6be72ec23588aaa7a3b7fe8ecc0f11def3fa3,16384,2637824,16384,41ecb74bee8398af7a52d2424d60be441de5614393971442cf0dd17dfeaa6c94,7814f44064317b54
block-06-016k,block-06-016k-07,silesia-blocks,osdb,data/silesia/osdb,10085684,60f027179302ca3ad87c58ac90b6be72ec23588aaa7a3b7fe8ecc0f11def3fa3,16384,3178496,16384,b3516bee661e7a557c43f87594cfe8d34c0f8b7ff0917358af2687b5c0495a56,47a49993e9971e84
block-06-016k,block-06-016k-08,silesia-blocks,osdb,data/silesia/osdb,10085684,60f027179302ca3ad87c58ac90b6be72ec23588aaa7a3b7fe8ecc0f11def3fa3,16384,3702784,16384,8fe2fdbfb1f26a5e7e7f8f9bceccf08df558ae625ccc5fb1e1c32a1ef80cea65,6f60d512929a4138
block-06-016k,block-06-016k-09,silesia-blocks,osdb,data/silesia/osdb,10085684,60f027179302ca3ad87c58ac90b6be72ec23588aaa7a3b7fe8ecc0f11def3fa3,16384,4227072,16384,5efb7132b023dacf1c47baaf6a782a1707debaae8aa7fc4e81fa84022363e691,baa36a027178d1bd
block-06-016k,block-06-016k-10,silesia-blocks,osdb,data/silesia/osdb,10085684,60f027179302ca3ad87c58ac90b6be72ec23588aaa7a3b7fe8ecc0f11def3fa3,16384,4767744,16384,731b1554b95a5fd58232d91d70cfd4ad750493164ead6bb4b37f9ec9446c5e26,1b9e3ca08cd2bae3
block-06-016k,block-06-016k-11,silesia-blocks,osdb,data/silesia/osdb,10085684,60f027179302ca3ad87c58ac90b6be72ec23588aaa7a3b7fe8ecc0f11def3fa3,16384,5292032,16384,05559c571584ce9278996f15946c6ef249fe19c0b3bcdc3470e902148c795460,2c2cf715a32f9ba0
block-06-016k,block-06-016k-12,silesia-blocks,osdb,data/silesia/osdb,10085684,60f027179302ca3ad87c58ac90b6be72ec23588aaa7a3b7fe8ecc0f11def3fa3,16384,5832704,16384,3fd38ebdbe463d91348d547883317b51236eb6e9c59ee633cb6f51b688e383a1,3c4fef852c692138
block-06-016k,block-06-016k-13,silesia-blocks,osdb,data/silesia/osdb,10085684,60f027179302ca3ad87c58ac90b6be72ec23588aaa7a3b7fe8ecc0f11def3fa3,16384,6356992,16384,3a556ee33b2cdc91279baaa435ffc62d62de210a3fac00ba2b1373f8e7a9d9e7,26cd16286b00f76f
block-06-016k,block-06-016k-14,silesia-blocks,osdb,data/silesia/osdb,10085684,60f027179302ca3ad87c58ac90b6be72ec23588aaa7a3b7fe8ecc0f11def3fa3,16384,6881280,16384,b4f244d4aa446636ecbd5d10e60e25ac2af8e0889b3298a5814daef88a604ec4,484a9305b0dffa49
block-06-016k,block-06-016k-15,silesia-blocks,osdb,data/silesia/osdb,10085684,60f027179302ca3ad87c58ac90b6be72ec23588aaa7a3b7fe8ecc0f11def3fa3,16384,7421952,16384,08d16e572c5dfbbc6c69e110b901adf5f9ca505d016229527f5bf02221ebbe44,9817613f04da3c95
block-06-016k,block-06-016k-16,silesia-blocks,osdb,data/silesia/osdb,10085684,60f027179302ca3ad87c58ac90b6be72ec23588aaa7a3b7fe8ecc0f11def3fa3,16384,7946240,16384,cbecedd34dc82a4c1d37f9a24523830e561d0ab63f014253b621959734e4fc9c,7fa29d87ec79b90e
block-06-016k,block-06-016k-17,silesia-blocks,osdb,data/silesia/osdb,10085684,60f027179302ca3ad87c58ac90b6be72ec23588aaa7a3b7fe8ecc0f11def3fa3,16384,8470528,16384,42f354dbffd1b298010de5d1e7548b69e17d7096add2c08b3d339b0dbc36e915,da57b66a94a493d0
block-06-016k,block-06-016k-18,silesia-blocks,osdb,data/silesia/osdb,10085684,60f027179302ca3ad87c58ac90b6be72ec23588aaa7a3b7fe8ecc0f11def3fa3,16384,9011200,16384,d4af164c96c4630a25e9bd1ab32d25614e2772409af537b20022739e96c301a6,b4967577400d3e85
block-06-016k,block-06-016k-19,silesia-blocks,osdb,data/silesia/osdb,10085684,60f027179302ca3ad87c58ac90b6be72ec23588aaa7a3b7fe8ecc0f11def3fa3,16384,9535488,16384,21bb96a7700967d9fcd800d5fb4ffd54a0378215a1e9fdf324afc5722323929e,f7875c028fdd7dde
block-06-016k,block-06-016k-20,silesia-blocks,osdb,data/silesia/osdb,10085684,60f027179302ca3ad87c58ac90b6be72ec23588aaa7a3b7fe8ecc0f11def3fa3,16384,10076160,9524,65e94d552604674b450385b260d1a886abdc5bc0bf23f25fca0671a6aff35253,248763d5b5df38ef
block-06-064k,block-06-064k-01,silesia-blocks,osdb,data/silesia/osdb,10085684,60f027179302ca3ad87c58ac90b6be72ec23588aaa7a3b7fe8ecc0f11def3fa3,65536,0,65536,f8fe629325a07588118ba0b65880a87ded43ef249ccbc91f0e977bbacae0c125,c80c28c2a83fe116
block-06-064k,block-06-064k-02,silesia-blocks,osdb,data/silesia/osdb,10085684,60f027179302ca3ad87c58ac90b6be72ec23588aaa7a3b7fe8ecc0f11def3fa3,65536,524288,65536,8b0e701e307def5e0e816807b62cf55bd56e539166e1ed257bb8236b7f82c071,7f7fefdcf4c6025b
block-06-064k,block-06-064k-03,silesia-blocks,osdb,data/silesia/osdb,10085684,60f027179302ca3ad87c58ac90b6be72ec23588aaa7a3b7fe8ecc0f11def3fa3,65536,1048576,65536,bdabe2e8269cc01e825876fe2c606baafd5c3dfba725d8ba75d0b3bcb6ab54f3,4851f06ac9373574
block-06-064k,block-06-064k-04,silesia-blocks,osdb,data/silesia/osdb,10085684,60f027179302ca3ad87c58ac90b6be72ec23588aaa7a3b7fe8ecc0f11def3fa3,65536,1572864,65536,d9844cf533955e65ae3d53e2cafe211cfd6a8ef9f8ed023fe16645f1790c41ef,9592656bd9bee2a1
block-06-064k,block-06-064k-05,silesia-blocks,osdb,data/silesia/osdb,10085684,60f027179302ca3ad87c58ac90b6be72ec23588aaa7a3b7fe8ecc0f11def3fa3,65536,2097152,65536,3b8c06ef711c8a1bf3d174919322120b89426ccc47be55e9b50f1519703d2f23,b48116f7b76b81b4
block-06-064k,block-06-064k-06,silesia-blocks,osdb,data/silesia/osdb,10085684,60f027179302ca3ad87c58ac90b6be72ec23588aaa7a3b7fe8ecc0f11def3fa3,65536,2621440,65536,aecfd84e3d23d5a340a22018bff861031be4aadf587eae4a7600720a2817b4f7,4a9c5d919c70a21f
block-06-064k,block-06-064k-07,silesia-blocks,osdb,data/silesia/osdb,10085684,60f027179302ca3ad87c58ac90b6be72ec23588aaa7a3b7fe8ecc0f11def3fa3,65536,3145728,65536,5cfbc6e17d538ac8e60d0392656769b413a7a991f44805403b2264315204f60b,f65a0d34ad3ca642
block-06-064k,block-06-064k-08,silesia-blocks,osdb,data/silesia/osdb,10085684,60f027179302ca3ad87c58ac90b6be72ec23588aaa7a3b7fe8ecc0f11def3fa3,65536,3670016,65536,511304bab8a421f81c918e05a3c2f61b78a89eb5397e74408d6b0dd6e8cff261,df9e209c46d4a2ef
block-06-064k,block-06-064k-09,silesia-blocks,osdb,data/silesia/osdb,10085684,60f027179302ca3ad87c58ac90b6be72ec23588aaa7a3b7fe8ecc0f11def3fa3,65536,4194304,65536,a8ecadb239eae4d4b103decf9ac4e8185de97c4414f34433d4f8c1aa42e2ec27,383cf7a36fea7df3
block-06-064k,block-06-064k-10,silesia-blocks,osdb,data/silesia/osdb,10085684,60f027179302ca3ad87c58ac90b6be72ec23588aaa7a3b7fe8ecc0f11def3fa3,65536,4718592,65536,d4c8939eb193a9bc353420af9b104bfd19f9ba0a9eaf630a53621d94ee2a38a9,7356d13a3255d329
block-06-064k,block-06-064k-11,silesia-blocks,osdb,data/silesia/osdb,10085684,60f027179302ca3ad87c58ac90b6be72ec23588aaa7a3b7fe8ecc0f11def3fa3,65536,5242880,65536,9cb7c46c1bfca31b17621ab3211377b8e222ddea56f61a86209e5f8476c42888,9df6411d649076a6
block-06-064k,block-06-064k-12,silesia-blocks,osdb,data/silesia/osdb,10085684,60f027179302ca3ad87c58ac90b6be72ec23588aaa7a3b7fe8ecc0f11def3fa3,65536,5767168,65536,ad9ffe1aa80558f8f9be825a387245108dd13c66532560fc4a134f90bc588ff9,4a5e07563b01952e
block-06-064k,block-06-064k-13,silesia-blocks,osdb,data/silesia/osdb,10085684,60f027179302ca3ad87c58ac90b6be72ec23588aaa7a3b7fe8ecc0f11def3fa3,65536,6291456,65536,9200ac7cbe0e78db60ec3e959d4454140efb402056834b2c9665c3569e63b5ab,c4327ac97451e945
block-06-064k,block-06-064k-14,silesia-blocks,osdb,data/silesia/osdb,10085684,60f027179302ca3ad87c58ac90b6be72ec23588aaa7a3b7fe8ecc0f11def3fa3,65536,6815744,65536,939957368f751a1c389abc4ceae8e5ec20ba8607b5141789d62bf5c00934eada,b842671ebcce7a54
block-06-064k,block-06-064k-15,silesia-blocks,osdb,data/silesia/osdb,10085684,60f027179302ca3ad87c58ac90b6be72ec23588aaa7a3b7fe8ecc0f11def3fa3,65536,7340032,65536,b2423ee890602cda12b32868d1a40ae383cfe20079ad60f2b77c9fcad5b6731e,2df758b38ac07ffe
block-06-064k,block-06-064k-16,silesia-blocks,osdb,data/silesia/osdb,10085684,60f027179302ca3ad87c58ac90b6be72ec23588aaa7a3b7fe8ecc0f11def3fa3,65536,7864320,65536,e53760394a0cf327a4558def401cd2cd1249b1aab5b4f9068d3f05868496d6ad,2442f62c82af01d2
block-06-064k,block-06-064k-17,silesia-blocks,osdb,data/silesia/osdb,10085684,60f027179302ca3ad87c58ac90b6be72ec23588aaa7a3b7fe8ecc0f11def3fa3,65536,8388608,65536,8e5b355dc1d7ffca5fc9962a31ce4f49ef23f4e72adda15e662ff44c08d2019a,93219bd6a17e1f13
block-06-064k,block-06-064k-18,silesia-blocks,osdb,data/silesia/osdb,10085684,60f027179302ca3ad87c58ac90b6be72ec23588aaa7a3b7fe8ecc0f11def3fa3,65536,8912896,65536,431c59d137892afc6ac19d15c1e0f1050c8accf7a1c069991e4bd74737db735e,d5e583c5014e0d6b
block-06-064k,block-06-064k-19,silesia-blocks,osdb,data/silesia/osdb,10085684,60f027179302ca3ad87c58ac90b6be72ec23588aaa7a3b7fe8ecc0f11def3fa3,65536,9437184,65536,45a3c244fc0803dbfa48791f40b8ea62070db2bef41ab97c2304e8169a3d0827,6a06851dff65ea16
block-06-064k,block-06-064k-20,silesia-blocks,osdb,data/silesia/osdb,10085684,60f027179302ca3ad87c58ac90b6be72ec23588aaa7a3b7fe8ecc0f11def3fa3,65536,10027008,58676,98563cb7c1695124a3aad3425d300685e3fd68dfa4dfb97e14eac634dc7da1e3,81cd8436be58163b
block-06-256k,block-06-256k-01,silesia-blocks,osdb,data/silesia/osdb,10085684,60f027179302ca3ad87c58ac90b6be72ec23588aaa7a3b7fe8ecc0f11def3fa3,262144,0,262144,dfafdca22a0cc7b551554126b88105a632275c0251164b07ca47633e97d91a11,376b4eb32e53cd3f
block-06-256k,block-06-256k-02,silesia-blocks,osdb,data/silesia/osdb,10085684,60f027179302ca3ad87c58ac90b6be72ec23588aaa7a3b7fe8ecc0f11def3fa3,262144,524288,262144,691dcbca5f59d724ccc03c93521cf1e591ce5b619d24624bc51f5cac2b441045,0004cd59dbf69229
block-06-256k,block-06-256k-03,silesia-blocks,osdb,data/silesia/osdb,10085684,60f027179302ca3ad87c58ac90b6be72ec23588aaa7a3b7fe8ecc0f11def3fa3,262144,1048576,262144,f2e74490a63a1c67be2281d9ba8707e69b8247411740bcc87a5423dd84712d54,411737fcdc42e579
block-06-256k,block-06-256k-04,silesia-blocks,osdb,data/silesia/osdb,10085684,60f027179302ca3ad87c58ac90b6be72ec23588aaa7a3b7fe8ecc0f11def3fa3,262144,1572864,262144,24cae70be8f60cf365eb3f5cfb647a96f1ad9e51ba376effe117bbc03d88cb40,8d39eeda92cfc7ca
block-06-256k,block-06-256k-05,silesia-blocks,osdb,data/silesia/osdb,10085684,60f027179302ca3ad87c58ac90b6be72ec23588aaa7a3b7fe8ecc0f11def3fa3,262144,2097152,262144,a053ef808917776e9c0aa97c0077f894d19211e3fd376d5aa9158b7599ac73ed,e304fef4dbf24222
block-06-256k,block-06-256k-06,silesia-blocks,osdb,data/silesia/osdb,10085684,60f027179302ca3ad87c58ac90b6be72ec23588aaa7a3b7fe8ecc0f11def3fa3,262144,2621440,262144,376e961c847ea24cf9388c59a8551f21316e036ed04a372edce4bffb8c47384a,b165ab90703dcd05
block-06-256k,block-06-256k-07,silesia-blocks,osdb,data/silesia/osdb,10085684,60f027179302ca3ad87c58ac90b6be72ec23588aaa7a3b7fe8ecc0f11def3fa3,262144,3145728,262144,f5ce80d687a14c6ac4cb288fef037ce0bb34ad26f2cf78875f5b6adafeeb7dab,8070d4d4983042a3
block-06-256k,block-06-256k-08,silesia-blocks,osdb,data/silesia/osdb,10085684,60f027179302ca3ad87c58ac90b6be72ec23588aaa7a3b7fe8ecc0f11def3fa3,262144,3670016,262144,3da9e4e62f1427590c1fae9fe354a73079dbd9dfa8ec8b3252f84401bdee7e76,5e7206b978c798d2
block-06-256k,block-06-256k-09,silesia-blocks,osdb,data/silesia/osdb,10085684,60f027179302ca3ad87c58ac90b6be72ec23588aaa7a3b7fe8ecc0f11def3fa3,262144,4194304,262144,9e1be97b8747fce60e2883edbd82a9c4da8d6cf8818858b35254e32e69ee9085,68c92405553ce0bc
block-06-256k,block-06-256k-10,silesia-blocks,osdb,data/silesia/osdb,10085684,60f027179302ca3ad87c58ac90b6be72ec23588aaa7a3b7fe8ecc0f11def3fa3,262144,4718592,262144,ee7538305fcb559f1e5fb80385b209f3e0f57120449dbe62aeeca8ddc712501f,5b7c1ea4315d917a
block-06-256k,block-06-256k-11,silesia-blocks,osdb,data/silesia/osdb,10085684,60f027179302ca3ad87c58ac90b6be72ec23588aaa7a3b7fe8ecc0f11def3fa3,262144,5242880,262144,5baab121abe2c2d213a643b2a435077451647f6687196493c4df9b5903d49bb0,11068d880a63e34b
block-06-256k,block-06-256k-12,silesia-blocks,osdb,data/silesia/osdb,10085684,60f027179302ca3ad87c58ac90b6be72ec23588aaa7a3b7fe8ecc0f11def3fa3,262144,5767168,262144,c6539098bd8d634099ffd9834b59558c1049b45dfdd4d4a3e67787ffa323dff9,87ebc2d124453a0c
block-06-256k,block-06-256k-13,silesia-blocks,osdb,data/silesia/osdb,10085684,60f027179302ca3ad87c58ac90b6be72ec23588aaa7a3b7fe8ecc0f11def3fa3,262144,6291456,262144,15ef28afdf828def900034369684fcb203c6e447a4c39dedd1afaa0074ece1c4,5141ba7239dd16f6
block-06-256k,block-06-256k-14,silesia-blocks,osdb,data/silesia/osdb,10085684,60f027179302ca3ad87c58ac90b6be72ec23588aaa7a3b7fe8ecc0f11def3fa3,262144,6815744,262144,afb03afd10149c2d92bbb28dcbf44c4a94e2413273617fe93e9e09dc18fbda39,cb339029fb41ad9d
block-06-256k,block-06-256k-15,silesia-blocks,osdb,data/silesia/osdb,10085684,60f027179302ca3ad87c58ac90b6be72ec23588aaa7a3b7fe8ecc0f11def3fa3,262144,7340032,262144,e05038d38d3936280a72736de7380b91aa3981dfb5e296ef23f025d88ccd3fad,f8353c8faf8d6167
block-06-256k,block-06-256k-16,silesia-blocks,osdb,data/silesia/osdb,10085684,60f027179302ca3ad87c58ac90b6be72ec23588aaa7a3b7fe8ecc0f11def3fa3,262144,7864320,262144,a243d6c0e061c54bd6d70a6dbbf80a1f210a47208c04f28613d0795f984a318b,f4f7c1674b45dca4
block-06-256k,block-06-256k-17,silesia-blocks,osdb,data/silesia/osdb,10085684,60f027179302ca3ad87c58ac90b6be72ec23588aaa7a3b7fe8ecc0f11def3fa3,262144,8388608,262144,9fb56e31fa813e635fec8f1e1000c07a9610fbc891a734be33a3be919d3cf0c5,4e2b95ead250154a
block-06-256k,block-06-256k-18,silesia-blocks,osdb,data/silesia/osdb,10085684,60f027179302ca3ad87c58ac90b6be72ec23588aaa7a3b7fe8ecc0f11def3fa3,262144,8912896,262144,0d93fd488687e76e91c2b44a5f954f87efb21350dce5a5ca8a9c3418a11e2566,e67df433db981983
block-06-256k,block-06-256k-19,silesia-blocks,osdb,data/silesia/osdb,10085684,60f027179302ca3ad87c58ac90b6be72ec23588aaa7a3b7fe8ecc0f11def3fa3,262144,9437184,262144,51364d781ecca2bffedf0f1716372741fbf4508456e1c93871e0f2c55bf552d7,648b139a64c1a90d
block-06-256k,block-06-256k-20,silesia-blocks,osdb,data/silesia/osdb,10085684,60f027179302ca3ad87c58ac90b6be72ec23588aaa7a3b7fe8ecc0f11def3fa3,262144,9961472,124212,679630210b8e32bec1e3629ff4c6c311d142fac6ceee5ba4741c72c31455f786,72e53797bb9c8a7b
block-07-016k,block-07-016k-01,silesia-blocks,reymont,data/silesia/reymont,6627202,0eac0114a3dfe6e2ee1f345a0f79d653cb26c3bc9f0ed79238af4933422b7578,16384,0,16384,70823c4a173b66ac4a1caa8344635af23c4b07bddd97702938bcbd421e7a192a,4a825392e99b2631
block-07-016k,block-07-016k-02,silesia-blocks,reymont,data/silesia/reymont,6627202,0eac0114a3dfe6e2ee1f345a0f79d653cb26c3bc9f0ed79238af4933422b7578,16384,344064,16384,30e6c522fb6bb6148858b2dfc0605bcd8d5b9e5438c6a4a125e7db960db50d94,9e1c89609a1443c7
block-07-016k,block-07-016k-03,silesia-blocks,reymont,data/silesia/reymont,6627202,0eac0114a3dfe6e2ee1f345a0f79d653cb26c3bc9f0ed79238af4933422b7578,16384,688128,16384,627681169a04f78340d1a65f6b7899cb17420c534a5147ecfcf2ec41605a5442,c51b676d0a41472a
block-07-016k,block-07-016k-04,silesia-blocks,reymont,data/silesia/reymont,6627202,0eac0114a3dfe6e2ee1f345a0f79d653cb26c3bc9f0ed79238af4933422b7578,16384,1032192,16384,cca241842268dad375abd4673679c8d3acb12af7d1cb30abedfff476de904b00,8d26cffd5776ff3d
block-07-016k,block-07-016k-05,silesia-blocks,reymont,data/silesia/reymont,6627202,0eac0114a3dfe6e2ee1f345a0f79d653cb26c3bc9f0ed79238af4933422b7578,16384,1392640,16384,ee2db1b90ef42c3c57c5a282c14404370adb8869a4479504ed92ea98f8ebbeeb,1651b558533658b9
block-07-016k,block-07-016k-06,silesia-blocks,reymont,data/silesia/reymont,6627202,0eac0114a3dfe6e2ee1f345a0f79d653cb26c3bc9f0ed79238af4933422b7578,16384,1736704,16384,0b2db435a9c231a9e72d30e29b634a5c7b7653886c50b418b1ab9a25f005c707,08290f14444f249d
block-07-016k,block-07-016k-07,silesia-blocks,reymont,data/silesia/reymont,6627202,0eac0114a3dfe6e2ee1f345a0f79d653cb26c3bc9f0ed79238af4933422b7578,16384,2080768,16384,895c59f95cefcd7df1a46827564f8600c6a26026317d9a34bb2ac7f74516f43d,b3dea041658342b1
block-07-016k,block-07-016k-08,silesia-blocks,reymont,data/silesia/reymont,6627202,0eac0114a3dfe6e2ee1f345a0f79d653cb26c3bc9f0ed79238af4933422b7578,16384,2424832,16384,33f7bfc3cc892a8c6889d73578e1cf62708b57775bf42dac91fed5b17f35794e,d5f4ca466334aeb9
block-07-016k,block-07-016k-09,silesia-blocks,reymont,data/silesia/reymont,6627202,0eac0114a3dfe6e2ee1f345a0f79d653cb26c3bc9f0ed79238af4933422b7578,16384,2785280,16384,3918d31585ddb13b8030940cb2cfb64038dd3bfda7275fff8a5bb24cf5e869bd,ecea8a3c4d2ce517
block-07-016k,block-07-016k-10,silesia-blocks,reymont,data/silesia/reymont,6627202,0eac0114a3dfe6e2ee1f345a0f79d653cb26c3bc9f0ed79238af4933422b7578,16384,3129344,16384,1bb19fa4442616e4761e8d217d5b59d0f24cc4414534a5fdb878f85173bb167a,5cb5b7b91d154f2e
block-07-016k,block-07-016k-11,silesia-blocks,reymont,data/silesia/reymont,6627202,0eac0114a3dfe6e2ee1f345a0f79d653cb26c3bc9f0ed79238af4933422b7578,16384,3473408,16384,fdaf2c21d3d58731a753c2f47c6676ad733235481a0e286ba43df5216a159725,3691ae31e0b2793d
block-07-016k,block-07-016k-12,silesia-blocks,reymont,data/silesia/reymont,6627202,0eac0114a3dfe6e2ee1f345a0f79d653cb26c3bc9f0ed79238af4933422b7578,16384,3817472,16384,ff5c9f4428ffe882977ca676742dcf50cfa318131625b2ec5a28b7de239df58b,853069d97bca2f45
block-07-016k,block-07-016k-13,silesia-blocks,reymont,data/silesia/reymont,6627202,0eac0114a3dfe6e2ee1f345a0f79d653cb26c3bc9f0ed79238af4933422b7578,16384,4177920,16384,318d1f1f50ee557e0bbab1981c0307ea6e3751ca151a42eafb7fb97ce3e3ee1c,7fc455afc1d32c89
block-07-016k,block-07-016k-14,silesia-blocks,reymont,data/silesia/reymont,6627202,0eac0114a3dfe6e2ee1f345a0f79d653cb26c3bc9f0ed79238af4933422b7578,16384,4521984,16384,7324415e492a2ac275d5a8aaa2b473b1ebc0ac0183c81114346f301e7fe6314c,260170f29cc65712
block-07-016k,block-07-016k-15,silesia-blocks,reymont,data/silesia/reymont,6627202,0eac0114a3dfe6e2ee1f345a0f79d653cb26c3bc9f0ed79238af4933422b7578,16384,4866048,16384,d226cb0de033c30f57d7607354435b26cdb7cd9bf2e0bb255d982bdd39cbbe31,c665fbaefbd4c18a
block-07-016k,block-07-016k-16,silesia-blocks,reymont,data/silesia/reymont,6627202,0eac0114a3dfe6e2ee1f345a0f79d653cb26c3bc9f0ed79238af4933422b7578,16384,5210112,16384,0c227ca50dbbd7d6a8b14e3fb0e1bbfef92d623bd11028e4d99f6ce3f576cb70,74456b41858304e6
block-07-016k,block-07-016k-17,silesia-blocks,reymont,data/silesia/reymont,6627202,0eac0114a3dfe6e2ee1f345a0f79d653cb26c3bc9f0ed79238af4933422b7578,16384,5570560,16384,c2f3389efe25b55d765ee35aa1eeb7a363a3add4c985a03a4f6216345752fb4a,4f3f0e9f7499a001
block-07-016k,block-07-016k-18,silesia-blocks,reymont,data/silesia/reymont,6627202,0eac0114a3dfe6e2ee1f345a0f79d653cb26c3bc9f0ed79238af4933422b7578,16384,5914624,16384,f6e50b99a6971308d705dd1000272285fa14ae46488f01fae60e3d79d6069485,556218b634d22219
block-07-016k,block-07-016k-19,silesia-blocks,reymont,data/silesia/reymont,6627202,0eac0114a3dfe6e2ee1f345a0f79d653cb26c3bc9f0ed79238af4933422b7578,16384,6258688,16384,c8af6d9eed34cf431d0343a35436973857e71e75a5fed3bc94f3b994763a25fa,b1b948b40ebf8eb7
block-07-016k,block-07-016k-20,silesia-blocks,reymont,data/silesia/reymont,6627202,0eac0114a3dfe6e2ee1f345a0f79d653cb26c3bc9f0ed79238af4933422b7578,16384,6619136,8066,dc6cb39767f51f14666e13f892d1ec14e63df7df64aa0eb27031616278a67fba,6375446af2d0d137
block-07-064k,block-07-064k-01,silesia-blocks,reymont,data/silesia/reymont,6627202,0eac0114a3dfe6e2ee1f345a0f79d653cb26c3bc9f0ed79238af4933422b7578,65536,0,65536,a5ecaaabb133f1adf8de6062be6381d143e87f9f8050eea9b5be6f92b88c3c22,1dd6df053efee7e2
block-07-064k,block-07-064k-02,silesia-blocks,reymont,data/silesia/reymont,6627202,0eac0114a3dfe6e2ee1f345a0f79d653cb26c3bc9f0ed79238af4933422b7578,65536,327680,65536,e906808c5711ad64d030afb35f171b17304cd26dd74cfd4466459cb0cb86ace1,53565dc2b91a3fcd
block-07-064k,block-07-064k-03,silesia-blocks,reymont,data/silesia/reymont,6627202,0eac0114a3dfe6e2ee1f345a0f79d653cb26c3bc9f0ed79238af4933422b7578,65536,655360,65536,2749dfd3fcc077385a9f3c48e9c72c2a590f3b9b9d5bd45a7fbe95c307c0109f,258bfaa288b2830d
block-07-064k,block-07-064k-04,silesia-blocks,reymont,data/silesia/reymont,6627202,0eac0114a3dfe6e2ee1f345a0f79d653cb26c3bc9f0ed79238af4933422b7578,65536,983040,65536,7d638d217c878dd6bc7236d0f77f23cce811da71b27b2f4d1274c533b5d783bd,81b98c1b77171710
block-07-064k,block-07-064k-05,silesia-blocks,reymont,data/silesia/reymont,6627202,0eac0114a3dfe6e2ee1f345a0f79d653cb26c3bc9f0ed79238af4933422b7578,65536,1376256,65536,8e59218484e28817b88eafafd0b8827a0aa2d85d5a081cdfc4c0158211eb7da8,25b63c88954d3828
block-07-064k,block-07-064k-06,silesia-blocks,reymont,data/silesia/reymont,6627202,0eac0114a3dfe6e2ee1f345a0f79d653cb26c3bc9f0ed79238af4933422b7578,65536,1703936,65536,d4938554f301e99804222007c3b7e1c94cb1a0dc43834473418c6ead6d348bff,9d83c779b4a5617a
block-07-064k,block-07-064k-07,silesia-blocks,reymont,data/silesia/reymont,6627202,0eac0114a3dfe6e2ee1f345a0f79d653cb26c3bc9f0ed79238af4933422b7578,65536,2031616,65536,665650c55b7f7a3c406190934907a0281ae69ac4b32a73bf9fbea6913cd08a11,a902fc285db65ab6
block-07-064k,block-07-064k-08,silesia-blocks,reymont,data/silesia/reymont,6627202,0eac0114a3dfe6e2ee1f345a0f79d653cb26c3bc9f0ed79238af4933422b7578,65536,2424832,65536,de0aa63289e6bd6b9ff14603eaa50bbb41798647fa2b941cc70d20e182b63fd6,736cb450417b9c66
block-07-064k,block-07-064k-09,silesia-blocks,reymont,data/silesia/reymont,6627202,0eac0114a3dfe6e2ee1f345a0f79d653cb26c3bc9f0ed79238af4933422b7578,65536,2752512,65536,c99528e5162a949f119eb0bff2a5cda21711d2417ea190c4984ccf0a33ea60ad,6812be3dcd1b2f92
block-07-064k,block-07-064k-10,silesia-blocks,reymont,data/silesia/reymont,6627202,0eac0114a3dfe6e2ee1f345a0f79d653cb26c3bc9f0ed79238af4933422b7578,65536,3080192,65536,21d39650a2d06ffbdd67992c9e51bc0e396602f91067857902449ed150477f06,74b48be6bdabe6ab
block-07-064k,block-07-064k-11,silesia-blocks,reymont,data/silesia/reymont,6627202,0eac0114a3dfe6e2ee1f345a0f79d653cb26c3bc9f0ed79238af4933422b7578,65536,3473408,65536,c7e198f79c62a0cdb51d33d64cb151c39a0fe539a3ec8b99a30bbf94b8e5eff8,73d55154a6f4d807
block-07-064k,block-07-064k-12,silesia-blocks,reymont,data/silesia/reymont,6627202,0eac0114a3dfe6e2ee1f345a0f79d653cb26c3bc9f0ed79238af4933422b7578,65536,3801088,65536,dc5aedf63cdb61f39e1e29eb76d25e545afdeb05952ed5d99818b4733b78c339,718885ed67633b48
block-07-064k,block-07-064k-13,silesia-blocks,reymont,data/silesia/reymont,6627202,0eac0114a3dfe6e2ee1f345a0f79d653cb26c3bc9f0ed79238af4933422b7578,65536,4128768,65536,866fa60f8b922f71328c39e6c520897eada75e14e1c5de1d8e95a0a48a144fa9,629071d545fd19cc
block-07-064k,block-07-064k-14,silesia-blocks,reymont,data/silesia/reymont,6627202,0eac0114a3dfe6e2ee1f345a0f79d653cb26c3bc9f0ed79238af4933422b7578,65536,4521984,65536,cdcd1566340eb8a1d61c19124ef3a9cc9b4517981d3a4606ea1c575511238da3,26062f250b82d391
block-07-064k,block-07-064k-15,silesia-blocks,reymont,data/silesia/reymont,6627202,0eac0114a3dfe6e2ee1f345a0f79d653cb26c3bc9f0ed79238af4933422b7578,65536,4849664,65536,b1349c90a77a327562b726cfacdfcd6d77f43418dc2fc79471d50b1fa2c1ca8d,ad0f0a551938b819
block-07-064k,block-07-064k-16,silesia-blocks,reymont,data/silesia/reymont,6627202,0eac0114a3dfe6e2ee1f345a0f79d653cb26c3bc9f0ed79238af4933422b7578,65536,5177344,65536,ca45ec122e356dcbbf81ce175a95655669c05ad6b34eda4467c89a367ed2dfb6,c6e10ae91ec0d123
block-07-064k,block-07-064k-17,silesia-blocks,reymont,data/silesia/reymont,6627202,0eac0114a3dfe6e2ee1f345a0f79d653cb26c3bc9f0ed79238af4933422b7578,65536,5570560,65536,b7981670abc8c938ec4add04e2f044ff0c301ccdd9f21c71083f660cf1b7b606,96d5755fc3dbbb4b
block-07-064k,block-07-064k-18,silesia-blocks,reymont,data/silesia/reymont,6627202,0eac0114a3dfe6e2ee1f345a0f79d653cb26c3bc9f0ed79238af4933422b7578,65536,5898240,65536,51e797b50a3d73850755f8283da553ea43163812d0ea947f16917aee312f1d32,d83662c9d8367832
block-07-064k,block-07-064k-19,silesia-blocks,reymont,data/silesia/reymont,6627202,0eac0114a3dfe6e2ee1f345a0f79d653cb26c3bc9f0ed79238af4933422b7578,65536,6225920,65536,b46e02dfbd5646cf07a96b2644b93c9459874b32bd918e18ce2b5ccb636d8ec3,4d241c0939983236
block-07-064k,block-07-064k-20,silesia-blocks,reymont,data/silesia/reymont,6627202,0eac0114a3dfe6e2ee1f345a0f79d653cb26c3bc9f0ed79238af4933422b7578,65536,6619136,8066,dc6cb39767f51f14666e13f892d1ec14e63df7df64aa0eb27031616278a67fba,6375446af2d0d137
block-07-256k,block-07-256k-01,silesia-blocks,reymont,data/silesia/reymont,6627202,0eac0114a3dfe6e2ee1f345a0f79d653cb26c3bc9f0ed79238af4933422b7578,262144,0,262144,63949f06bead1d6e40964427389b88df91aaf71e8f908e2e40fb968db3d8f682,4c273c7c32eda4cf
block-07-256k,block-07-256k-02,silesia-blocks,reymont,data/silesia/reymont,6627202,0eac0114a3dfe6e2ee1f345a0f79d653cb26c3bc9f0ed79238af4933422b7578,262144,262144,262144,15f8403cee23e27fdec49c8f0d5f4e08cbb5b25e2dfb8965cc0b59a69910a032,d1b06310433f1348
block-07-256k,block-07-256k-03,silesia-blocks,reymont,data/silesia/reymont,6627202,0eac0114a3dfe6e2ee1f345a0f79d653cb26c3bc9f0ed79238af4933422b7578,262144,524288,262144,bb48d236adec124d11260b6130a39dba0725c686f7d525e891946ecbcc51cb70,0761938dcd4f785f
block-07-256k,block-07-256k-04,silesia-blocks,reymont,data/silesia/reymont,6627202,0eac0114a3dfe6e2ee1f345a0f79d653cb26c3bc9f0ed79238af4933422b7578,262144,786432,262144,40627171207403a91cfbb65d2405762b4f7515d9dc49babf83ea9212e0c290e9,870df9338d658336
block-07-256k,block-07-256k-05,silesia-blocks,reymont,data/silesia/reymont,6627202,0eac0114a3dfe6e2ee1f345a0f79d653cb26c3bc9f0ed79238af4933422b7578,262144,1310720,262144,8e00fd2460543a86a293b874c2e44d9e9f361627594cc378fb0fc4faf5f13cbb,158ded9b10bb728f
block-07-256k,block-07-256k-06,silesia-blocks,reymont,data/silesia/reymont,6627202,0eac0114a3dfe6e2ee1f345a0f79d653cb26c3bc9f0ed79238af4933422b7578,262144,1572864,262144,bb1d3a4726a582e1d4ca9289152ccfb0145d5fd2f71597bd240d68348a1dd9a7,59cec1bdb660591f
block-07-256k,block-07-256k-07,silesia-blocks,reymont,data/silesia/reymont,6627202,0eac0114a3dfe6e2ee1f345a0f79d653cb26c3bc9f0ed79238af4933422b7578,262144,1835008,262144,23d6fa11955fc6f626f0faee27cf64949ec1155b5d3a08fd2d57b57b352337c7,8adb5f77ec15cc08
block-07-256k,block-07-256k-08,silesia-blocks,reymont,data/silesia/reymont,6627202,0eac0114a3dfe6e2ee1f345a0f79d653cb26c3bc9f0ed79238af4933422b7578,262144,2359296,262144,c3c4b5a03b82e51b60bd5071178a249f546c4c993cb07e76510e4fd83e2b5dc9,e804608bf40beb9a
block-07-256k,block-07-256k-09,silesia-blocks,reymont,data/silesia/reymont,6627202,0eac0114a3dfe6e2ee1f345a0f79d653cb26c3bc9f0ed79238af4933422b7578,262144,2621440,262144,d8cb23356828a7b296a5e6ce4bec3c0f32d3cda912597180dac410a4776a4e0e,2d12e564a9060967
block-07-256k,block-07-256k-10,silesia-blocks,reymont,data/silesia/reymont,6627202,0eac0114a3dfe6e2ee1f345a0f79d653cb26c3bc9f0ed79238af4933422b7578,262144,2883584,262144,6ba746d5e25b660632f4a70028e98968d0c231272e861ae752db7d29da12f11c,eed34233e205c030
block-07-256k,block-07-256k-11,silesia-blocks,reymont,data/silesia/reymont,6627202,0eac0114a3dfe6e2ee1f345a0f79d653cb26c3bc9f0ed79238af4933422b7578,262144,3407872,262144,71cb9a77307911f66d4618bdcbef75170d03c6f7d1b5e7e2a1f8a273cc56966e,e2d64c1c97d0c4be
block-07-256k,block-07-256k-12,silesia-blocks,reymont,data/silesia/reymont,6627202,0eac0114a3dfe6e2ee1f345a0f79d653cb26c3bc9f0ed79238af4933422b7578,262144,3670016,262144,a83498638fe88310ab8a3ad358c3a6424c0dfd6b42166d43a2967349118ba561,09fd7f7f1877ea88
block-07-256k,block-07-256k-13,silesia-blocks,reymont,data/silesia/reymont,6627202,0eac0114a3dfe6e2ee1f345a0f79d653cb26c3bc9f0ed79238af4933422b7578,262144,3932160,262144,6877c187856f702297bf0430773defc6b12b2fbd205df04abc44c3c948d8ed1a,5c493df4087f0521
block-07-256k,block-07-256k-14,silesia-blocks,reymont,data/silesia/reymont,6627202,0eac0114a3dfe6e2ee1f345a0f79d653cb26c3bc9f0ed79238af4933422b7578,262144,4456448,262144,2aae823ac33e4661a4fbdee9049a17042de29a85a4028ef224ca228849cff000,34642aba150aac06
block-07-256k,block-07-256k-15,silesia-blocks,reymont,data/silesia/reymont,6627202,0eac0114a3dfe6e2ee1f345a0f79d653cb26c3bc9f0ed79238af4933422b7578,262144,4718592,262144,0fb204fab0c7a895780b3d6b505249576ecee7add717f257c4595893062e5906,dc4b6be5678b4486
block-07-256k,block-07-256k-16,silesia-blocks,reymont,data/silesia/reymont,6627202,0eac0114a3dfe6e2ee1f345a0f79d653cb26c3bc9f0ed79238af4933422b7578,262144,4980736,262144,2b5b445b29b6173b31c8abdf59d62932de1e4a72f5c5a1d416d46fb8b6a28e07,339e6f5d9be4adec
block-07-256k,block-07-256k-17,silesia-blocks,reymont,data/silesia/reymont,6627202,0eac0114a3dfe6e2ee1f345a0f79d653cb26c3bc9f0ed79238af4933422b7578,262144,5505024,262144,8825956a0ebc5906d46bd75965c2da3b33c2f247472f5e0120460652e9d8df2f,6e41fc33b1e270b6
block-07-256k,block-07-256k-18,silesia-blocks,reymont,data/silesia/reymont,6627202,0eac0114a3dfe6e2ee1f345a0f79d653cb26c3bc9f0ed79238af4933422b7578,262144,5767168,262144,4a353739c0ad673ac12ccaa6ac17fe42cb8090b84fc3b07bd6ed2a6ecbc9a940,517929042e888da8
block-07-256k,block-07-256k-19,silesia-blocks,reymont,data/silesia/reymont,6627202,0eac0114a3dfe6e2ee1f345a0f79d653cb26c3bc9f0ed79238af4933422b7578,262144,6029312,262144,7d03d5a1574d98e49cf6b46f873e3be6828e6067a4afc720020bdb744c37d3a9,d7a9ac6a17715d63
block-07-256k,block-07-256k-20,silesia-blocks,reymont,data/silesia/reymont,6627202,0eac0114a3dfe6e2ee1f345a0f79d653cb26c3bc9f0ed79238af4933422b7578,262144,6553600,73602,38d0af911d9d21f71320a0e833902a73df4b67f6ba8986b50ebc43c4df274442,8e2cb697416cbb17
block-08-016k,block-08-016k-01,silesia-blocks,samba,data/silesia/samba,21606400,93ba07bc44d8267789c1d911992f40b089ffa2140b4a160fac11ccae9a40e7b2,16384,0,16384,25fae21136b3d2d46b3a84e41873ca16627a418d5c6af084dd460d0ff220845e,714454c2be83cfab
block-08-016k,block-08-016k-02,silesia-blocks,samba,data/silesia/samba,21606400,93ba07bc44d8267789c1d911992f40b089ffa2140b4a160fac11ccae9a40e7b2,16384,1130496,16384,ccffc8f7294aec4c09df99d234523e3af37b721eae289c96017e318cd6355a26,e21a9d29fdd7f188
block-08-016k,block-08-016k-03,silesia-blocks,samba,data/silesia/samba,21606400,93ba07bc44d8267789c1d911992f40b089ffa2140b4a160fac11ccae9a40e7b2,16384,2260992,16384,81df049c045748d51c3aa735d11bb20129d6ed625d82930ad9c11b92c0edb66f,585c5717e9c7727d
block-08-016k,block-08-016k-04,silesia-blocks,samba,data/silesia/samba,21606400,93ba07bc44d8267789c1d911992f40b089ffa2140b4a160fac11ccae9a40e7b2,16384,3407872,16384,8e0422900fa8105e0841fdb205401b07b4d8123fc30f901c542c201420da865d,601f8a80caf813d8
block-08-016k,block-08-016k-05,silesia-blocks,samba,data/silesia/samba,21606400,93ba07bc44d8267789c1d911992f40b089ffa2140b4a160fac11ccae9a40e7b2,16384,4538368,16384,f7b0bc95ead190ef6d3dce5d9b60d7d77174b3cc0f419cac024220391fed33cd,140b64886a6d6c67
block-08-016k,block-08-016k-06,silesia-blocks,samba,data/silesia/samba,21606400,93ba07bc44d8267789c1d911992f40b089ffa2140b4a160fac11ccae9a40e7b2,16384,5668864,16384,77a4687b15e5fd3af2e33d905bbcf31e19a81d61fddd668211fa24b979470064,c5ca8e8c8729a649
block-08-016k,block-08-016k-07,silesia-blocks,samba,data/silesia/samba,21606400,93ba07bc44d8267789c1d911992f40b089ffa2140b4a160fac11ccae9a40e7b2,16384,6815744,16384,2f713d350a4a3c33dde920967910eff7cab43638e9931e839ec9a212a25f8a1d,09eb139f584c70eb
block-08-016k,block-08-016k-08,silesia-blocks,samba,data/silesia/samba,21606400,93ba07bc44d8267789c1d911992f40b089ffa2140b4a160fac11ccae9a40e7b2,16384,7946240,16384,8f6384ad34dfb1f16718f15ca6b97306469898ac78dc5edefc747c1ebecfb4ef,b6eed0efe3e306f9
block-08-016k,block-08-016k-09,silesia-blocks,samba,data/silesia/samba,21606400,93ba07bc44d8267789c1d911992f40b089ffa2140b4a160fac11ccae9a40e7b2,16384,9076736,16384,e7c90ceb5f86fa51ca831e5c4f9240f6945f7dbeaa5eee26989251bcf039276e,a71f4b3321c4e346
block-08-016k,block-08-016k-10,silesia-blocks,samba,data/silesia/samba,21606400,93ba07bc44d8267789c1d911992f40b089ffa2140b4a160fac11ccae9a40e7b2,16384,10223616,16384,b1f6d2f0b5e5a7160ec48fb69f6bb41e541593717a87206fce0417d48d57b0e5,ffe907aef0864c48
block-08-016k,block-08-016k-11,silesia-blocks,samba,data/silesia/samba,21606400,93ba07bc44d8267789c1d911992f40b089ffa2140b4a160fac11ccae9a40e7b2,16384,11354112,16384,8600483790ef05a19e8084341bd64b759501ceffc4f296b3980d1028514b5721,9dda4d7187b998d7
block-08-016k,block-08-016k-12,silesia-blocks,samba,data/silesia/samba,21606400,93ba07bc44d8267789c1d911992f40b089ffa2140b4a160fac11ccae9a40e7b2,16384,12500992,16384,de769bd27cae5569469ceb6fcb6a7765a39e04d3f17301c23756c1a8f21954b3,2a3b7693b5eac37a
block-08-016k,block-08-016k-13,silesia-blocks,samba,data/silesia/samba,21606400,93ba07bc44d8267789c1d911992f40b089ffa2140b4a160fac11ccae9a40e7b2,16384,13631488,16384,a7cfd0949dd723536691d6d0d16ab5a7c2b7488c74245c004bd858b7df7852a3,04ffcf7170a36ad8
block-08-016k,block-08-016k-14,silesia-blocks,samba,data/silesia/samba,21606400,93ba07bc44d8267789c1d911992f40b089ffa2140b4a160fac11ccae9a40e7b2,16384,14761984,16384,34a4b416b90f8f39edfd700c5d385fc55b5b28ed919887a958a4ecf8cc1086fa,3d420ca4bfd0fe1b
block-08-016k,block-08-016k-15,silesia-blocks,samba,data/silesia/samba,21606400,93ba07bc44d8267789c1d911992f40b089ffa2140b4a160fac11ccae9a40e7b2,16384,15908864,16384,3292ffee720067b043051e9942275836f7aaa92eb301c38dee26b73477f04d50,fb26d840f3bd153e
block-08-016k,block-08-016k-16,silesia-blocks,samba,data/silesia/samba,21606400,93ba07bc44d8267789c1d911992f40b089ffa2140b4a160fac11ccae9a40e7b2,16384,17039360,16384,f6ba171170eb76d18ef34c870d07e1012eeff1ca8a9873ccf38645064d8fd6f4,9dce6f43560c000f
block-08-016k,block-08-016k-17,silesia-blocks,samba,data/silesia/samba,21606400,93ba07bc44d8267789c1d911992f40b089ffa2140b4a160fac11ccae9a40e7b2,16384,18169856,16384,b52162f27984d0e92491cfa203bb54610bb9a8656816f52df9bd9cd1b96a7e4a,91073c8420b03b85
block-08-016k,block-08-016k-18,silesia-blocks,samba,data/silesia/samba,21606400,93ba07bc44d8267789c1d911992f40b089ffa2140b4a160fac11ccae9a40e7b2,16384,19316736,16384,882139ef23985a63fdaf2edeb8d51a278c51e2d98fa44a4424f1fb774fbcc2df,d58965295a6f4cc4
block-08-016k,block-08-016k-19,silesia-blocks,samba,data/silesia/samba,21606400,93ba07bc44d8267789c1d911992f40b089ffa2140b4a160fac11ccae9a40e7b2,16384,20447232,16384,3950bc8732af079648978bbd359c5c3ef24a21ad10875b4ba024ce072365ba76,5ef2069f1057102c
block-08-016k,block-08-016k-20,silesia-blocks,samba,data/silesia/samba,21606400,93ba07bc44d8267789c1d911992f40b089ffa2140b4a160fac11ccae9a40e7b2,16384,21594112,12288,e3d48dd7b3aa81c4b52877f39e155fb6a6f57c28c035027a4d8c5717492964fd,d43511a29cfced6e
block-08-064k,block-08-064k-01,silesia-blocks,samba,data/silesia/samba,21606400,93ba07bc44d8267789c1d911992f40b089ffa2140b4a160fac11ccae9a40e7b2,65536,0,65536,3e0420984c0f260ea7350734600cea9d8500b745e2e4b7dbd4d1da1d1adac421,27d1d0cf6ef3e543
block-08-064k,block-08-064k-02,silesia-blocks,samba,data/silesia/samba,21606400,93ba07bc44d8267789c1d911992f40b089ffa2140b4a160fac11ccae9a40e7b2,65536,1114112,65536,0edc0f7d77521bdee58e76bfa4f9763df7fa744e96a41563c7177ab4eb01862e,b6595e64d4be96f7
block-08-064k,block-08-064k-03,silesia-blocks,samba,data/silesia/samba,21606400,93ba07bc44d8267789c1d911992f40b089ffa2140b4a160fac11ccae9a40e7b2,65536,2228224,65536,3e76f861e2ec13def4172738bbaffa565f8d8558a3a79e5340d70fefb46e2fd8,c83f8229c1a29eb8
block-08-064k,block-08-064k-04,silesia-blocks,samba,data/silesia/samba,21606400,93ba07bc44d8267789c1d911992f40b089ffa2140b4a160fac11ccae9a40e7b2,65536,3342336,65536,f363e7f6f72957cc29955eb02a66ed9d4b1a0c4b39018699aaee25a36a9966a5,3eabf82c8bf2cfca
block-08-064k,block-08-064k-05,silesia-blocks,samba,data/silesia/samba,21606400,93ba07bc44d8267789c1d911992f40b089ffa2140b4a160fac11ccae9a40e7b2,65536,4521984,65536,f200e71fd670135b2068f031e6d6d867dda80ca869dec7a5a388558ed8e505c3,9cdd0be17c916a0f
block-08-064k,block-08-064k-06,silesia-blocks,samba,data/silesia/samba,21606400,93ba07bc44d8267789c1d911992f40b089ffa2140b4a160fac11ccae9a40e7b2,65536,5636096,65536,c0fd12f6aa16b6f4284cd0c71a0675b03651314ce7706698457c2179bd4f18e2,e380d3c78cffe96e
block-08-064k,block-08-064k-07,silesia-blocks,samba,data/silesia/samba,21606400,93ba07bc44d8267789c1d911992f40b089ffa2140b4a160fac11ccae9a40e7b2,65536,6750208,65536,abbfe2245b53f9a312a654a1efa592b997cf7e6036e02e41dbcda39e2fc00d22,4ae1ac07a520f9cc
block-08-064k,block-08-064k-08,silesia-blocks,samba,data/silesia/samba,21606400,93ba07bc44d8267789c1d911992f40b089ffa2140b4a160fac11ccae9a40e7b2,65536,7929856,65536,5fc573bcc2364355a601a71d761eecb72963699342299271f49ddb052a9fbe8b,c433e13e80208c95
block-08-064k,block-08-064k-09,silesia-blocks,samba,data/silesia/samba,21606400,93ba07bc44d8267789c1d911992f40b089ffa2140b4a160fac11ccae9a40e7b2,65536,9043968,65536,50bc40f1e0de3c5f5b36d487fc18fc5f662dd806bcec7ffb01c30b0ca43c51a3,6d7b7c5c33acdcc2
block-08-064k,block-08-064k-10,silesia-blocks,samba,data/silesia/samba,21606400,93ba07bc44d8267789c1d911992f40b089ffa2140b4a160fac11ccae9a40e7b2,65536,10158080,65536,d122996c097832877586597fb57d0a6f0c2d4aec2b28b442c12716d20b3e1893,f78dee284f7e2623
block-08-064k,block-08-064k-11,silesia-blocks,samba,data/silesia/samba,21606400,93ba07bc44d8267789c1d911992f40b089ffa2140b4a160fac11ccae9a40e7b2,65536,11337728,65536,a62b7978523850ed0be460aeb20e0d14286b02637156db115b0574ea0556ced6,98882b86bca31a4f
block-08-064k,block-08-064k-12,silesia-blocks,samba,data/silesia/samba,21606400,93ba07bc44d8267789c1d911992f40b089ffa2140b4a160fac11ccae9a40e7b2,65536,12451840,65536,64b5249d215d91720f618672751e80ca644306815e5ab6f7428e69f9f755a69c,9603445e5ebaeb8a
block-08-064k,block-08-064k-13,silesia-blocks,samba,data/silesia/samba,21606400,93ba07bc44d8267789c1d911992f40b089ffa2140b4a160fac11ccae9a40e7b2,65536,13565952,65536,bdbf5d53f682902088325d2a07f46dbfe285e9b50eea125726df34c922f016e1,c5cda9f376935e5e
block-08-064k,block-08-064k-14,silesia-blocks,samba,data/silesia/samba,21606400,93ba07bc44d8267789c1d911992f40b089ffa2140b4a160fac11ccae9a40e7b2,65536,14745600,65536,dd5817be577eb2f076b367df993ddcc50739f88a8a3c15d05c7157d65e974f4c,423257f66e5c9587
block-08-064k,block-08-064k-15,silesia-blocks,samba,data/silesia/samba,21606400,93ba07bc44d8267789c1d911992f40b089ffa2140b4a160fac11ccae9a40e7b2,65536,15859712,65536,ce1d9d5707e42852e4519ec6b223dfb690cba223b056b574a53b9beb09d7ff57,535053d973d7532a
block-08-064k,block-08-064k-16,silesia-blocks,samba,data/silesia/samba,21606400,93ba07bc44d8267789c1d911992f40b089ffa2140b4a160fac11ccae9a40e7b2,65536,16973824,65536,df200c774613ae74e780588f50db47eeec722defb1c42f06d13c5fcdabf76c06,fafd1a399f7160f4
block-08-064k,block-08-064k-17,silesia-blocks,samba,data/silesia/samba,21606400,93ba07bc44d8267789c1d911992f40b089ffa2140b4a160fac11ccae9a40e7b2,65536,18153472,65536,9f6e918d0ce642b14e40e2c2a0cf02fb2098294a50226f7ec68505667a2804f7,19615267d6b49a4e
block-08-064k,block-08-064k-18,silesia-blocks,samba,data/silesia/samba,21606400,93ba07bc44d8267789c1d911992f40b089ffa2140b4a160fac11ccae9a40e7b2,65536,19267584,65536,cd6c012a19a3d572eab5170d3016c0c870ecde6b848d247bec4a644ec03ecaef,0eaa22e676b72432
block-08-064k,block-08-064k-19,silesia-blocks,samba,data/silesia/samba,21606400,93ba07bc44d8267789c1d911992f40b089ffa2140b4a160fac11ccae9a40e7b2,65536,20381696,65536,b260dd4e58daf97a0bfb1c1b16ac52f7fcc10ed443d4347627421ea5052e44d8,be0da28b30f20b93
block-08-064k,block-08-064k-20,silesia-blocks,samba,data/silesia/samba,21606400,93ba07bc44d8267789c1d911992f40b089ffa2140b4a160fac11ccae9a40e7b2,65536,21561344,45056,55ea0555622ee0e959b1b0c5407dc7380dfedd0a38957d6b084fafb7f96fed90,d5991ffe8d3873f6
block-08-256k,block-08-256k-01,silesia-blocks,samba,data/silesia/samba,21606400,93ba07bc44d8267789c1d911992f40b089ffa2140b4a160fac11ccae9a40e7b2,262144,0,262144,21c5e99f13f8cac5e099fa4c8898831d3929b068e35cae2f1a4fa424f9804d7b,b6312688a4a80692
block-08-256k,block-08-256k-02,silesia-blocks,samba,data/silesia/samba,21606400,93ba07bc44d8267789c1d911992f40b089ffa2140b4a160fac11ccae9a40e7b2,262144,1048576,262144,003fd822bd75c783010230bf793fed04093fadcc371de692cbca759a67ded409,b18d9d9e55e165cd
block-08-256k,block-08-256k-03,silesia-blocks,samba,data/silesia/samba,21606400,93ba07bc44d8267789c1d911992f40b089ffa2140b4a160fac11ccae9a40e7b2,262144,2097152,262144,eb13dd20152ac4c4aef14ea98c6c3c8cd93ff107a84bf2e6e818c2df1a1075fc,f248f21c4a6278fe
block-08-256k,block-08-256k-04,silesia-blocks,samba,data/silesia/samba,21606400,93ba07bc44d8267789c1d911992f40b089ffa2140b4a160fac11ccae9a40e7b2,262144,3145728,262144,9cc6c90f106836e238b8fffbae38f2d8443c689d9c20fe98f6b21a71d79497a7,1580b97049556719
block-08-256k,block-08-256k-05,silesia-blocks,samba,data/silesia/samba,21606400,93ba07bc44d8267789c1d911992f40b089ffa2140b4a160fac11ccae9a40e7b2,262144,4456448,262144,e02855c6539306d2b5431b24cbb5e779174706da16d8dcb53abd15195bb2597b,5c87628ea3f888cd
block-08-256k,block-08-256k-06,silesia-blocks,samba,data/silesia/samba,21606400,93ba07bc44d8267789c1d911992f40b089ffa2140b4a160fac11ccae9a40e7b2,262144,5505024,262144,ddee93abc5cb15bd6f106f05cd313b19d86feb216449b8b21ad1833ff45b68b6,4d5bedd1b330f78f
block-08-256k,block-08-256k-07,silesia-blocks,samba,data/silesia/samba,21606400,93ba07bc44d8267789c1d911992f40b089ffa2140b4a160fac11ccae9a40e7b2,262144,6553600,262144,d2ab97d9233da212302ec4e35eb2a6871d5f50ed78a6ee682e00cb9159bf666d,24dff2ac9c0054ca
block-08-256k,block-08-256k-08,silesia-blocks,samba,data/silesia/samba,21606400,93ba07bc44d8267789c1d911992f40b089ffa2140b4a160fac11ccae9a40e7b2,262144,7864320,262144,6edcc478176fa87a009854fdcd6c4b982c0ec801f8e730c7b488d7e7125168d4,e8663050276473c0
block-08-256k,block-08-256k-09,silesia-blocks,samba,data/silesia/samba,21606400,93ba07bc44d8267789c1d911992f40b089ffa2140b4a160fac11ccae9a40e7b2,262144,8912896,262144,d0fdbaa308322dc29b828de27f6143f3333e8311a645faf3e70b39f5449365ec,1d3a58f27bd2101c
block-08-256k,block-08-256k-10,silesia-blocks,samba,data/silesia/samba,21606400,93ba07bc44d8267789c1d911992f40b089ffa2140b4a160fac11ccae9a40e7b2,262144,9961472,262144,fe25f9e8e2ae6fae5749e65178df967a2ddd780977d2501985235f7cc7bf3630,0a9d6d3c4925f2d8
block-08-256k,block-08-256k-11,silesia-blocks,samba,data/silesia/samba,21606400,93ba07bc44d8267789c1d911992f40b089ffa2140b4a160fac11ccae9a40e7b2,262144,11272192,262144,c8fc2ee8cdd1bb0bf122ac7fa4cd35e2514b4c847dc42115d8b9d3ca830ae685,a580d16e1074dd22
block-08-256k,block-08-256k-12,silesia-blocks,samba,data/silesia/samba,21606400,93ba07bc44d8267789c1d911992f40b089ffa2140b4a160fac11ccae9a40e7b2,262144,12320768,262144,616ab6124e08d1b51587f9ab3bc40615d978860eb2f6de88de490c9bd18595c1,2ed41f7d2e2c979f
block-08-256k,block-08-256k-13,silesia-blocks,samba,data/silesia/samba,21606400,93ba07bc44d8267789c1d911992f40b089ffa2140b4a160fac11ccae9a40e7b2,262144,13369344,262144,53fe3aa164ea269b5d553091cddeb784ffa264b18e80b1649f85ba7ca50dc68e,263aefc8f7923302
block-08-256k,block-08-256k-14,silesia-blocks,samba,data/silesia/samba,21606400,93ba07bc44d8267789c1d911992f40b089ffa2140b4a160fac11ccae9a40e7b2,262144,14680064,262144,ffab400c7cf5089310ee049762c1a682c20ea1eec3f9e28530d3011e49d02dc5,894bf9a7bbcf45a2
block-08-256k,block-08-256k-15,silesia-blocks,samba,data/silesia/samba,21606400,93ba07bc44d8267789c1d911992f40b089ffa2140b4a160fac11ccae9a40e7b2,262144,15728640,262144,2683c158a665fec3a194d916853bd3ba06639e232ff53ad133151a7c88d57477,535ce7e31d0f2e36
block-08-256k,block-08-256k-16,silesia-blocks,samba,data/silesia/samba,21606400,93ba07bc44d8267789c1d911992f40b089ffa2140b4a160fac11ccae9a40e7b2,262144,16777216,262144,88b9b8aab63161bef3616cf22bafb4d0789e91b7a34628ff81009f72f90e16ba,65b5ac4b9cf27cad
block-08-256k,block-08-256k-17,silesia-blocks,samba,data/silesia/samba,21606400,93ba07bc44d8267789c1d911992f40b089ffa2140b4a160fac11ccae9a40e7b2,262144,18087936,262144,cf2441883bf8041a1e685dc52455237dc92e26cfdbf36d7ebd2f8150485ff2fe,9f465a6f96e1f180
block-08-256k,block-08-256k-18,silesia-blocks,samba,data/silesia/samba,21606400,93ba07bc44d8267789c1d911992f40b089ffa2140b4a160fac11ccae9a40e7b2,262144,19136512,262144,dec331c92787aee48917b8ae3b8b050f4bc89f17a057ab739f0dbe9d12ac2d05,da99edbd4cd7b882
block-08-256k,block-08-256k-19,silesia-blocks,samba,data/silesia/samba,21606400,93ba07bc44d8267789c1d911992f40b089ffa2140b4a160fac11ccae9a40e7b2,262144,20185088,262144,73ccfc9b244886daeac6af81a501476f03a924fce2d07666fb2f7e3e3bf0613e,4e084a2638195009
block-08-256k,block-08-256k-20,silesia-blocks,samba,data/silesia/samba,21606400,93ba07bc44d8267789c1d911992f40b089ffa2140b4a160fac11ccae9a40e7b2,262144,21495808,110592,f9ff1b35d772af74d390d091444f9ee88b39e6496b591f92e3cd0592d6532983,78a11efa5569e782
block-09-016k,block-09-016k-01,silesia-blocks,sao,data/silesia/sao,7251944,c2d0ea2cc59d4c21b7fe43a71499342a00cbe530a1d5548770e91ecd6214adcc,16384,0,16384,87fc2512664a93d8fcae73c6acd7677095cd4ee028cc9af8a74a8bda0263ab9e,de5efe52c017c9f7
block-09-016k,block-09-016k-02,silesia-blocks,sao,data/silesia/sao,7251944,c2d0ea2cc59d4c21b7fe43a71499342a00cbe530a1d5548770e91ecd6214adcc,16384,376832,16384,10c0dff8a14792b3290965041a9057cee5dea782475101d1f2a0e7c18438d237,4e140d8d81ced5bc
block-09-016k,block-09-016k-03,silesia-blocks,sao,data/silesia/sao,7251944,c2d0ea2cc59d4c21b7fe43a71499342a00cbe530a1d5548770e91ecd6214adcc,16384,753664,16384,d863721f80db1b33fd7becb378c09ab8de4ce1e01b389ca686aa4ca13a589927,c61217deaf828830
block-09-016k,block-09-016k-04,silesia-blocks,sao,data/silesia/sao,7251944,c2d0ea2cc59d4c21b7fe43a71499342a00cbe530a1d5548770e91ecd6214adcc,16384,1130496,16384,411f0f763abc74cae6b7d40c4a5f82b585542c7b8a4a48c60ec55b25485ae84d,e652c65884464c01
block-09-016k,block-09-016k-05,silesia-blocks,sao,data/silesia/sao,7251944,c2d0ea2cc59d4c21b7fe43a71499342a00cbe530a1d5548770e91ecd6214adcc,16384,1523712,16384,675d9d049da51e8811a532276fa17138d35024c833c983f6528d098becdce68e,27382bfe229ad5b4
block-09-016k,block-09-016k-06,silesia-blocks,sao,data/silesia/sao,7251944,c2d0ea2cc59d4c21b7fe43a71499342a00cbe530a1d5548770e91ecd6214adcc,16384,1900544,16384,56bd851e7a1406695b0914878a6eca981bd03896136914d651d7ee00d15fe37e,bd341aef7a8f30f6
block-09-016k,block-09-016k-07,silesia-blocks,sao,data/silesia/sao,7251944,c2d0ea2cc59d4c21b7fe43a71499342a00cbe530a1d5548770e91ecd6214adcc,16384,2277376,16384,5daf48ca044c0349ed7d2061dd193c420281e1e12ee71e4f77d77e397b8204a0,a3204cc32cc337cc
block-09-016k,block-09-016k-08,silesia-blocks,sao,data/silesia/sao,7251944,c2d0ea2cc59d4c21b7fe43a71499342a00cbe530a1d5548770e91ecd6214adcc,16384,2654208,16384,a9033a0d682bfa5baf2d68b895508fd56a1932b5e563ed9045beb5dc92158938,cf24ea4d7db4bc79
block-09-016k,block-09-016k-09,silesia-blocks,sao,data/silesia/sao,7251944,c2d0ea2cc59d4c21b7fe43a71499342a00cbe530a1d5548770e91ecd6214adcc,16384,3047424,16384,db264ab69bec627809ea59252f073e64cb02d25ecbb43bdf7f2f8eeeb98ffe96,b6b80122efa9061a
block-09-016k,block-09-016k-10,silesia-blocks,sao,data/silesia/sao,7251944,c2d0ea2cc59d4c21b7fe43a71499342a00cbe530a1d5548770e91ecd6214adcc,16384,3424256,16384,37c2b24582fe0db98e5f28fc0017f5f5999f5fc2623e79db50653129488e488a,47e40545d101a002
block-09-016k,block-09-016k-11,silesia-blocks,sao,data/silesia/sao,7251944,c2d0ea2cc59d4c21b7fe43a71499342a00cbe530a1d5548770e91ecd6214adcc,16384,3801088,16384,348ba42241d2c0ee2dd96b74a46600d8647a9ea9c98e7314132c97f076601578,149a94c58fce119f
block-09-016k,block-09-016k-12,silesia-blocks,sao,data/silesia/sao,7251944,c2d0ea2cc59d4c21b7fe43a71499342a00cbe530a1d5548770e91ecd6214adcc,16384,4177920,16384,d295969bdff6b6ac06feb169c121f170c71ed67fa53a29b791924b8cf428156b,67f35ab9add71a1e
block-09-016k,block-09-016k-13,silesia-blocks,sao,data/silesia/sao,7251944,c2d0ea2cc59d4c21b7fe43a71499342a00cbe530a1d5548770e91ecd6214adcc,16384,4571136,16384,96ef621e86fb7e52de37faa44ba96dc736bbe118378264bae0c7334c4e7f5275,6b5bf63d2ef78e91
block-09-016k,block-09-016k-14,silesia-blocks,sao,data/silesia/sao,7251944,c2d0ea2cc59d4c21b7fe43a71499342a00cbe530a1d5548770e91ecd6214adcc,16384,4947968,16384,ba050aa266ac4277fe242a224351ef83ea4da9525a7e9d23bb71f180f349deef,9c02062103ff92c2
block-09-016k,block-09-016k-15,silesia-blocks,sao,data/silesia/sao,7251944,c2d0ea2cc59d4c21b7fe43a71499342a00cbe530a1d5548770e91ecd6214adcc,16384,5324800,16384,63a6f18005451dad0ecc853a78a7737a4ebe48df5fe6767735ce41cf95d80b7d,c3fa5f43337e78e9
block-09-016k,block-09-016k-16,silesia-blocks,sao,data/silesia/sao,7251944,c2d0ea2cc59d4c21b7fe43a71499342a00cbe530a1d5548770e91ecd6214adcc,16384,5701632,16384,88ebe3fa3029071a9e8ee243abc2c5fc3df88a94015f74a512497fbc625be9d7,c7e01ed5ff356132
block-09-016k,block-09-016k-17,silesia-blocks,sao,data/silesia/sao,7251944,c2d0ea2cc59d4c21b7fe43a71499342a00cbe530a1d5548770e91ecd6214adcc,16384,6094848,16384,1cca2299c09b4f699b70b82684c5ae2a2bdea5879d8b893e6d7dc676531763bc,3c239890030bdc17
block-09-016k,block-09-016k-18,silesia-blocks,sao,data/silesia/sao,7251944,c2d0ea2cc59d4c21b7fe43a71499342a00cbe530a1d5548770e91ecd6214adcc,16384,6471680,16384,d4c3d4bafd715dcb05693aeb516950455d8071df06878f23234452dd4a6181c1,882fd2d80b072400
block-09-016k,block-09-016k-19,silesia-blocks,sao,data/silesia/sao,7251944,c2d0ea2cc59d4c21b7fe43a71499342a00cbe530a1d5548770e91ecd6214adcc,16384,6848512,16384,29084860249fe0623dde97f236ebcd10d1d8743a409e7b2e01c1a511d132e7ae,827ce9e58705e673
block-09-016k,block-09-016k-20,silesia-blocks,sao,data/silesia/sao,7251944,c2d0ea2cc59d4c21b7fe43a71499342a00cbe530a1d5548770e91ecd6214adcc,16384,7241728,10216,efac75408d62c4bc8fa1abcf1fcc0bfac3471929e64cf1925f18dfc997994493,39e52a4b407a886c
block-09-064k,block-09-064k-01,silesia-blocks,sao,data/silesia/sao,7251944,c2d0ea2cc59d4c21b7fe43a71499342a00cbe530a1d5548770e91ecd6214adcc,65536,0,65536,17cbd7166a47786139f60ba33b4e771ce0154f6fa56986883d129bc23f78ebee,191dca1e17dd0069
block-09-064k,block-09-064k-02,silesia-blocks,sao,data/silesia/sao,7251944,c2d0ea2cc59d4c21b7fe43a71499342a00cbe530a1d5548770e91ecd6214adcc,65536,327680,65536,0a5a9bb46a2f70c68e118c75df23c59d4265a80163ae92bece26ed4540450cbd,b50be984b6b75b82
block-09-064k,block-09-064k-03,silesia-blocks,sao,data/silesia/sao,7251944,c2d0ea2cc59d4c21b7fe43a71499342a00cbe530a1d5548770e91ecd6214adcc,65536,720896,65536,5411d696a2889cd0a55fb8aafedae54ebfc6f852eba6dc75e22e09961d2e252b,2ff7bfb7ca7d12e9
block-09-064k,block-09-064k-04,silesia-blocks,sao,data/silesia/sao,7251944,c2d0ea2cc59d4c21b7fe43a71499342a00cbe530a1d5548770e91ecd6214adcc,65536,1114112,65536,535632cc6599d1a548939bc4dbc5907729eb2e7a5dde3c6ff2a2fdea08347b89,11be2f23c1779707
block-09-064k,block-09-064k-05,silesia-blocks,sao,data/silesia/sao,7251944,c2d0ea2cc59d4c21b7fe43a71499342a00cbe530a1d5548770e91ecd6214adcc,65536,1507328,65536,4a28e677ef3200581d5f5cd114d9712dea3ebc7e2a719b2cbe68570e3849432a,00e8eceaf77b780a
block-09-064k,block-09-064k-06,silesia-blocks,sao,data/silesia/sao,7251944,c2d0ea2cc59d4c21b7fe43a71499342a00cbe530a1d5548770e91ecd6214adcc,65536,1835008,65536,9e4ff3ff9d768a42c400cb107d59b7ac6389f7359d766ccf0873fe0cb4f0d295,4c3e1feb8329be58
block-09-064k,block-09-064k-07,silesia-blocks,sao,data/silesia/sao,7251944,c2d0ea2cc59d4c21b7fe43a71499342a00cbe530a1d5548770e91ecd6214adcc,65536,2228224,65536,207544ac5f7f4ee87d90f33ef9f0c629fbf333b94951cb9f547a3bd0c2e40129,f2dfa2dc6c72a07d
block-09-064k,block-09-064k-08,silesia-blocks,sao,data/silesia/sao,7251944,c2d0ea2cc59d4c21b7fe43a71499342a00cbe530a1d5548770e91ecd6214adcc,65536,2621440,65536,cc07f2cfd9e1fa09a70e73eab196254a710a63778866064adbe0d031b02664b6,6a43dae06ee33de7
block-09-064k,block-09-064k-09,silesia-blocks,sao,data/silesia/sao,7251944,c2d0ea2cc59d4c21b7fe43a71499342a00cbe530a1d5548770e91ecd6214adcc,65536,3014656,65536,c07c96cb70419a914a61e1e00949f699941a653c2b37a8a91adf109ed15c7c54,d31767a1128796f6
block-09-064k,block-09-064k-10,silesia-blocks,sao,data/silesia/sao,7251944,c2d0ea2cc59d4c21b7fe43a71499342a00cbe530a1d5548770e91ecd6214adcc,65536,3407872,65536,ccec13f11b9df6c5fa653e4b4123cb9825d9f768059c0f385310e30cfcfa668e,4283e7105b07f0c5
block-09-064k,block-09-064k-11,silesia-blocks,sao,data/silesia/sao,7251944,c2d0ea2cc59d4c21b7fe43a71499342a00cbe530a1d5548770e91ecd6214adcc,65536,3735552,65536,6a9372dd73224933269a71ef890d50ba60694648a4348a92c40aa047d4c54b4b,e7c2952b886de18f
block-09-064k,block-09-064k-12,silesia-blocks,sao,data/silesia/sao,7251944,c2d0ea2cc59d4c21b7fe43a71499342a00cbe530a1d5548770e91ecd6214adcc,65536,4128768,65536,dada8c4774edf250183cb58ad23fd499c35788a6155e4e17fdb2f74681be9662,dece696f0b23d534
block-09-064k,block-09-064k-13,silesia-blocks,sao,data/silesia/sao,7251944,c2d0ea2cc59d4c21b7fe43a71499342a00cbe530a1d5548770e91ecd6214adcc,65536,4521984,65536,933cfa48e3a0e9f9733dd87af75fe9cada031b1cfdc77a1a89c17ded034efdb6,c856485c1a8cb676
block-09-064k,block-09-064k-14,silesia-blocks,sao,data/silesia/sao,7251944,c2d0ea2cc59d4c21b7fe43a71499342a00cbe530a1d5548770e91ecd6214adcc,65536,4915200,65536,e5999fe4e658f0424d16e17343df9849be8a070763f27a42049131c2cd0c85f7,8f2cdeb0f7818026
block-09-064k,block-09-064k-15,silesia-blocks,sao,data/silesia/sao,7251944,c2d0ea2cc59d4c21b7fe43a71499342a00cbe530a1d5548770e91ecd6214adcc,65536,5308416,65536,15fac22bebcb8521302a6803780afc51bb9a1eb332fbbb993c0cbfaa71253f6c,12c58dd4cc83c255
block-09-064k,block-09-064k-16,silesia-blocks,sao,data/silesia/sao,7251944,c2d0ea2cc59d4c21b7fe43a71499342a00cbe530a1d5548770e91ecd6214adcc,65536,5636096,65536,8470d079c6703698b886b487ffb31bdfd03791f939f96d479e3e818450db6970,0ab6e08c92310432
block-09-064k,block-09-064k-17,silesia-blocks,sao,data/silesia/sao,7251944,c2d0ea2cc59d4c21b7fe43a71499342a00cbe530a1d5548770e91ecd6214adcc,65536,6029312,65536,a98c80f598f4abbba5eb6c01337735c7449bc1beab1ae1b83eb00e225cfa64ce,84777325c992298a
block-09-064k,block-09-064k-18,silesia-blocks,sao,data/silesia/sao,7251944,c2d0ea2cc59d4c21b7fe43a71499342a00cbe530a1d5548770e91ecd6214adcc,65536,6422528,65536,35ab3772b4a295d07f6cead27d31f8731650d358faf5eb4dde470a24527d44f2,9b927195fec35b00
block-09-064k,block-09-064k-19,silesia-blocks,sao,data/silesia/sao,7251944,c2d0ea2cc59d4c21b7fe43a71499342a00cbe530a1d5548770e91ecd6214adcc,65536,6815744,65536,c6a54667c651e05aec02a7f50920284d02c4b29cbde6ee7fba6f6e03bd0036aa,a273a8e8fb4eecb9
block-09-064k,block-09-064k-20,silesia-blocks,sao,data/silesia/sao,7251944,c2d0ea2cc59d4c21b7fe43a71499342a00cbe530a1d5548770e91ecd6214adcc,65536,7208960,42984,4b05b6ea945a5e7c4bfc1ab7eba22a5e6d083e3b08dd547f2d967310babacbaa,9767ca248cd696e5
block-09-256k,block-09-256k-01,silesia-blocks,sao,data/silesia/sao,7251944,c2d0ea2cc59d4c21b7fe43a71499342a00cbe530a1d5548770e91ecd6214adcc,262144,0,262144,2e897282e031856af823048d977bddaf54869d43dea72ba544bec003d353db3a,6559f33d0afb0629
block-09-256k,block-09-256k-02,silesia-blocks,sao,data/silesia/sao,7251944,c2d0ea2cc59d4c21b7fe43a71499342a00cbe530a1d5548770e91ecd6214adcc,262144,262144,262144,87fd2cdeec9ffef9224a9e412204f9affe39b6b20b5e65a35d801ae7a4ac8f1c,1d8c9c56c292966b
block-09-256k,block-09-256k-03,silesia-blocks,sao,data/silesia/sao,7251944,c2d0ea2cc59d4c21b7fe43a71499342a00cbe530a1d5548770e91ecd6214adcc,262144,524288,262144,b70ff50bd35af636ee1e64dea3293555fb1685ca85929995db7c0802996e1a9b,bbab212c9bc78976
block-09-256k,block-09-256k-04,silesia-blocks,sao,data/silesia/sao,7251944,c2d0ea2cc59d4c21b7fe43a71499342a00cbe530a1d5548770e91ecd6214adcc,262144,1048576,262144,8aa1ed7073f8feb199b3bf866cc3fcd30543e5e6c9da8a4c7399f1c84820d419,3cf6665cfc3e4984
block-09-256k,block-09-256k-05,silesia-blocks,sao,data/silesia/sao,7251944,c2d0ea2cc59d4c21b7fe43a71499342a00cbe530a1d5548770e91ecd6214adcc,262144,1310720,262144,c8b22d3cc4421dcaba91a4edf1e0d3c755ecb8162aa3626e175e2bb3149419f1,c9bebe5e82bc4c0b
block-09-256k,block-09-256k-06,silesia-blocks,sao,data/silesia/sao,7251944,c2d0ea2cc59d4c21b7fe43a71499342a00cbe530a1d5548770e91ecd6214adcc,262144,1835008,262144,1830728bdff1329830b5907169fa084565fdb7ae22fc03762ebf5c0152487477,81f1062474b9ed6b
block-09-256k,block-09-256k-07,silesia-blocks,sao,data/silesia/sao,7251944,c2d0ea2cc59d4c21b7fe43a71499342a00cbe530a1d5548770e91ecd6214adcc,262144,2097152,262144,8cc4eece2a7850e0786b3ae25620156ae38a093c0be777058e9364c7238c562f,b9104ac68c928f6c
block-09-256k,block-09-256k-08,silesia-blocks,sao,data/silesia/sao,7251944,c2d0ea2cc59d4c21b7fe43a71499342a00cbe530a1d5548770e91ecd6214adcc,262144,2359296,262144,c1058d2fb951d42de37992ade54868d29608ea96d4def8e02b9db6fac64bbbad,75e27957be1b039c
block-09-256k,block-09-256k-09,silesia-blocks,sao,data/silesia/sao,7251944,c2d0ea2cc59d4c21b7fe43a71499342a00cbe530a1d5548770e91ecd6214adcc,262144,2883584,262144,9697dbe4fc01fb6dcd6d48d931f87d867d8c1e42c8f69448c3aa05b3910641b4,6997a018e37b7330
block-09-256k,block-09-256k-10,silesia-blocks,sao,data/silesia/sao,7251944,c2d0ea2cc59d4c21b7fe43a71499342a00cbe530a1d5548770e91ecd6214adcc,262144,3145728,262144,da8e577e9079f5d2574946eb2f1d5d9c699e464197bb011a131341a166d3c206,ec8841008af01e69
block-09-256k,block-09-256k-11,silesia-blocks,sao,data/silesia/sao,7251944,c2d0ea2cc59d4c21b7fe43a71499342a00cbe530a1d5548770e91ecd6214adcc,262144,3670016,262144,397e3b8fe39baf1f28ca1234b26292c04e54e13bdb1feaa9c58bbb9bb4b9db5c,809070b55fe89d71
block-09-256k,block-09-256k-12,silesia-blocks,sao,data/silesia/sao,7251944,c2d0ea2cc59d4c21b7fe43a71499342a00cbe530a1d5548770e91ecd6214adcc,262144,3932160,262144,f3731b0c731b4071e67112d6667320978b70e4c14e840c8abc2049edfd331c37,b9e44ec6c840daef
block-09-256k,block-09-256k-13,silesia-blocks,sao,data/silesia/sao,7251944,c2d0ea2cc59d4c21b7fe43a71499342a00cbe530a1d5548770e91ecd6214adcc,262144,4456448,262144,10852d45e9d453ad9bcb6fde680e5c9a40117ed6831c6f90ebfda4d5e16c8b06,341d2e2e6bb9caaa
block-09-256k,block-09-256k-14,silesia-blocks,sao,data/silesia/sao,7251944,c2d0ea2cc59d4c21b7fe43a71499342a00cbe530a1d5548770e91ecd6214adcc,262144,4718592,262144,635f6c94cb3129e719b0bc014d1c82a6a431270afb41e7272d2ccefac6721f7e,fada9d882718bc3b
block-09-256k,block-09-256k-15,silesia-blocks,sao,data/silesia/sao,7251944,c2d0ea2cc59d4c21b7fe43a71499342a00cbe530a1d5548770e91ecd6214adcc,262144,4980736,262144,03a163709e4ae481d944f442e2f482ab933f9d2095dc3e1d33aa05ad0515279c,2961abb971b8ed75
block-09-256k,block-09-256k-16,silesia-blocks,sao,data/silesia/sao,7251944,c2d0ea2cc59d4c21b7fe43a71499342a00cbe530a1d5548770e91ecd6214adcc,262144,5505024,262144,e0ee4057383b0b0cb05a3116083d79aa609e0aa0acdd77e6215d22b658908e95,46bb8e8c330c9397
block-09-256k,block-09-256k-17,silesia-blocks,sao,data/silesia/sao,7251944,c2d0ea2cc59d4c21b7fe43a71499342a00cbe530a1d5548770e91ecd6214adcc,262144,5767168,262144,b50d5c0fdc0f8d49e3bef7ba3306875b22ea3b4f143f587315c84aadb2addede,961f7308a537d445
block-09-256k,block-09-256k-18,silesia-blocks,sao,data/silesia/sao,7251944,c2d0ea2cc59d4c21b7fe43a71499342a00cbe530a1d5548770e91ecd6214adcc,262144,6291456,262144,a7c25719753d564197d81ee338077caabcea060ac5846cc20680dbbd6258d9f3,c87286e4e1f70b29
block-09-256k,block-09-256k-19,silesia-blocks,sao,data/silesia/sao,7251944,c2d0ea2cc59d4c21b7fe43a71499342a00cbe530a1d5548770e91ecd6214adcc,262144,6553600,262144,6620c7087af7131402fb00939781dd07c2ea4212709b280140a6b4b37906545a,27f76c20b27a57a9
block-09-256k,block-09-256k-20,silesia-blocks,sao,data/silesia/sao,7251944,c2d0ea2cc59d4c21b7fe43a71499342a00cbe530a1d5548770e91ecd6214adcc,262144,7077888,174056,65429ffb76501f2ee2e3e44a5ef91473a8185b01c9d4256b9b8268a77f6d5f30,b5fab177e1eba2b5
block-10-016k,block-10-016k-01,silesia-blocks,webster,data/silesia/webster,41458703,6a68f69b26daf09f9dd84f7470368553194a0b294fcfa80f1604efb11143a383,16384,0,16384,a483d242ad86dedad4025c937f50d26e484a349e0dd3e9596b0cb8d0ba27281e,0b72f73c30cc2ed0
block-10-016k,block-10-016k-02,silesia-blocks,webster,data/silesia/webster,41458703,6a68f69b26daf09f9dd84f7470368553194a0b294fcfa80f1604efb11143a383,16384,2179072,16384,2031d517fa4d39da0a15dba58eaca063c270751c39a4bd0008a375c8925bb522,1eaf6374759ba8c1
block-10-016k,block-10-016k-03,silesia-blocks,webster,data/silesia/webster,41458703,6a68f69b26daf09f9dd84f7470368553194a0b294fcfa80f1604efb11143a383,16384,4358144,16384,81beee4deb50463047b930a7773693c614904f7d88834b23e18def087eb98df6,318ab701de6b3c6f
block-10-016k,block-10-016k-04,silesia-blocks,webster,data/silesia/webster,41458703,6a68f69b26daf09f9dd84f7470368553194a0b294fcfa80f1604efb11143a383,16384,6537216,16384,d10f2e1c0e0965cdbfdb840a694003a91db6c7b144e3c083aac10cb5c13c3890,f6ad6c054b7c326a
block-10-016k,block-10-016k-05,silesia-blocks,webster,data/silesia/webster,41458703,6a68f69b26daf09f9dd84f7470368553194a0b294fcfa80f1604efb11143a383,16384,8716288,16384,18c0b0bf3f5b0db5b5c79d2a32ae3f181633b61108d3a0351247868cecb18ffb,9989425b723d4f2a
block-10-016k,block-10-016k-06,silesia-blocks,webster,data/silesia/webster,41458703,6a68f69b26daf09f9dd84f7470368553194a0b294fcfa80f1604efb11143a383,16384,10895360,16384,04c4bf775d9c4134523b4d28249b60ab500dc75a08e2d8cd7f7c31280cab328b,63b66c1543284ac9
block-10-016k,block-10-016k-07,silesia-blocks,webster,data/silesia/webster,41458703,6a68f69b26daf09f9dd84f7470368553194a0b294fcfa80f1604efb11143a383,16384,13074432,16384,737bb45f5090110898ecffbc07a15376d48c07ea5e41468c56cc5a43146244f4,b08220a8d0f72d54
block-10-016k,block-10-016k-08,silesia-blocks,webster,data/silesia/webster,41458703,6a68f69b26daf09f9dd84f7470368553194a0b294fcfa80f1604efb11143a383,16384,15269888,16384,41fda48774b18859747af27df149f7f5dfa3aaaa26622fd98147c44d52cec381,5883574b2bf638a2
block-10-016k,block-10-016k-09,silesia-blocks,webster,data/silesia/webster,41458703,6a68f69b26daf09f9dd84f7470368553194a0b294fcfa80f1604efb11143a383,16384,17448960,16384,84fabc2d9d624d4febc993a5204b1ace39d169ded85f266773fd094a9696898a,51b88bf8703ec59d
block-10-016k,block-10-016k-10,silesia-blocks,webster,data/silesia/webster,41458703,6a68f69b26daf09f9dd84f7470368553194a0b294fcfa80f1604efb11143a383,16384,19628032,16384,a7851226d77a5640d6a41b8794f77747b677d2e3342bc8407657cd5406136d12,9540ff2827552aac
block-10-016k,block-10-016k-11,silesia-blocks,webster,data/silesia/webster,41458703,6a68f69b26daf09f9dd84f7470368553194a0b294fcfa80f1604efb11143a383,16384,21807104,16384,7a979787ae1396069276d1878aa86d07ec15c1761e2075e57bc802941004c39a,dd4e858123ce295c
block-10-016k,block-10-016k-12,silesia-blocks,webster,data/silesia/webster,41458703,6a68f69b26daf09f9dd84f7470368553194a0b294fcfa80f1604efb11143a383,16384,23986176,16384,e18307b72d5d9648fff814933252493a0e8da246c812c41e4c629ca75647fcaa,6244ef7e317b2b27
block-10-016k,block-10-016k-13,silesia-blocks,webster,data/silesia/webster,41458703,6a68f69b26daf09f9dd84f7470368553194a0b294fcfa80f1604efb11143a383,16384,26165248,16384,86f91d90653f2f2d090e2f64ed1f5c1daa2cc9f60699ec37197f217639d9429e,5299cbb981c0337d
block-10-016k,block-10-016k-14,silesia-blocks,webster,data/silesia/webster,41458703,6a68f69b26daf09f9dd84f7470368553194a0b294fcfa80f1604efb11143a383,16384,28360704,16384,c58f42fcc151a1ff516b593094b38b53a3105a0f6d701b091037b61633991d06,5aaa188941fe0660
block-10-016k,block-10-016k-15,silesia-blocks,webster,data/silesia/webster,41458703,6a68f69b26daf09f9dd84f7470368553194a0b294fcfa80f1604efb11143a383,16384,30539776,16384,5e881152937f271d51da016cb4f3b30a6676d28fa28c819399a4854b8db0ec50,a29a0b1784c0e2ea
block-10-016k,block-10-016k-16,silesia-blocks,webster,data/silesia/webster,41458703,6a68f69b26daf09f9dd84f7470368553194a0b294fcfa80f1604efb11143a383,16384,32718848,16384,e222a36d68c3c32492e18a943ef239af8a2a65e3d50e6c4cef5af7ebf694a493,6e711e309be61726
block-10-016k,block-10-016k-17,silesia-blocks,webster,data/silesia/webster,41458703,6a68f69b26daf09f9dd84f7470368553194a0b294fcfa80f1604efb11143a383,16384,34897920,16384,bde1aaba5c8a97ce3b4f0a1e19b86eb040a18a5d59c6c7686719163a5f0ccdea,dfc6cc8895bfd592
block-10-016k,block-10-016k-18,silesia-blocks,webster,data/silesia/webster,41458703,6a68f69b26daf09f9dd84f7470368553194a0b294fcfa80f1604efb11143a383,16384,37076992,16384,545c5bdf0dd3a765ab4409f85bf59d78b8e619a9b5da30fd2cd6e27504a92f3b,5d1a48077ce977cc
block-10-016k,block-10-016k-19,silesia-blocks,webster,data/silesia/webster,41458703,6a68f69b26daf09f9dd84f7470368553194a0b294fcfa80f1604efb11143a383,16384,39256064,16384,4bbe60f3486875d653a851a8caae3328e9eae15ddcf99bd39cf8f14c73e56024,84401c574eb2cc43
block-10-016k,block-10-016k-20,silesia-blocks,webster,data/silesia/webster,41458703,6a68f69b26daf09f9dd84f7470368553194a0b294fcfa80f1604efb11143a383,16384,41451520,7183,5a15cce37f3751b458a1ccca0c63c37f252787d638d6f1fc5715dbc6f32155c5,6ff7012eae9d15e9
block-10-064k,block-10-064k-01,silesia-blocks,webster,data/silesia/webster,41458703,6a68f69b26daf09f9dd84f7470368553194a0b294fcfa80f1604efb11143a383,65536,0,65536,262258811321382f9e4f44d2184b6b7fed0336cf831446d8336c47d6ccc2b32e,e47b069c6d02ddd5
block-10-064k,block-10-064k-02,silesia-blocks,webster,data/silesia/webster,41458703,6a68f69b26daf09f9dd84f7470368553194a0b294fcfa80f1604efb11143a383,65536,2162688,65536,ccad64ed4cb3a19d78828015bda007d400168c6e47751cf42b7efde286f970bb,8e53afc469d615f9
block-10-064k,block-10-064k-03,silesia-blocks,webster,data/silesia/webster,41458703,6a68f69b26daf09f9dd84f7470368553194a0b294fcfa80f1604efb11143a383,65536,4325376,65536,244e4b7bd25d7e3cb6aefcdb47a9acf9421782bd3b0abe447ac795c8972903e9,02f07b1864b6b2f9
block-10-064k,block-10-064k-04,silesia-blocks,webster,data/silesia/webster,41458703,6a68f69b26daf09f9dd84f7470368553194a0b294fcfa80f1604efb11143a383,65536,6488064,65536,eb55d2e65c89fcd882b265b0a798cca001c7ffe59c83c01c9c289a95fd3abeb2,327634533f14605c
block-10-064k,block-10-064k-05,silesia-blocks,webster,data/silesia/webster,41458703,6a68f69b26daf09f9dd84f7470368553194a0b294fcfa80f1604efb11143a383,65536,8716288,65536,1e8120c49fc061b7df7b29da4ebc0ecfc82c5906ce91c9ebc0266e7c057e4acf,e1e04a9c74a17074
block-10-064k,block-10-064k-06,silesia-blocks,webster,data/silesia/webster,41458703,6a68f69b26daf09f9dd84f7470368553194a0b294fcfa80f1604efb11143a383,65536,10878976,65536,081067cbfe4d41d6d769fd7de3f72529319348109313a266b5bb14a84dea640f,42a9450ccafa2910
block-10-064k,block-10-064k-07,silesia-blocks,webster,data/silesia/webster,41458703,6a68f69b26daf09f9dd84f7470368553194a0b294fcfa80f1604efb11143a383,65536,13041664,65536,fc73454b5b2fafe4aba6a6a4d792feae4492f43ed1bde40b1970c10ea9465010,03fde8dffb65d1e8
block-10-064k,block-10-064k-08,silesia-blocks,webster,data/silesia/webster,41458703,6a68f69b26daf09f9dd84f7470368553194a0b294fcfa80f1604efb11143a383,65536,15204352,65536,04a145e495269e7526607113e15034a4d41ebd00de3180c02b73718b8e981fa5,a8ba7c9259d870d3
block-10-064k,block-10-064k-09,silesia-blocks,webster,data/silesia/webster,41458703,6a68f69b26daf09f9dd84f7470368553194a0b294fcfa80f1604efb11143a383,65536,17432576,65536,a1bf20c7d082dda3d24bb2c58e11e73c68cd4036f9d8ee3f484a112cfe8799bc,829ac337b07cc8d8
block-10-064k,block-10-064k-10,silesia-blocks,webster,data/silesia/webster,41458703,6a68f69b26daf09f9dd84f7470368553194a0b294fcfa80f1604efb11143a383,65536,19595264,65536,526c7c3068f43727e3fa121a712ca2a01576072bd88fd1bc487fd82c7fdbfa48,df8d90ed1f662315
block-10-064k,block-10-064k-11,silesia-blocks,webster,data/silesia/webster,41458703,6a68f69b26daf09f9dd84f7470368553194a0b294fcfa80f1604efb11143a383,65536,21757952,65536,0d7f7c0b1e76f9ed903804e3f83f0ab604f1bb4498aeac3eaade3b2412e4cb95,3ac1287707f275c2
block-10-064k,block-10-064k-12,silesia-blocks,webster,data/silesia/webster,41458703,6a68f69b26daf09f9dd84f7470368553194a0b294fcfa80f1604efb11143a383,65536,23920640,65536,019a0d6e353f33d0810084b6110749b3f974fdc8d90b848e8cc1db9a89e6f5db,5b6bec33236c873c
block-10-064k,block-10-064k-13,silesia-blocks,webster,data/silesia/webster,41458703,6a68f69b26daf09f9dd84f7470368553194a0b294fcfa80f1604efb11143a383,65536,26148864,65536,ee6d38e12122c423d3f689d00494496de6f632f05f698173e0a3086276f2e182,f43591c85a42a619
block-10-064k,block-10-064k-14,silesia-blocks,webster,data/silesia/webster,41458703,6a68f69b26daf09f9dd84f7470368553194a0b294fcfa80f1604efb11143a383,65536,28311552,65536,4bbfc0344800b719e6799ed7b2583164cc6c4b00ab42d3fe81fcdfaf65b79a98,abddbd538ce99f52
block-10-064k,block-10-064k-15,silesia-blocks,webster,data/silesia/webster,41458703,6a68f69b26daf09f9dd84f7470368553194a0b294fcfa80f1604efb11143a383,65536,30474240,65536,7243e1ed7a6aa2b5fde0311b9f7c15e20aca42705998b348ee3b5550dada8482,1197889d37956a91
block-10-064k,block-10-064k-16,silesia-blocks,webster,data/silesia/webster,41458703,6a68f69b26daf09f9dd84f7470368553194a0b294fcfa80f1604efb11143a383,65536,32636928,65536,8c358982f3a46ce19292e5d6fc4a7d0e84ece29010d5444e908997f4160c39f1,8f56008757439c3e
block-10-064k,block-10-064k-17,silesia-blocks,webster,data/silesia/webster,41458703,6a68f69b26daf09f9dd84f7470368553194a0b294fcfa80f1604efb11143a383,65536,34865152,65536,3fcb86e7bab678d1ae7d056b1fa8a6c3ac88ad5d077847b6a1419c2cdd07ce73,973799c950abf83c
block-10-064k,block-10-064k-18,silesia-blocks,webster,data/silesia/webster,41458703,6a68f69b26daf09f9dd84f7470368553194a0b294fcfa80f1604efb11143a383,65536,37027840,65536,77b7e3c00580d0dbcbace5ac8f6c5d607f7528cf1b27e8bd6f5ad5089e5ebb60,09d04e31180234c0
block-10-064k,block-10-064k-19,silesia-blocks,webster,data/silesia/webster,41458703,6a68f69b26daf09f9dd84f7470368553194a0b294fcfa80f1604efb11143a383,65536,39190528,65536,eaf0d4c924bdd87f030c0ad8ede3c7023093728f316760a65facc0b4cf7025e7,f6ab9497c7f44c5a
block-10-064k,block-10-064k-20,silesia-blocks,webster,data/silesia/webster,41458703,6a68f69b26daf09f9dd84f7470368553194a0b294fcfa80f1604efb11143a383,65536,41418752,39951,7118408f05d8b25c9701db2bf5be4d9817e5cc25ee75114f0abfd7c73627284b,d4c4292747847320
block-10-256k,block-10-256k-01,silesia-blocks,webster,data/silesia/webster,41458703,6a68f69b26daf09f9dd84f7470368553194a0b294fcfa80f1604efb11143a383,262144,0,262144,357ddb5945737ae814b8e6f5eb83fb1abe2d1a4cb9d76f4104a3e258f19f2208,66447da28e4d27d5
block-10-256k,block-10-256k-02,silesia-blocks,webster,data/silesia/webster,41458703,6a68f69b26daf09f9dd84f7470368553194a0b294fcfa80f1604efb11143a383,262144,2097152,262144,faeda2ec9316992558a9593335cb84e407cea11a77a3bf49ae5b4f84d6cbc29a,ef2bb0d74a8503ba
block-10-256k,block-10-256k-03,silesia-blocks,webster,data/silesia/webster,41458703,6a68f69b26daf09f9dd84f7470368553194a0b294fcfa80f1604efb11143a383,262144,4194304,262144,b0838f4ff2844567026cb95dc28c6f1522a69f13b323cdf88e0092048e361792,01cd6912cea7182b
block-10-256k,block-10-256k-04,silesia-blocks,webster,data/silesia/webster,41458703,6a68f69b26daf09f9dd84f7470368553194a0b294fcfa80f1604efb11143a383,262144,6291456,262144,adddb358d9cfa952c75f479bf7295a418376c857ddabf2d77ffe32df26f0a591,b9c1e7a2f8d86377
block-10-256k,block-10-256k-05,silesia-blocks,webster,data/silesia/webster,41458703,6a68f69b26daf09f9dd84f7470368553194a0b294fcfa80f1604efb11143a383,262144,8650752,262144,906f549a9048f193dcf71671c72c2a20ed6cf84df4a1d38a0717dde098c31db2,a8c0e3f2982b63bc
block-10-256k,block-10-256k-06,silesia-blocks,webster,data/silesia/webster,41458703,6a68f69b26daf09f9dd84f7470368553194a0b294fcfa80f1604efb11143a383,262144,10747904,262144,49033bdd925cf6c837841b324bdb7aab5d24ce1b8b11127623e7a1e1ea38eeeb,67120eb2599670e2
block-10-256k,block-10-256k-07,silesia-blocks,webster,data/silesia/webster,41458703,6a68f69b26daf09f9dd84f7470368553194a0b294fcfa80f1604efb11143a383,262144,12845056,262144,36c016e4e6e95516f1924b01455dc25f35d089a54bfd143e18362fcd32378a6d,c33bc77db4c6ece3
block-10-256k,block-10-256k-08,silesia-blocks,webster,data/silesia/webster,41458703,6a68f69b26daf09f9dd84f7470368553194a0b294fcfa80f1604efb11143a383,262144,15204352,262144,032577cdd6e22dbe3a05dff6f452c74093bc8537adbc5b173b15bf654e36e033,c3eec2f5f8c9276d
block-10-256k,block-10-256k-09,silesia-blocks,webster,data/silesia/webster,41458703,6a68f69b26daf09f9dd84f7470368553194a0b294fcfa80f1604efb11143a383,262144,17301504,262144,16f1b3bc3a8c64ce3eac0666d325e5e3e5fddc2aa35f881e73389f15c6b1cc70,50b355c78369db59
block-10-256k,block-10-256k-10,silesia-blocks,webster,data/silesia/webster,41458703,6a68f69b26daf09f9dd84f7470368553194a0b294fcfa80f1604efb11143a383,262144,19398656,262144,2d8b89cbe12f82d8cf03025e93aa2a2bc4721f6eea2db87cf16f52990dae3e36,64bbe448d8a21e3f
block-10-256k,block-10-256k-11,silesia-blocks,webster,data/silesia/webster,41458703,6a68f69b26daf09f9dd84f7470368553194a0b294fcfa80f1604efb11143a383,262144,21757952,262144,59697e371c3824d5e2cdade71cd65a17f9c2346e034ddf602f69d88eeecd4d2c,8c8584c5785f6e4a
block-10-256k,block-10-256k-12,silesia-blocks,webster,data/silesia/webster,41458703,6a68f69b26daf09f9dd84f7470368553194a0b294fcfa80f1604efb11143a383,262144,23855104,262144,3ddc67a6b038566cd52fd4cc98f9328d0cdcc53b41c6de5e425eb740f181b605,9f11fcbf2d76ba4e
block-10-256k,block-10-256k-13,silesia-blocks,webster,data/silesia/webster,41458703,6a68f69b26daf09f9dd84f7470368553194a0b294fcfa80f1604efb11143a383,262144,25952256,262144,331e6f92ae2b0edd5032d54ef5a2a1438da42d2b62e67eedc3fb37bc3736dfac,84c8ee7c688ae78f
block-10-256k,block-10-256k-14,silesia-blocks,webster,data/silesia/webster,41458703,6a68f69b26daf09f9dd84f7470368553194a0b294fcfa80f1604efb11143a383,262144,28311552,262144,4a5351ae105b2dfa4519dcaba4ad1f128d74b0ead2e250ef3fc41e2bde70bbed,e0765205fd02f5aa
block-10-256k,block-10-256k-15,silesia-blocks,webster,data/silesia/webster,41458703,6a68f69b26daf09f9dd84f7470368553194a0b294fcfa80f1604efb11143a383,262144,30408704,262144,79af11926ac98094b467ffa5ad0cd9e39a62edd45dae96bc36e86c81d5b67946,6e2ed30ff606ce67
block-10-256k,block-10-256k-16,silesia-blocks,webster,data/silesia/webster,41458703,6a68f69b26daf09f9dd84f7470368553194a0b294fcfa80f1604efb11143a383,262144,32505856,262144,ed87f76b8540a475ac798ea25b138aaf27cbd6048c3218cf88f0c07e4fd859c6,513ad1b4747cfcf8
block-10-256k,block-10-256k-17,silesia-blocks,webster,data/silesia/webster,41458703,6a68f69b26daf09f9dd84f7470368553194a0b294fcfa80f1604efb11143a383,262144,34865152,262144,2f93ac980129f72dc3048b5845c0a1a454dc24a53245007ab6e176214cd61b82,5c8457bcb5cbd5bc
block-10-256k,block-10-256k-18,silesia-blocks,webster,data/silesia/webster,41458703,6a68f69b26daf09f9dd84f7470368553194a0b294fcfa80f1604efb11143a383,262144,36962304,262144,06e661e3641d31a14888acc9a01ae08b6cad08a5af446df7f3a2d9d3a499c3b0,c0bb5d0ff9127554
block-10-256k,block-10-256k-19,silesia-blocks,webster,data/silesia/webster,41458703,6a68f69b26daf09f9dd84f7470368553194a0b294fcfa80f1604efb11143a383,262144,39059456,262144,802c96a5ac5118038d62738ec9d7dd4b09e1eb2f0d544254219dc77a7bad6f71,743c8f0c05ea9889
block-10-256k,block-10-256k-20,silesia-blocks,webster,data/silesia/webster,41458703,6a68f69b26daf09f9dd84f7470368553194a0b294fcfa80f1604efb11143a383,262144,41418752,39951,7118408f05d8b25c9701db2bf5be4d9817e5cc25ee75114f0abfd7c73627284b,d4c4292747847320
block-11-016k,block-11-016k-01,silesia-blocks,x-ray,data/silesia/x-ray,8474240,7de9fce1405dc44ae5e6813ed21cd5751e761bd4265655a005d39b9685d1c9ad,16384,0,16384,22060074497a51b2c6b0072d5d58f7a991a62258b4797d4df8765dca2cd0641b,f890edbf01c69646
block-11-016k,block-11-016k-02,silesia-blocks,x-ray,data/silesia/x-ray,8474240,7de9fce1405dc44ae5e6813ed21cd5751e761bd4265655a005d39b9685d1c9ad,16384,442368,16384,b77a4d3892e2947b39a3f397b0254047557177739f1f34dba48905e7bff13c16,0ac3af800b45fbb6
block-11-016k,block-11-016k-03,silesia-blocks,x-ray,data/silesia/x-ray,8474240,7de9fce1405dc44ae5e6813ed21cd5751e761bd4265655a005d39b9685d1c9ad,16384,884736,16384,cd1b3ade45475341136ed7c7c85106dd8da2eac6c389717dd45d348c2f613413,9cde1a76d28faa6f
block-11-016k,block-11-016k-04,silesia-blocks,x-ray,data/silesia/x-ray,8474240,7de9fce1405dc44ae5e6813ed21cd5751e761bd4265655a005d39b9685d1c9ad,16384,1327104,16384,faae8034bb1a102bcf4f45087c84b4b0f27c64207061d6bb4d422a80f7d7f717,cdc00307db7a8766
block-11-016k,block-11-016k-05,silesia-blocks,x-ray,data/silesia/x-ray,8474240,7de9fce1405dc44ae5e6813ed21cd5751e761bd4265655a005d39b9685d1c9ad,16384,1769472,16384,182f4be37c0703735cc5fb3057aba96aca7158a8d5eafa0667e1bea0e8637f7f,89dd3048f5be2c51
block-11-016k,block-11-016k-06,silesia-blocks,x-ray,data/silesia/x-ray,8474240,7de9fce1405dc44ae5e6813ed21cd5751e761bd4265655a005d39b9685d1c9ad,16384,2228224,16384,fb2f21a15de823fb368436bdc838b01956ea35a80a802a8ac52e467e71b29a4d,82c88e3a58959daf
block-11-016k,block-11-016k-07,silesia-blocks,x-ray,data/silesia/x-ray,8474240,7de9fce1405dc44ae5e6813ed21cd5751e761bd4265655a005d39b9685d1c9ad,16384,2670592,16384,e0375d008418ac88f800c3f70fd180711f4615e442d21e306ca28d80c10aaf9d,1417942530b5bafd
block-11-016k,block-11-016k-08,silesia-blocks,x-ray,data/silesia/x-ray,8474240,7de9fce1405dc44ae5e6813ed21cd5751e761bd4265655a005d39b9685d1c9ad,16384,3112960,16384,a172aaf7c2d696855ed56f9c9de9aaabb6f631758ebb64d3208547b780ac8ec6,02443c0b82e0259f
block-11-016k,block-11-016k-09,silesia-blocks,x-ray,data/silesia/x-ray,8474240,7de9fce1405dc44ae5e6813ed21cd5751e761bd4265655a005d39b9685d1c9ad,16384,3555328,16384,04db2f1a3193fb9a7efcc183968a2079a222e694c841f6c22eef471acc18a356,64f523d0c7f1eabf
block-11-016k,block-11-016k-10,silesia-blocks,x-ray,data/silesia/x-ray,8474240,7de9fce1405dc44ae5e6813ed21cd5751e761bd4265655a005d39b9685d1c9ad,16384,3997696,16384,8ce3a417a04d8db976c3e36bd344f4099f8de69774bac15f33985e065b544d30,f0df6af7e49321f3
block-11-016k,block-11-016k-11,silesia-blocks,x-ray,data/silesia/x-ray,8474240,7de9fce1405dc44ae5e6813ed21cd5751e761bd4265655a005d39b9685d1c9ad,16384,4456448,16384,042aee98fff5fbe33d22edaf8d8eb46304517f4723e2fb9f4f40265928bce159,824d3ff832e2a163
block-11-016k,block-11-016k-12,silesia-blocks,x-ray,data/silesia/x-ray,8474240,7de9fce1405dc44ae5e6813ed21cd5751e761bd4265655a005d39b9685d1c9ad,16384,4898816,16384,36d2e1d8538fcec7b79d16e0d42b4773fbe4176df840b8e31357a35abcbe2a8b,8060840a8d926c28
block-11-016k,block-11-016k-13,silesia-blocks,x-ray,data/silesia/x-ray,8474240,7de9fce1405dc44ae5e6813ed21cd5751e761bd4265655a005d39b9685d1c9ad,16384,5341184,16384,50a5d0a2136d23ee2318093a4c49c1b857e2a298d598b1edfa42754df7243448,352cafb12c9ebb4c
block-11-016k,block-11-016k-14,silesia-blocks,x-ray,data/silesia/x-ray,8474240,7de9fce1405dc44ae5e6813ed21cd5751e761bd4265655a005d39b9685d1c9ad,16384,5783552,16384,87e2f2bbedae121e0f3fda2fd63ab61da22e87ce318632937559bbc51df8a323,4f4350b0d7cc4e02
block-11-016k,block-11-016k-15,silesia-blocks,x-ray,data/silesia/x-ray,8474240,7de9fce1405dc44ae5e6813ed21cd5751e761bd4265655a005d39b9685d1c9ad,16384,6225920,16384,e3219ee909052e94ade6cc4a224baf3db67db422129905fc1c29a1c8bdd73ea8,32143028740fcaa0
block-11-016k,block-11-016k-16,silesia-blocks,x-ray,data/silesia/x-ray,8474240,7de9fce1405dc44ae5e6813ed21cd5751e761bd4265655a005d39b9685d1c9ad,16384,6684672,16384,00d10c49baec3c54d82ce7db771add2c313bf9023961ee8611a8a49d7053f6d9,7034094890ca96ad
block-11-016k,block-11-016k-17,silesia-blocks,x-ray,data/silesia/x-ray,8474240,7de9fce1405dc44ae5e6813ed21cd5751e761bd4265655a005d39b9685d1c9ad,16384,7127040,16384,ed54d154c8e667bad351eed120906b240e961b4c13c2d12a0faf12a2b8f81589,7a89fe438ef4b13c
block-11-016k,block-11-016k-18,silesia-blocks,x-ray,data/silesia/x-ray,8474240,7de9fce1405dc44ae5e6813ed21cd5751e761bd4265655a005d39b9685d1c9ad,16384,7569408,16384,71377eea9f25e03273bdad14e00e3585e3108b152dccfb4fa269dbf9b7ed4707,3de91f2f1c5c8b18
block-11-016k,block-11-016k-19,silesia-blocks,x-ray,data/silesia/x-ray,8474240,7de9fce1405dc44ae5e6813ed21cd5751e761bd4265655a005d39b9685d1c9ad,16384,8011776,16384,4090b9f1313f4a743d8b2aaabf979a2d2cc3ee36a5eea9fea4382a4690f3a217,871ddccfb4bc8736
block-11-016k,block-11-016k-20,silesia-blocks,x-ray,data/silesia/x-ray,8474240,7de9fce1405dc44ae5e6813ed21cd5751e761bd4265655a005d39b9685d1c9ad,16384,8470528,3712,d0492c8b78fd4e287790e9abc96f00b13f4f4a7402c80efd6dfad2b7c7a2cd41,4b04e2f9c383055d
block-11-064k,block-11-064k-01,silesia-blocks,x-ray,data/silesia/x-ray,8474240,7de9fce1405dc44ae5e6813ed21cd5751e761bd4265655a005d39b9685d1c9ad,65536,0,65536,b5a07146616bcd7c2d10071d41e07d204de0ac629c4ca37d8e867ff00574d0d8,4f2e53e360444c2a
block-11-064k,block-11-064k-02,silesia-blocks,x-ray,data/silesia/x-ray,8474240,7de9fce1405dc44ae5e6813ed21cd5751e761bd4265655a005d39b9685d1c9ad,65536,393216,65536,0f54a88ed234523b611ca685dfdac89672b81bfb4cc8f45414e27e61afadf5db,e116b2d080929334
block-11-064k,block-11-064k-03,silesia-blocks,x-ray,data/silesia/x-ray,8474240,7de9fce1405dc44ae5e6813ed21cd5751e761bd4265655a005d39b9685d1c9ad,65536,851968,65536,e4a59623b976acfa6eb99213bfc142d31b61145c1149e3ec62f081dd71b63e69,fd53895b26be543b
block-11-064k,block-11-064k-04,silesia-blocks,x-ray,data/silesia/x-ray,8474240,7de9fce1405dc44ae5e6813ed21cd5751e761bd4265655a005d39b9685d1c9ad,65536,1310720,65536,2d19c4c4c23554173f189d97c2c9bddecd901cd86c11e75db39fa7533237a390,9d517f2c0e0892fa
block-11-064k,block-11-064k-05,silesia-blocks,x-ray,data/silesia/x-ray,8474240,7de9fce1405dc44ae5e6813ed21cd5751e761bd4265655a005d39b9685d1c9ad,65536,1769472,65536,f0d7f18564425e5b675f2b5ebf108b2c94379df3239476c14034404a14a6ab89,5ccc084a9406884c
block-11-064k,block-11-064k-06,silesia-blocks,x-ray,data/silesia/x-ray,8474240,7de9fce1405dc44ae5e6813ed21cd5751e761bd4265655a005d39b9685d1c9ad,65536,2162688,65536,724b9058444e31ec0949bf0c4ad67a631984936e09fb1c26caa3301d3e05c51e,b17723140ebdfe2f
block-11-064k,block-11-064k-07,silesia-blocks,x-ray,data/silesia/x-ray,8474240,7de9fce1405dc44ae5e6813ed21cd5751e761bd4265655a005d39b9685d1c9ad,65536,2621440,65536,0a64971aa767486fbc03b7f59e0089145bf4b9f1ee99c42bb6fc04ab1539b7a8,e24d3803abcd0b01
block-11-064k,block-11-064k-08,silesia-blocks,x-ray,data/silesia/x-ray,8474240,7de9fce1405dc44ae5e6813ed21cd5751e761bd4265655a005d39b9685d1c9ad,65536,3080192,65536,fa996db0f163f74d4a3b705385f40b3ad4efa1a1b0d833fc068847485e8c2955,bbff1d7b3d732b93
block-11-064k,block-11-064k-09,silesia-blocks,x-ray,data/silesia/x-ray,8474240,7de9fce1405dc44ae5e6813ed21cd5751e761bd4265655a005d39b9685d1c9ad,65536,3538944,65536,05da6082c8b1e2130ce3abd7c051aa22345a9b791bf53fd8b69503bbc91db9ab,edbbc9ce071eec53
block-11-064k,block-11-064k-10,silesia-blocks,x-ray,data/silesia/x-ray,8474240,7de9fce1405dc44ae5e6813ed21cd5751e761bd4265655a005d39b9685d1c9ad,65536,3997696,65536,86bb6d416bb3ebfd683c2b2c2a9b6bbd8733efdc47301f25dfbb389b2fe1c511,c851ba285748aa34
block-11-064k,block-11-064k-11,silesia-blocks,x-ray,data/silesia/x-ray,8474240,7de9fce1405dc44ae5e6813ed21cd5751e761bd4265655a005d39b9685d1c9ad,65536,4390912,65536,31befa99de53774f603b7a1731fa162c32cfc09248a1063eae416ee316f59e41,1ac94294645c40da
block-11-064k,block-11-064k-12,silesia-blocks,x-ray,data/silesia/x-ray,8474240,7de9fce1405dc44ae5e6813ed21cd5751e761bd4265655a005d39b9685d1c9ad,65536,4849664,65536,ce3ff92dc16e02618580c2d424b41acce76d3816a5300e10c1cfc6076fa1cfa3,34e2c0775ab0f3bb
block-11-064k,block-11-064k-13,silesia-blocks,x-ray,data/silesia/x-ray,8474240,7de9fce1405dc44ae5e6813ed21cd5751e761bd4265655a005d39b9685d1c9ad,65536,5308416,65536,a6052c227c67819a545c3e145f5b52d91add2e981ee2e849b01a0a48be3cb440,87fe9bd2ef868545
block-11-064k,block-11-064k-14,silesia-blocks,x-ray,data/silesia/x-ray,8474240,7de9fce1405dc44ae5e6813ed21cd5751e761bd4265655a005d39b9685d1c9ad,65536,5767168,65536,53fc3e584d6f2eec32302213e16580d902e0d39003f0ca046a6c1b17f2b5f969,6c75989afe1a3c95
block-11-064k,block-11-064k-15,silesia-blocks,x-ray,data/silesia/x-ray,8474240,7de9fce1405dc44ae5e6813ed21cd5751e761bd4265655a005d39b9685d1c9ad,65536,6225920,65536,4986ccb58ef1ae4076573a64af676586ec8f9fced51c75d9041cb8dc6e1dc98f,2b604c16c6f15ce5
block-11-064k,block-11-064k-16,silesia-blocks,x-ray,data/silesia/x-ray,8474240,7de9fce1405dc44ae5e6813ed21cd5751e761bd4265655a005d39b9685d1c9ad,65536,6619136,65536,ff13bbf157857fc774ac07698345b47c246cefdac9b1242eef1835e318c6bae4,d6accbb3e42fe550
block-11-064k,block-11-064k-17,silesia-blocks,x-ray,data/silesia/x-ray,8474240,7de9fce1405dc44ae5e6813ed21cd5751e761bd4265655a005d39b9685d1c9ad,65536,7077888,65536,ddfe66d47b379e31861bf0016d50168fb7394914659c93718c5ae5ca048c6bd6,c64950ae85ac2d58
block-11-064k,block-11-064k-18,silesia-blocks,x-ray,data/silesia/x-ray,8474240,7de9fce1405dc44ae5e6813ed21cd5751e761bd4265655a005d39b9685d1c9ad,65536,7536640,65536,dede8b19d3a8336d3a24a34aed572bfc08bc2b55502c995a917f2f042a16321f,468ba4cf5097853b
block-11-064k,block-11-064k-19,silesia-blocks,x-ray,data/silesia/x-ray,8474240,7de9fce1405dc44ae5e6813ed21cd5751e761bd4265655a005d39b9685d1c9ad,65536,7995392,65536,50f3839584e4c0761775253e352fd2287f8f5f67dbe3b773db37db3747ddcc24,ab566ed359a428db
block-11-064k,block-11-064k-20,silesia-blocks,x-ray,data/silesia/x-ray,8474240,7de9fce1405dc44ae5e6813ed21cd5751e761bd4265655a005d39b9685d1c9ad,65536,8454144,20096,7d50bfa674e51bb796342622823efa7d38dcbce971f472d3bdd3dfeac9655d1d,d2d2ec0dba4239b6
block-11-256k,block-11-256k-01,silesia-blocks,x-ray,data/silesia/x-ray,8474240,7de9fce1405dc44ae5e6813ed21cd5751e761bd4265655a005d39b9685d1c9ad,262144,0,262144,51c0a846c6cbe121f3f734d32100d60fd8bdd5b79ea9506d72608665e5fef7b1,29fcecf3f395d117
block-11-256k,block-11-256k-02,silesia-blocks,x-ray,data/silesia/x-ray,8474240,7de9fce1405dc44ae5e6813ed21cd5751e761bd4265655a005d39b9685d1c9ad,262144,262144,262144,15c4ec891637e95c9f0e5d0ba74607ab488227aa514e62fc376c1247f64f6ed1,4713699876787443
block-11-256k,block-11-256k-03,silesia-blocks,x-ray,data/silesia/x-ray,8474240,7de9fce1405dc44ae5e6813ed21cd5751e761bd4265655a005d39b9685d1c9ad,262144,786432,262144,48c8dbd3661acde1fb47d5250231fdf24b7d0d703cd86b7cd3d782a5cb239eeb,912311ee903d1b05
block-11-256k,block-11-256k-04,silesia-blocks,x-ray,data/silesia/x-ray,8474240,7de9fce1405dc44ae5e6813ed21cd5751e761bd4265655a005d39b9685d1c9ad,262144,1310720,262144,3c1be96af0a9bb854d0cdadc0da65884ece771e4b8058c6911a1aff1d6f68589,65b00956a6c66e03
block-11-256k,block-11-256k-05,silesia-blocks,x-ray,data/silesia/x-ray,8474240,7de9fce1405dc44ae5e6813ed21cd5751e761bd4265655a005d39b9685d1c9ad,262144,1572864,262144,88b2d41fbbab397902a60778a27e8654452f1ce9c5ed64ecc5a79a60eda8f5ce,d9590083429f9174
block-11-256k,block-11-256k-06,silesia-blocks,x-ray,data/silesia/x-ray,8474240,7de9fce1405dc44ae5e6813ed21cd5751e761bd4265655a005d39b9685d1c9ad,262144,2097152,262144,fd2721587ee3f43f91b1a218513605301e203c699ce3ad7ad2f1e338158bfd9e,5ca7936463429275
block-11-256k,block-11-256k-07,silesia-blocks,x-ray,data/silesia/x-ray,8474240,7de9fce1405dc44ae5e6813ed21cd5751e761bd4265655a005d39b9685d1c9ad,262144,2621440,262144,9152fb81702227d54fa450a8fd70063bb5940f8ce7e4797199f6f52192d947b3,ce4b4b33eeba7853
block-11-256k,block-11-256k-08,silesia-blocks,x-ray,data/silesia/x-ray,8474240,7de9fce1405dc44ae5e6813ed21cd5751e761bd4265655a005d39b9685d1c9ad,262144,2883584,262144,9fd891a3cc538daefd2cf2ce0a946dec5c747918646765d8a14b87549346e348,3afe3e2304b58043
block-11-256k,block-11-256k-09,silesia-blocks,x-ray,data/silesia/x-ray,8474240,7de9fce1405dc44ae5e6813ed21cd5751e761bd4265655a005d39b9685d1c9ad,262144,3407872,262144,9af5a30d92829dead1dee01e071f4b4d2098715f42a8f44456729b5e0a2cc434,874e595731c95505
block-11-256k,block-11-256k-10,silesia-blocks,x-ray,data/silesia/x-ray,8474240,7de9fce1405dc44ae5e6813ed21cd5751e761bd4265655a005d39b9685d1c9ad,262144,3932160,262144,0ae94bb9e26d5e620ce3723843957cd18aed5b035019da88118532b5d8811722,c4986ed7dc294658
block-11-256k,block-11-256k-11,silesia-blocks,x-ray,data/silesia/x-ray,8474240,7de9fce1405dc44ae5e6813ed21cd5751e761bd4265655a005d39b9685d1c9ad,262144,4194304,262144,b146f53d040a99614a41753ac1953d025fb49d6b3888e28ce4fff352b61115dd,ad0c3dddcbe815f6
block-11-256k,block-11-256k-12,silesia-blocks,x-ray,data/silesia/x-ray,8474240,7de9fce1405dc44ae5e6813ed21cd5751e761bd4265655a005d39b9685d1c9ad,262144,4718592,262144,85976e3186243b0db77f44f30492992c7c5c3416fc6549ff104bf0ace2fb26de,b2429eb235e57c5c
block-11-256k,block-11-256k-13,silesia-blocks,x-ray,data/silesia/x-ray,8474240,7de9fce1405dc44ae5e6813ed21cd5751e761bd4265655a005d39b9685d1c9ad,262144,5242880,262144,3ae5bfc6b151c068b38b36a17708ad162ad5317e7e68ae52a507e34bc368fad2,45ec1b2d08ecd1d0
block-11-256k,block-11-256k-14,silesia-blocks,x-ray,data/silesia/x-ray,8474240,7de9fce1405dc44ae5e6813ed21cd5751e761bd4265655a005d39b9685d1c9ad,262144,5505024,262144,40f640f188196ce5f17ec1208deacbe0fe5c7f554abd0e3cd399079d3317de45,f8a77caaf497339d
block-11-256k,block-11-256k-15,silesia-blocks,x-ray,data/silesia/x-ray,8474240,7de9fce1405dc44ae5e6813ed21cd5751e761bd4265655a005d39b9685d1c9ad,262144,6029312,262144,810bbaefac4e626b2c7964ec35b1928520c5a799ce930b9811feb13a756bf77d,4c93edbdddf6f240
block-11-256k,block-11-256k-16,silesia-blocks,x-ray,data/silesia/x-ray,8474240,7de9fce1405dc44ae5e6813ed21cd5751e761bd4265655a005d39b9685d1c9ad,262144,6553600,262144,8ad8fb2142ee0735c93526823703b638f560f4d0a7e488f8930a86beebe46b44,245b5a5f97b965b4
block-11-256k,block-11-256k-17,silesia-blocks,x-ray,data/silesia/x-ray,8474240,7de9fce1405dc44ae5e6813ed21cd5751e761bd4265655a005d39b9685d1c9ad,262144,6815744,262144,95465de3f62c3c07fd8aed2f7beeda13bc0040da111a4dce3856876a4dbdf06e,0a4542b572756449
block-11-256k,block-11-256k-18,silesia-blocks,x-ray,data/silesia/x-ray,8474240,7de9fce1405dc44ae5e6813ed21cd5751e761bd4265655a005d39b9685d1c9ad,262144,7340032,262144,9437f27a865d876be9db20cc6202245d4beb42aa35a5e716d274a6b60de3bc03,7276f5d092ed898a
block-11-256k,block-11-256k-19,silesia-blocks,x-ray,data/silesia/x-ray,8474240,7de9fce1405dc44ae5e6813ed21cd5751e761bd4265655a005d39b9685d1c9ad,262144,7864320,262144,a36a7cd51d2dea5d7d414a0047a8e97e3925cae61ecda746abd919c47615e6ef,737b735617c31b63
block-11-256k,block-11-256k-20,silesia-blocks,x-ray,data/silesia/x-ray,8474240,7de9fce1405dc44ae5e6813ed21cd5751e761bd4265655a005d39b9685d1c9ad,262144,8388608,85632,342264e6ab65d4667dd9fb5a0be741feb06c16cd24de73f967eecb17ddbb6081,e1da765e477be2f5
block-12-016k,block-12-016k-01,silesia-blocks,xml,data/silesia/xml,5345280,0e82e54e695c1938e4193448022543845b33020c8be6bf3bf3ead2224903e08c,16384,0,16384,8af3e8eebb5386b540baa90b8ad66843e167e6dc7b3fe19f6b70c171e1fad6f6,cc28db80add4ce28
block-12-016k,block-12-016k-02,silesia-blocks,xml,data/silesia/xml,5345280,0e82e54e695c1938e4193448022543845b33020c8be6bf3bf3ead2224903e08c,16384,278528,16384,ea1d2cf37e8c9c9a1c084181efd569553255cd7f6cce01067ff703a96ab762cb,5e781b2512f2bafe
block-12-016k,block-12-016k-03,silesia-blocks,xml,data/silesia/xml,5345280,0e82e54e695c1938e4193448022543845b33020c8be6bf3bf3ead2224903e08c,16384,557056,16384,808d7547ead34aa88836f6013fa166b34764f9b92eb25580ac62335550380692,610144e148a92a49
block-12-016k,block-12-016k-04,silesia-blocks,xml,data/silesia/xml,5345280,0e82e54e695c1938e4193448022543845b33020c8be6bf3bf3ead2224903e08c,16384,835584,16384,b32bbd5ad13fbf5a4269691f7fc9fae1601f304fc52464487ebdb36204476bfd,0892fe24289b1726
block-12-016k,block-12-016k-05,silesia-blocks,xml,data/silesia/xml,5345280,0e82e54e695c1938e4193448022543845b33020c8be6bf3bf3ead2224903e08c,16384,1114112,16384,9405c91e2ca8cc797faccc9282c1412f5da2b6c7e9f670e63f1d73ff9dfa67e9,089669abe893cb1d
block-12-016k,block-12-016k-06,silesia-blocks,xml,data/silesia/xml,5345280,0e82e54e695c1938e4193448022543845b33020c8be6bf3bf3ead2224903e08c,16384,1392640,16384,5880e5a31e370434c589cae5ae28cb6572a8f5f2cc5c291a989b98b8f1a91076,4f8c0f6262643af5
block-12-016k,block-12-016k-07,silesia-blocks,xml,data/silesia/xml,5345280,0e82e54e695c1938e4193448022543845b33020c8be6bf3bf3ead2224903e08c,16384,1671168,16384,df111370a6d86635466fe6c2ac960eb11e77c52b5ea1135d0fa30bdbac01cc46,6dfd37957bad1485
block-12-016k,block-12-016k-08,silesia-blocks,xml,data/silesia/xml,5345280,0e82e54e695c1938e4193448022543845b33020c8be6bf3bf3ead2224903e08c,16384,1966080,16384,c428c016f784c765f6f068329635b0de084c56a2a525a05d16933c6f61e6cd47,1a3b2989024e2274
block-12-016k,block-12-016k-09,silesia-blocks,xml,data/silesia/xml,5345280,0e82e54e695c1938e4193448022543845b33020c8be6bf3bf3ead2224903e08c,16384,2244608,16384,0d248ce49c5dc66930aaf08ccae1763dfdf774b1670bd761aa5c6254833b93bd,655ba37e166db223
block-12-016k,block-12-016k-10,silesia-blocks,xml,data/silesia/xml,5345280,0e82e54e695c1938e4193448022543845b33020c8be6bf3bf3ead2224903e08c,16384,2523136,16384,5991a3dd1ffaa30d000c2d26b16bc11e4c4cf2277b7fe5d5e785a0bef8078dca,2839d18f1e24d731
block-12-016k,block-12-016k-11,silesia-blocks,xml,data/silesia/xml,5345280,0e82e54e695c1938e4193448022543845b33020c8be6bf3bf3ead2224903e08c,16384,2801664,16384,94db51a90115c268f43773c656e2a6360331b557cd784db86fb9b5d0edaf3832,f7bbc53e8849aaf0
block-12-016k,block-12-016k-12,silesia-blocks,xml,data/silesia/xml,5345280,0e82e54e695c1938e4193448022543845b33020c8be6bf3bf3ead2224903e08c,16384,3080192,16384,bd993a1a08101a34d9741d690cd1ff359c9e311b2c5dc5bcac4240e70df71685,2cbef9d03a28a79f
block-12-016k,block-12-016k-13,silesia-blocks,xml,data/silesia/xml,5345280,0e82e54e695c1938e4193448022543845b33020c8be6bf3bf3ead2224903e08c,16384,3358720,16384,31c353ef260ef95ab771431af5660a1b02be402709557aa6d324c0b0adebb7bf,d4479842e0e78de7
block-12-016k,block-12-016k-14,silesia-blocks,xml,data/silesia/xml,5345280,0e82e54e695c1938e4193448022543845b33020c8be6bf3bf3ead2224903e08c,16384,3653632,16384,bc8fb3e18bdb62ea8e6df9d0ed200eecb51de6a39aafa49e85698f67587461fc,032418aa8a5e53f0
block-12-016k,block-12-016k-15,silesia-blocks,xml,data/silesia/xml,5345280,0e82e54e695c1938e4193448022543845b33020c8be6bf3bf3ead2224903e08c,16384,3932160,16384,7dcea8b948e4a9f393d5101f7b04e3895447e23c858fe9d094ca537e222a2ed4,38116c20e258de89
block-12-016k,block-12-016k-16,silesia-blocks,xml,data/silesia/xml,5345280,0e82e54e695c1938e4193448022543845b33020c8be6bf3bf3ead2224903e08c,16384,4210688,16384,9a30a2004aeaed3f3f99a413b2dfa668f006653fc65a083c13738f9300627875,151a59593a820181
block-12-016k,block-12-016k-17,silesia-blocks,xml,data/silesia/xml,5345280,0e82e54e695c1938e4193448022543845b33020c8be6bf3bf3ead2224903e08c,16384,4489216,16384,4561d3ace3551930073bdb39a339e58c817a745a51053d8335eaa4c92991022e,821924edb5831fdd
block-12-016k,block-12-016k-18,silesia-blocks,xml,data/silesia/xml,5345280,0e82e54e695c1938e4193448022543845b33020c8be6bf3bf3ead2224903e08c,16384,4767744,16384,200ad2b311b0eec9bd4e65db2f2e19cb74a279adfe4c7b9294a53d5a1a9842ed,ef0848814afdf16f
block-12-016k,block-12-016k-19,silesia-blocks,xml,data/silesia/xml,5345280,0e82e54e695c1938e4193448022543845b33020c8be6bf3bf3ead2224903e08c,16384,5046272,16384,71ea0491890d5ba6c817204b26d95fa5adcde6f355e7b9976e48eeeee5f2e088,67fa38aa8169ef84
block-12-016k,block-12-016k-20,silesia-blocks,xml,data/silesia/xml,5345280,0e82e54e695c1938e4193448022543845b33020c8be6bf3bf3ead2224903e08c,16384,5341184,4096,ad7facb2586fc6e966c004d7d1d16b024f5805ff7cb47c7a85dabd8b48892ca7,b93a0c83ce3b6325
block-12-064k,block-12-064k-01,silesia-blocks,xml,data/silesia/xml,5345280,0e82e54e695c1938e4193448022543845b33020c8be6bf3bf3ead2224903e08c,65536,0,65536,e32aff2bebf00105a17dd57f5490c1986d17543cee837b42eb56b3e0e6f8e7f1,acf7327239e972a6
block-12-064k,block-12-064k-02,silesia-blocks,xml,data/silesia/xml,5345280,0e82e54e695c1938e4193448022543845b33020c8be6bf3bf3ead2224903e08c,65536,262144,65536,f2369352201f5877fbb61745ef8d5063a64c775b9b938d3aad191bb7f984e6a2,203a0b8b377b4a04
block-12-064k,block-12-064k-03,silesia-blocks,xml,data/silesia/xml,5345280,0e82e54e695c1938e4193448022543845b33020c8be6bf3bf3ead2224903e08c,65536,524288,65536,424bb4007cecc236e7472388e637ea790d7fad1fbe33be0f1c6ff102d9559b19,7ad9bab177e476d2
block-12-064k,block-12-064k-04,silesia-blocks,xml,data/silesia/xml,5345280,0e82e54e695c1938e4193448022543845b33020c8be6bf3bf3ead2224903e08c,65536,786432,65536,cffbead04902c1fc7e3d58e425ed14b5ea3ab479f5bdcb149885e5f2414da331,63ca40fa580813d7
block-12-064k,block-12-064k-05,silesia-blocks,xml,data/silesia/xml,5345280,0e82e54e695c1938e4193448022543845b33020c8be6bf3bf3ead2224903e08c,65536,1114112,65536,98ef3b75f3cab29d0fb5b934ba256abb413cbceae7d972d59a86e07387f53f54,19421dcfe5ed2460
block-12-064k,block-12-064k-06,silesia-blocks,xml,data/silesia/xml,5345280,0e82e54e695c1938e4193448022543845b33020c8be6bf3bf3ead2224903e08c,65536,1376256,65536,e1e3cae76f6840728f52db1eb50944b4425eb88c825b2ac186c50bfbadf2d566,6eb024d4774b8906
block-12-064k,block-12-064k-07,silesia-blocks,xml,data/silesia/xml,5345280,0e82e54e695c1938e4193448022543845b33020c8be6bf3bf3ead2224903e08c,65536,1638400,65536,5d82fde0ccb14a8fd2ccf994eaefeececa09805b67725283fdc811b6d5eee604,c6409c8b5c5a2c2f
block-12-064k,block-12-064k-08,silesia-blocks,xml,data/silesia/xml,5345280,0e82e54e695c1938e4193448022543845b33020c8be6bf3bf3ead2224903e08c,65536,1900544,65536,38cec53f50c53f5bf7c55d37a1146258af82a9240d1ed94b119a7e8c31bcbaf9,0f71a67110a5835c
block-12-064k,block-12-064k-09,silesia-blocks,xml,data/silesia/xml,5345280,0e82e54e695c1938e4193448022543845b33020c8be6bf3bf3ead2224903e08c,65536,2228224,65536,9eb105c5899b0175860ea445fa133efcd34a0e31105bfaaacfcd19d51326b3aa,1d330cff472e8e76
block-12-064k,block-12-064k-10,silesia-blocks,xml,data/silesia/xml,5345280,0e82e54e695c1938e4193448022543845b33020c8be6bf3bf3ead2224903e08c,65536,2490368,65536,6cf48385279239c4a4ad2596c11ce9ffa3c9c2169c8fb4cdd7396b237b0d2944,153e91aa4de873ce
block-12-064k,block-12-064k-11,silesia-blocks,xml,data/silesia/xml,5345280,0e82e54e695c1938e4193448022543845b33020c8be6bf3bf3ead2224903e08c,65536,2752512,65536,4afdaa864bef59e9237ec22b81f8145018cf349ddb3ae8ab51a37b1dc5eddbb9,e26ada24e6d1ed43
block-12-064k,block-12-064k-12,silesia-blocks,xml,data/silesia/xml,5345280,0e82e54e695c1938e4193448022543845b33020c8be6bf3bf3ead2224903e08c,65536,3014656,65536,e1c9ce92603b8c5e7783e7f13848ff8fecf854c47959ae67809598da23e3ef80,91781e57912528e7
block-12-064k,block-12-064k-13,silesia-blocks,xml,data/silesia/xml,5345280,0e82e54e695c1938e4193448022543845b33020c8be6bf3bf3ead2224903e08c,65536,3342336,65536,52614884d23a198666d804672b30ac948a4c41d7076a488d90b7fad1075a810b,6755ab987b9784e8
block-12-064k,block-12-064k-14,silesia-blocks,xml,data/silesia/xml,5345280,0e82e54e695c1938e4193448022543845b33020c8be6bf3bf3ead2224903e08c,65536,3604480,65536,e4d95b92b59fa9afb2ab1bc8a0b2bd44e595a8a0bcae6bbfebffca16836b0b41,d19aa95f65ef0e06
block-12-064k,block-12-064k-15,silesia-blocks,xml,data/silesia/xml,5345280,0e82e54e695c1938e4193448022543845b33020c8be6bf3bf3ead2224903e08c,65536,3866624,65536,b251bc1aed77c24b08301a155344417a96f6a7689d5343dd8eeae505af30f7c7,7feaa0a74e491f39
block-12-064k,block-12-064k-16,silesia-blocks,xml,data/silesia/xml,5345280,0e82e54e695c1938e4193448022543845b33020c8be6bf3bf3ead2224903e08c,65536,4128768,65536,59bc145a681b0ad34c2c97d4b2269857ee8d4cafb8f2b768ce8b005d5fe67fbc,a1c8fc5c858f745b
block-12-064k,block-12-064k-17,silesia-blocks,xml,data/silesia/xml,5345280,0e82e54e695c1938e4193448022543845b33020c8be6bf3bf3ead2224903e08c,65536,4456448,65536,b8412897ea51244b38d1126240edf7472edef966ba5be4eb9feef7cd647ebffb,98bf52b532b617e8
block-12-064k,block-12-064k-18,silesia-blocks,xml,data/silesia/xml,5345280,0e82e54e695c1938e4193448022543845b33020c8be6bf3bf3ead2224903e08c,65536,4718592,65536,fb9e2b8baefb1c20ca2d69c7e04dcb99af63d8fd91d25416bbadcd70fa31b2c0,72fbaf9b85212652
block-12-064k,block-12-064k-19,silesia-blocks,xml,data/silesia/xml,5345280,0e82e54e695c1938e4193448022543845b33020c8be6bf3bf3ead2224903e08c,65536,4980736,65536,3aa21a5eae6f5d87f131bfff78552d640e48c2a28601e69f160535547a1903cf,9bb692fc195b2af2
block-12-064k,block-12-064k-20,silesia-blocks,xml,data/silesia/xml,5345280,0e82e54e695c1938e4193448022543845b33020c8be6bf3bf3ead2224903e08c,65536,5308416,36864,173522ababd0aabef9a57b116ff6c703ae0d23db29f05f3538c3fc97520b5423,d9dbd251a6098e10
block-12-256k,block-12-256k-01,silesia-blocks,xml,data/silesia/xml,5345280,0e82e54e695c1938e4193448022543845b33020c8be6bf3bf3ead2224903e08c,262144,0,262144,f2bbde07c2061c09fa41e4d4998c07847fbcc23d4ab166ca105a7f66ac8cd37b,9d7b2a039ae9892f
block-12-256k,block-12-256k-02,silesia-blocks,xml,data/silesia/xml,5345280,0e82e54e695c1938e4193448022543845b33020c8be6bf3bf3ead2224903e08c,262144,262144,262144,aaa6edca62d09a44ad6e5cf6b824edf3b4366a7573e934a884f07fd90b2ba1f4,f35f9230a979b815
block-12-256k,block-12-256k-03,silesia-blocks,xml,data/silesia/xml,5345280,0e82e54e695c1938e4193448022543845b33020c8be6bf3bf3ead2224903e08c,262144,524288,262144,5f31511bd6a5514723b13ae829555544041e84803ae45a830961700b87089dcd,7224f878c557016c
block-12-256k,block-12-256k-04,silesia-blocks,xml,data/silesia/xml,5345280,0e82e54e695c1938e4193448022543845b33020c8be6bf3bf3ead2224903e08c,262144,786432,262144,8c7d72815e8ab266044afdd7ec9f5a4dcf5bd37a1c3d140441dff80aa25ff7d9,f7fe706a1bdceb9e
block-12-256k,block-12-256k-05,silesia-blocks,xml,data/silesia/xml,5345280,0e82e54e695c1938e4193448022543845b33020c8be6bf3bf3ead2224903e08c,262144,1048576,262144,f55a9c0f25e2a49e0816a05095cc242d6567c91c4a4339f27dce6f50c76fc192,e34ee14df1e35e95
block-12-256k,block-12-256k-06,silesia-blocks,xml,data/silesia/xml,5345280,0e82e54e695c1938e4193448022543845b33020c8be6bf3bf3ead2224903e08c,262144,1310720,262144,ab7ee42adbd5b2b544364705a12731e9f8a45acdd2dcf2aa3a37c6e8550d0e2f,0d46cd719e285cec
block-12-256k,block-12-256k-07,silesia-blocks,xml,data/silesia/xml,5345280,0e82e54e695c1938e4193448022543845b33020c8be6bf3bf3ead2224903e08c,262144,1572864,262144,b5aab9f583ef02a31315be66567711ed3a1da1c62aa6ca564a54b9680e88b13d,d24850fc615ae2f6
block-12-256k,block-12-256k-08,silesia-blocks,xml,data/silesia/xml,5345280,0e82e54e695c1938e4193448022543845b33020c8be6bf3bf3ead2224903e08c,262144,1835008,262144,f286e04b5681328b070f628d546b6a36324046abbc914539188ee445ea0fec3e,af3c5b9ee5941c00
block-12-256k,block-12-256k-09,silesia-blocks,xml,data/silesia/xml,5345280,0e82e54e695c1938e4193448022543845b33020c8be6bf3bf3ead2224903e08c,262144,2097152,262144,26e3c4130da815051a18dfcf6d782fdd70eae71f42bd531cf0d760780ab54621,9d00f0d0bccf1adc
block-12-256k,block-12-256k-10,silesia-blocks,xml,data/silesia/xml,5345280,0e82e54e695c1938e4193448022543845b33020c8be6bf3bf3ead2224903e08c,262144,2359296,262144,544c7821af28fa5d65b26ef6feac7e214b6492cc1dc4aa56b5b95a2f7a1b81ab,68a8dea34870eda8
block-12-256k,block-12-256k-11,silesia-blocks,xml,data/silesia/xml,5345280,0e82e54e695c1938e4193448022543845b33020c8be6bf3bf3ead2224903e08c,262144,2621440,262144,22f44108a0f8c0ed65e075b02efe336e7abfc8617cf02ebbee0d400d6a7e07ca,f15dfcbb05484e9d
block-12-256k,block-12-256k-12,silesia-blocks,xml,data/silesia/xml,5345280,0e82e54e695c1938e4193448022543845b33020c8be6bf3bf3ead2224903e08c,262144,2883584,262144,abf0025a86c18d5abeea39ab838a6cf52b92157d3e37367cf9d1b62085f4005c,77aac04a5e01a2cd
block-12-256k,block-12-256k-13,silesia-blocks,xml,data/silesia/xml,5345280,0e82e54e695c1938e4193448022543845b33020c8be6bf3bf3ead2224903e08c,262144,3145728,262144,de3ea2519539a4534e209a3c57ab20c59706f4c6f586fccd27972485476cd15b,8a8d062da1ff115d
block-12-256k,block-12-256k-14,silesia-blocks,xml,data/silesia/xml,5345280,0e82e54e695c1938e4193448022543845b33020c8be6bf3bf3ead2224903e08c,262144,3407872,262144,3c82409acb90ca996a523b6a274b7b69db2e5dda676db294448c13d179f456ff,a7337a7d621f9b89
block-12-256k,block-12-256k-15,silesia-blocks,xml,data/silesia/xml,5345280,0e82e54e695c1938e4193448022543845b33020c8be6bf3bf3ead2224903e08c,262144,3670016,262144,976f43fe426f5b82d2d597fa209bea6990a78c91500f918e0ffdecfae38eeb9c,018a86232431d53e
block-12-256k,block-12-256k-16,silesia-blocks,xml,data/silesia/xml,5345280,0e82e54e695c1938e4193448022543845b33020c8be6bf3bf3ead2224903e08c,262144,3932160,262144,c33cc4ba3cc9eeadd098504b1877e4a354b8198e4a9ab7e8e8c40051fe0f922d,caf5881c1f727649
block-12-256k,block-12-256k-17,silesia-blocks,xml,data/silesia/xml,5345280,0e82e54e695c1938e4193448022543845b33020c8be6bf3bf3ead2224903e08c,262144,4194304,262144,7862108cc9d1fb4b1eed843c4333975e63dc475c0ef6b7914079b50b8e84af95,a9494f511eb03758
block-12-256k,block-12-256k-18,silesia-blocks,xml,data/silesia/xml,5345280,0e82e54e695c1938e4193448022543845b33020c8be6bf3bf3ead2224903e08c,262144,4456448,262144,d9e4404d07190fdc1426060f43ae86a5d0b8999618aafa599aa012c7b31c71c4,680dddf24a0f994c
block-12-256k,block-12-256k-19,silesia-blocks,xml,data/silesia/xml,5345280,0e82e54e695c1938e4193448022543845b33020c8be6bf3bf3ead2224903e08c,262144,4718592,262144,c9011a898f3af5d13005045870a950f651be29fabe9b46ad827457051b3976f5,3e263cc9e07abaa6
block-12-256k,block-12-256k-20,silesia-blocks,xml,data/silesia/xml,5345280,0e82e54e695c1938e4193448022543845b33020c8be6bf3bf3ead2224903e08c,262144,5242880,102400,1345f2f40b18b9c1e095e6dfe81092773046ac2dc58bb4f6e769ac1b4e96d0f4,2e2c210f5a58bc18
